--
-- adminQL database dump
--

-- Dumped from database version 12.4
-- Dumped by pg_dump version 12.4

SET statement_timeout = 0;
SET lock_timeout = 0;
SET idle_in_transaction_session_timeout = 0;
SET client_encoding = 'UTF8';
SET standard_conforming_strings = on;
SELECT pg_catalog.set_config('search_path', '', false);
SET check_function_bodies = false;
SET xmloption = content;
SET client_min_messages = warning;
SET row_security = off;

--
-- Name: age_range; Type: TYPE; Schema: public; Owner: admin
--

CREATE TYPE public.age_range AS ENUM (
    'ten',
    'twenty',
    'thirty',
    'forty',
    'fifty',
    'sixty',
    'seventy',
    'na'
);


ALTER TYPE public.age_range OWNER TO admin;

--
-- Name: hour; Type: TYPE; Schema: public; Owner: admin
--

CREATE TYPE public.hour AS ENUM (
    'zero',
    'two',
    'four',
    'six',
    'eight',
    'ten',
    'twelve',
    'fourteen',
    'sixteen',
    'eighteen',
    'twenty',
    'twentytwo',
    'na'
);


ALTER TYPE public.hour OWNER TO admin;

SET default_tablespace = '';

SET default_table_access_method = heap;

--
-- Name: accident; Type: TABLE; Schema: public; Owner: admin
--

CREATE TABLE public.accident (
    id integer NOT NULL,
    date date,
    hour public.hour,
    x double precision,
    y double precision,
    accident_type_id integer,
    cause_id integer,
    route_id integer,
    place_id integer NOT NULL,
    car_id integer NOT NULL,
    detail_id integer NOT NULL,
    affected_id integer NOT NULL
);


ALTER TABLE public.accident OWNER TO admin;

--
-- Name: accident_id_seq; Type: SEQUENCE; Schema: public; Owner: admin
--

CREATE SEQUENCE public.accident_id_seq
    AS integer
    START WITH 1
    INCREMENT BY 1
    NO MINVALUE
    NO MAXVALUE
    CACHE 1;


ALTER TABLE public.accident_id_seq OWNER TO admin;

--
-- Name: accident_id_seq; Type: SEQUENCE OWNED BY; Schema: public; Owner: admin
--

ALTER SEQUENCE public.accident_id_seq OWNED BY public.accident.id;


--
-- Name: accident_type; Type: TABLE; Schema: public; Owner: admin
--

CREATE TABLE public.accident_type (
    id integer NOT NULL,
    name character varying(40) NOT NULL
);


ALTER TABLE public.accident_type OWNER TO admin;

--
-- Name: accident_type_id_seq; Type: SEQUENCE; Schema: public; Owner: admin
--

CREATE SEQUENCE public.accident_type_id_seq
    AS integer
    START WITH 1
    INCREMENT BY 1
    NO MINVALUE
    NO MAXVALUE
    CACHE 1;


ALTER TABLE public.accident_type_id_seq OWNER TO admin;

--
-- Name: accident_type_id_seq; Type: SEQUENCE OWNED BY; Schema: public; Owner: admin
--

ALTER SEQUENCE public.accident_type_id_seq OWNED BY public.accident_type.id;


--
-- Name: affected; Type: TABLE; Schema: public; Owner: admin
--

CREATE TABLE public.affected (
    id integer NOT NULL,
    gender boolean,
    age_range public.age_range
);


ALTER TABLE public.affected OWNER TO admin;

--
-- Name: affected_id_seq; Type: SEQUENCE; Schema: public; Owner: admin
--

CREATE SEQUENCE public.affected_id_seq
    AS integer
    START WITH 1
    INCREMENT BY 1
    NO MINVALUE
    NO MAXVALUE
    CACHE 1;


ALTER TABLE public.affected_id_seq OWNER TO admin;

--
-- Name: affected_id_seq; Type: SEQUENCE OWNED BY; Schema: public; Owner: admin
--

ALTER SEQUENCE public.affected_id_seq OWNED BY public.affected.id;


--
-- Name: alembic_version; Type: TABLE; Schema: public; Owner: admin
--

CREATE TABLE public.alembic_version (
    version_num character varying(32) NOT NULL
);


ALTER TABLE public.alembic_version OWNER TO admin;

--
-- Name: brand; Type: TABLE; Schema: public; Owner: admin
--

CREATE TABLE public.brand (
    id integer NOT NULL,
    name character varying(25) NOT NULL
);


ALTER TABLE public.brand OWNER TO admin;

--
-- Name: brand_id_seq; Type: SEQUENCE; Schema: public; Owner: admin
--

CREATE SEQUENCE public.brand_id_seq
    AS integer
    START WITH 1
    INCREMENT BY 1
    NO MINVALUE
    NO MAXVALUE
    CACHE 1;


ALTER TABLE public.brand_id_seq OWNER TO admin;

--
-- Name: brand_id_seq; Type: SEQUENCE OWNED BY; Schema: public; Owner: admin
--

ALTER SEQUENCE public.brand_id_seq OWNED BY public.brand.id;


--
-- Name: car; Type: TABLE; Schema: public; Owner: admin
--

CREATE TABLE public.car (
    id integer NOT NULL,
    model character varying(10),
    brand_id integer,
    subbrand_id integer,
    car_type_id integer
);


ALTER TABLE public.car OWNER TO admin;

--
-- Name: car_id_seq; Type: SEQUENCE; Schema: public; Owner: admin
--

CREATE SEQUENCE public.car_id_seq
    AS integer
    START WITH 1
    INCREMENT BY 1
    NO MINVALUE
    NO MAXVALUE
    CACHE 1;


ALTER TABLE public.car_id_seq OWNER TO admin;

--
-- Name: car_id_seq; Type: SEQUENCE OWNED BY; Schema: public; Owner: admin
--

ALTER SEQUENCE public.car_id_seq OWNED BY public.car.id;


--
-- Name: car_type; Type: TABLE; Schema: public; Owner: admin
--

CREATE TABLE public.car_type (
    id integer NOT NULL,
    name character varying(35) NOT NULL
);


ALTER TABLE public.car_type OWNER TO admin;

--
-- Name: car_type_id_seq; Type: SEQUENCE; Schema: public; Owner: admin
--

CREATE SEQUENCE public.car_type_id_seq
    AS integer
    START WITH 1
    INCREMENT BY 1
    NO MINVALUE
    NO MAXVALUE
    CACHE 1;


ALTER TABLE public.car_type_id_seq OWNER TO admin;

--
-- Name: car_type_id_seq; Type: SEQUENCE OWNED BY; Schema: public; Owner: admin
--

ALTER SEQUENCE public.car_type_id_seq OWNED BY public.car_type.id;


--
-- Name: cause; Type: TABLE; Schema: public; Owner: admin
--

CREATE TABLE public.cause (
    id integer NOT NULL,
    name character varying(60) NOT NULL
);


ALTER TABLE public.cause OWNER TO admin;

--
-- Name: cause_id_seq; Type: SEQUENCE; Schema: public; Owner: admin
--

CREATE SEQUENCE public.cause_id_seq
    AS integer
    START WITH 1
    INCREMENT BY 1
    NO MINVALUE
    NO MAXVALUE
    CACHE 1;


ALTER TABLE public.cause_id_seq OWNER TO admin;

--
-- Name: cause_id_seq; Type: SEQUENCE OWNED BY; Schema: public; Owner: admin
--

ALTER SEQUENCE public.cause_id_seq OWNED BY public.cause.id;


--
-- Name: detail; Type: TABLE; Schema: public; Owner: admin
--

CREATE TABLE public.detail (
    id integer NOT NULL,
    belt smallint,
    alcohol boolean,
    amount integer,
    injured character varying(10),
    consec integer,
    conse_g integer,
    conse_m integer,
    conse_sem integer NOT NULL,
    _merge character varying(15)
);


ALTER TABLE public.detail OWNER TO admin;

--
-- Name: detail_id_seq; Type: SEQUENCE; Schema: public; Owner: admin
--

CREATE SEQUENCE public.detail_id_seq
    AS integer
    START WITH 1
    INCREMENT BY 1
    NO MINVALUE
    NO MAXVALUE
    CACHE 1;


ALTER TABLE public.detail_id_seq OWNER TO admin;

--
-- Name: detail_id_seq; Type: SEQUENCE OWNED BY; Schema: public; Owner: admin
--

ALTER SEQUENCE public.detail_id_seq OWNED BY public.detail.id;


--
-- Name: municipality; Type: TABLE; Schema: public; Owner: admin
--

CREATE TABLE public.municipality (
    id integer NOT NULL,
    name character varying(20) NOT NULL
);


ALTER TABLE public.municipality OWNER TO admin;

--
-- Name: municipality_id_seq; Type: SEQUENCE; Schema: public; Owner: admin
--

CREATE SEQUENCE public.municipality_id_seq
    AS integer
    START WITH 1
    INCREMENT BY 1
    NO MINVALUE
    NO MAXVALUE
    CACHE 1;


ALTER TABLE public.municipality_id_seq OWNER TO admin;

--
-- Name: municipality_id_seq; Type: SEQUENCE OWNED BY; Schema: public; Owner: admin
--

ALTER SEQUENCE public.municipality_id_seq OWNED BY public.municipality.id;


--
-- Name: neighborhood; Type: TABLE; Schema: public; Owner: admin
--

CREATE TABLE public.neighborhood (
    id integer NOT NULL,
    name character varying(60) NOT NULL
);


ALTER TABLE public.neighborhood OWNER TO admin;

--
-- Name: neighborhood_id_seq; Type: SEQUENCE; Schema: public; Owner: admin
--

CREATE SEQUENCE public.neighborhood_id_seq
    AS integer
    START WITH 1
    INCREMENT BY 1
    NO MINVALUE
    NO MAXVALUE
    CACHE 1;


ALTER TABLE public.neighborhood_id_seq OWNER TO admin;

--
-- Name: neighborhood_id_seq; Type: SEQUENCE OWNED BY; Schema: public; Owner: admin
--

ALTER SEQUENCE public.neighborhood_id_seq OWNED BY public.neighborhood.id;


--
-- Name: place; Type: TABLE; Schema: public; Owner: admin
--

CREATE TABLE public.place (
    id integer NOT NULL,
    municipality_id integer NOT NULL,
    intersection_a_id integer,
    intersection_b_id integer,
    street_id integer NOT NULL,
    neighborhood_id integer
);


ALTER TABLE public.place OWNER TO admin;

--
-- Name: place_id_seq; Type: SEQUENCE; Schema: public; Owner: admin
--

CREATE SEQUENCE public.place_id_seq
    AS integer
    START WITH 1
    INCREMENT BY 1
    NO MINVALUE
    NO MAXVALUE
    CACHE 1;


ALTER TABLE public.place_id_seq OWNER TO admin;

--
-- Name: place_id_seq; Type: SEQUENCE OWNED BY; Schema: public; Owner: admin
--

ALTER SEQUENCE public.place_id_seq OWNED BY public.place.id;


--
-- Name: route; Type: TABLE; Schema: public; Owner: admin
--

CREATE TABLE public.route (
    id integer NOT NULL,
    name character varying(15) NOT NULL
);


ALTER TABLE public.route OWNER TO admin;

--
-- Name: route_id_seq; Type: SEQUENCE; Schema: public; Owner: admin
--

CREATE SEQUENCE public.route_id_seq
    AS integer
    START WITH 1
    INCREMENT BY 1
    NO MINVALUE
    NO MAXVALUE
    CACHE 1;


ALTER TABLE public.route_id_seq OWNER TO admin;

--
-- Name: route_id_seq; Type: SEQUENCE OWNED BY; Schema: public; Owner: admin
--

ALTER SEQUENCE public.route_id_seq OWNED BY public.route.id;


--
-- Name: street; Type: TABLE; Schema: public; Owner: admin
--

CREATE TABLE public.street (
    id integer NOT NULL,
    name character varying(75) NOT NULL
);


ALTER TABLE public.street OWNER TO admin;

--
-- Name: street_id_seq; Type: SEQUENCE; Schema: public; Owner: admin
--

CREATE SEQUENCE public.street_id_seq
    AS integer
    START WITH 1
    INCREMENT BY 1
    NO MINVALUE
    NO MAXVALUE
    CACHE 1;


ALTER TABLE public.street_id_seq OWNER TO admin;

--
-- Name: street_id_seq; Type: SEQUENCE OWNED BY; Schema: public; Owner: admin
--

ALTER SEQUENCE public.street_id_seq OWNED BY public.street.id;


--
-- Name: subbrand; Type: TABLE; Schema: public; Owner: admin
--

CREATE TABLE public.subbrand (
    id integer NOT NULL,
    name character varying(30) NOT NULL
);


ALTER TABLE public.subbrand OWNER TO admin;

--
-- Name: subbrand_id_seq; Type: SEQUENCE; Schema: public; Owner: admin
--

CREATE SEQUENCE public.subbrand_id_seq
    AS integer
    START WITH 1
    INCREMENT BY 1
    NO MINVALUE
    NO MAXVALUE
    CACHE 1;


ALTER TABLE public.subbrand_id_seq OWNER TO admin;

--
-- Name: subbrand_id_seq; Type: SEQUENCE OWNED BY; Schema: public; Owner: admin
--

ALTER SEQUENCE public.subbrand_id_seq OWNED BY public.subbrand.id;


--
-- Name: accident id; Type: DEFAULT; Schema: public; Owner: admin
--

ALTER TABLE ONLY public.accident ALTER COLUMN id SET DEFAULT nextval('public.accident_id_seq'::regclass);


--
-- Name: accident_type id; Type: DEFAULT; Schema: public; Owner: admin
--

ALTER TABLE ONLY public.accident_type ALTER COLUMN id SET DEFAULT nextval('public.accident_type_id_seq'::regclass);


--
-- Name: affected id; Type: DEFAULT; Schema: public; Owner: admin
--

ALTER TABLE ONLY public.affected ALTER COLUMN id SET DEFAULT nextval('public.affected_id_seq'::regclass);


--
-- Name: brand id; Type: DEFAULT; Schema: public; Owner: admin
--

ALTER TABLE ONLY public.brand ALTER COLUMN id SET DEFAULT nextval('public.brand_id_seq'::regclass);


--
-- Name: car id; Type: DEFAULT; Schema: public; Owner: admin
--

ALTER TABLE ONLY public.car ALTER COLUMN id SET DEFAULT nextval('public.car_id_seq'::regclass);


--
-- Name: car_type id; Type: DEFAULT; Schema: public; Owner: admin
--

ALTER TABLE ONLY public.car_type ALTER COLUMN id SET DEFAULT nextval('public.car_type_id_seq'::regclass);


--
-- Name: cause id; Type: DEFAULT; Schema: public; Owner: admin
--

ALTER TABLE ONLY public.cause ALTER COLUMN id SET DEFAULT nextval('public.cause_id_seq'::regclass);


--
-- Name: detail id; Type: DEFAULT; Schema: public; Owner: admin
--

ALTER TABLE ONLY public.detail ALTER COLUMN id SET DEFAULT nextval('public.detail_id_seq'::regclass);


--
-- Name: municipality id; Type: DEFAULT; Schema: public; Owner: admin
--

ALTER TABLE ONLY public.municipality ALTER COLUMN id SET DEFAULT nextval('public.municipality_id_seq'::regclass);


--
-- Name: neighborhood id; Type: DEFAULT; Schema: public; Owner: admin
--

ALTER TABLE ONLY public.neighborhood ALTER COLUMN id SET DEFAULT nextval('public.neighborhood_id_seq'::regclass);


--
-- Name: place id; Type: DEFAULT; Schema: public; Owner: admin
--

ALTER TABLE ONLY public.place ALTER COLUMN id SET DEFAULT nextval('public.place_id_seq'::regclass);


--
-- Name: route id; Type: DEFAULT; Schema: public; Owner: admin
--

ALTER TABLE ONLY public.route ALTER COLUMN id SET DEFAULT nextval('public.route_id_seq'::regclass);


--
-- Name: street id; Type: DEFAULT; Schema: public; Owner: admin
--

ALTER TABLE ONLY public.street ALTER COLUMN id SET DEFAULT nextval('public.street_id_seq'::regclass);


--
-- Name: subbrand id; Type: DEFAULT; Schema: public; Owner: admin
--

ALTER TABLE ONLY public.subbrand ALTER COLUMN id SET DEFAULT nextval('public.subbrand_id_seq'::regclass);


--
-- Data for Name: accident; Type: TABLE DATA; Schema: public; Owner: admin
--

COPY public.accident (id, date, hour, x, y, accident_type_id, cause_id, route_id, place_id, car_id, detail_id, affected_id) FROM stdin;
1	2019-03-27	eight	658522.2634	2299980.7630000003	1	1	1	1	1	1	1
2	2019-06-26	sixteen	663133.7456	2295424.226	1	2	\N	1	2	2	2
3	2019-04-29	eighteen	668030.014	2292765.161	1	2	\N	1	3	3	3
4	2019-01-16	six	668824.8656	2294025.5319999997	1	2	\N	1	4	4	4
5	2019-04-08	na	663919.0101	2280296.057	2	3	\N	1	5	5	5
6	2019-04-04	eighteen	663752.4841	2280044.3230000003	1	2	\N	1	6	6	6
7	2019-04-28	zero	663601.0701	2280700.115	1	2	\N	5	7	7	7
8	2019-04-30	eighteen	663190.2717	2280641.385	1	2	\N	1	8	8	8
9	2019-04-02	twenty	663409.4888	2279427.555	1	2	\N	1	9	9	9
10	2019-06-11	eighteen	663695.9302	2279244.0840000003	1	2	\N	1	10	10	10
11	2019-04-22	fourteen	663996.3103	2279044.318	1	2	\N	1	11	11	11
12	2019-04-27	four	662618.0716	2296761.714	1	2	\N	1	12	12	12
13	2019-06-13	two	666652.009	2297747.818	1	2	\N	1	13	13	13
14	2019-04-03	twenty	666971.9082	2294814.287	1	2	\N	1	14	14	14
15	2019-04-10	zero	667898.9379	2294224.245	1	2	\N	1	15	15	15
16	2019-04-20	ten	667496.7218	2294535.835	1	2	\N	13	16	16	16
17	2019-04-24	sixteen	667180.5982	2294771.665	1	2	\N	13	17	17	17
18	2019-06-09	eighteen	667492.7981	2294561.335	1	2	\N	13	18	18	18
19	2019-06-14	eight	667899.7916	2294230.6380000003	1	2	\N	14	19	19	19
20	2019-06-18	eighteen	667217.793	2294444.587	1	2	\N	1	20	20	20
21	2019-01-15	ten	661230.6063	2293167.596	1	1	\N	1	21	21	21
22	2019-04-05	eight	669124.7489	2291214.0930000003	1	2	\N	1	22	22	22
23	2019-06-02	zero	668148.5193	2291359.381	1	2	\N	1	23	23	23
24	2019-06-14	twelve	660691.4175	2298211.234	1	2	\N	1	24	24	24
25	2019-06-22	eighteen	664954.8883	2295777.329	1	2	\N	1	25	25	25
26	2019-01-22	eighteen	664950.2989	2282026.716	1	1	\N	1	26	26	26
27	2019-03-01	sixteen	663677.1694	2282202.7819999997	1	2	\N	1	27	27	27
28	2019-06-05	sixteen	665149.2889	2282352.417	1	2	\N	1	28	28	28
29	2019-06-11	sixteen	664735.6041	2281837.149	1	2	\N	1	29	29	29
30	2019-06-24	four	664372.1020000001	2282056.423	1	2	\N	1	30	30	30
31	2019-06-14	four	663185.7021	2285188.074	1	2	\N	1	31	31	31
32	2019-06-20	twelve	663286.5932	2285353.096	1	2	2	1	32	32	32
33	2019-01-18	eight	666211.1959	2294010.554	1	4	3	1	33	33	33
34	2019-01-31	two	665376.3515	2294554.234	3	1	\N	1	34	34	34
35	2019-02-26	eighteen	665785.9544	2294301.1	4	2	\N	1	35	35	35
36	2019-04-05	eight	665525.2524	2294153.556	1	2	\N	1	36	36	36
37	2019-04-11	eight	665704.6689	2294181.21	1	2	\N	1	37	37	37
38	2019-04-18	sixteen	665612.8852	2294510.8219999997	1	2	\N	1	38	38	38
39	2019-04-20	fourteen	666215.0772	2294010.5919999997	1	2	\N	28	39	39	39
40	2019-04-26	zero	666214.339	2294006.726	1	2	\N	28	40	40	40
41	2019-04-27	sixteen	665408.9184	2294596.839	1	2	\N	33	41	41	41
42	2019-04-27	two	666210.7734	2294014.022	1	2	\N	28	42	42	42
43	2019-04-27	eight	665788.3165	2294302.369	1	2	\N	33	43	43	43
44	2019-05-02	eight	665758.795	2294265.0330000003	4	2	\N	32	44	44	44
45	2019-06-13	twelve	666089.6628	2294132.071	1	1	4	33	45	45	45
46	2019-06-01	twelve	665410.4974	2294592.317	1	2	\N	33	46	46	46
47	2019-06-20	eight	666059.3882	2294171.134	1	2	\N	30	47	47	47
48	2019-06-26	twelve	665597.8319	2294449.45	1	2	\N	33	48	48	48
49	2019-06-29	ten	665799.264	2294294.373	1	2	\N	33	49	49	49
50	2019-06-14	twelve	666206.9111	2294012.055	1	2	\N	28	50	50	50
51	2019-04-03	sixteen	667838.5547	2286700.259	2	2	\N	1	51	51	51
52	2019-06-18	eighteen	665800.7823	2294297.861	1	2	\N	1	52	52	52
53	2019-06-14	eight	666278.5614	2293949.86	1	2	\N	1	53	53	53
54	2019-04-16	eighteen	660392.4651	2282403.973	1	2	\N	1	54	54	54
55	2019-05-07	twentytwo	660848.7358	2282459.272	1	1	5	1	55	55	55
56	2019-05-01	twelve	NaN	NaN	1	1	\N	1	56	56	56
57	2019-06-01	two	660411.3245	2282217.253	2	2	\N	1	57	57	57
58	2019-06-26	zero	659578.6306	2282535.299	2	2	\N	1	58	58	58
59	2019-06-09	twentytwo	660381.1483	2281629.999	1	2	\N	40	59	59	59
60	2019-06-27	four	661887.6542	2294826.2630000003	2	2	\N	1	60	60	60
61	2019-06-24	eighteen	671961.7197	2294392.062	1	2	\N	1	61	61	61
62	2019-06-29	twenty	671668.2105	2294434.6040000003	2	2	\N	1	62	62	62
63	2019-01-26	eight	672162.4316	2294693.5730000003	1	1	\N	1	63	63	63
64	2019-03-17	twentytwo	672663.704	2294187.767	3	2	\N	1	64	64	64
65	2019-04-06	ten	671879.4029999999	2294128.0319999997	2	2	\N	1	65	65	65
66	2019-04-21	fourteen	671960.6263	2294385.1040000003	1	2	\N	47	66	66	66
67	2019-04-24	eighteen	671938.1573	2294304.606	1	2	\N	47	67	67	67
68	2019-06-11	eighteen	671940.4783	2294305.402	1	2	\N	47	68	68	68
69	2019-06-15	fourteen	672161.7184	2294687.391	1	2	\N	45	69	69	69
70	2019-06-29	twenty	671714.915	2294408.26	2	2	\N	1	70	70	70
71	2019-04-18	fourteen	671341.2204	2291532.799	1	2	\N	1	71	71	71
72	2019-04-23	ten	671165.7176	2292069.82	1	2	\N	1	72	72	72
73	2019-06-02	ten	671775.7711	2291941.711	1	2	\N	1	73	73	73
74	2019-03-26	eight	671352.8822	2291531.374	4	2	6	1	74	74	74
75	2019-06-03	sixteen	671352.8979	2291529.83	1	2	\N	52	75	75	75
76	2019-06-17	four	671441.1238	2291864.201	1	2	\N	52	76	76	76
77	2019-04-05	fourteen	671452.7612	2291941.511	1	2	\N	1	77	77	77
78	2019-04-27	eighteen	671612.0741	2293224.471	1	2	2	1	78	78	78
79	2019-06-03	twenty	672019.8806	2293129.83	1	2	\N	1	79	79	79
80	2019-01-01	sixteen	672317.2949	2293960.293	1	1	\N	1	80	80	80
81	2019-04-19	twentytwo	672627.0985	2293730.37	1	2	\N	1	81	81	81
82	2019-04-24	sixteen	672184.9418	2293540.602	1	2	\N	1	82	82	82
83	2019-06-03	twelve	672456.6184	2292915.378	1	2	\N	1	83	83	83
84	2019-06-25	eight	672469.6821	2292912.273	1	2	\N	59	84	84	84
85	2019-06-27	fourteen	672454.7504	2293257.059	1	2	\N	57	85	85	85
86	2019-06-27	sixteen	672461.538	2292912.19	1	2	\N	59	86	86	86
87	2019-06-22	fourteen	671648.3690000001	2293261.78	1	2	\N	1	87	87	87
88	2019-04-05	eight	672270.8099	2291650.264	1	2	\N	1	88	88	88
89	2019-04-27	ten	662771.5012	2278379.431	1	2	\N	1	89	89	89
90	2019-04-08	four	NaN	NaN	5	1	\N	1	90	90	90
91	2019-06-12	twelve	668317.7854	2293413.134	1	2	\N	1	91	91	91
92	2019-06-26	six	668215.0215	2293497.696	2	2	\N	1	92	92	92
93	2019-05-31	sixteen	672272.7940000001	2291829.33	1	5	\N	1	93	93	93
94	2019-04-14	two	666218.8054	2294005.246	1	2	\N	1	94	94	94
95	2019-06-02	two	667625.8206	2292987.831	1	2	\N	67	95	95	95
96	2019-04-05	ten	666628.3620000001	2293733.0209999997	1	2	\N	1	96	96	96
97	2019-06-01	eighteen	666627.3315	2294236.76	1	2	\N	1	97	97	97
98	2019-06-03	eighteen	666551.8059	2293784.455	1	2	\N	68	98	98	98
99	2019-06-17	fourteen	666628.3217	2294233.164	1	2	2	69	99	99	99
100	2019-06-17	fourteen	666632.8735	2294236.246	2	2	\N	69	100	100	100
101	2019-06-16	twelve	668534.5219	2295532.16	1	2	\N	1	101	101	101
102	2019-01-31	twenty	668229.3354	2295657.4080000003	1	4	7	1	102	102	102
103	2019-06-14	fourteen	667901.8698	2294226.832	1	2	2	1	103	103	103
104	2019-01-03	twelve	668861.9878	2295432.193	1	5	\N	1	104	104	104
105	2019-04-03	ten	668861.2395	2295430.667	1	2	\N	73	105	105	105
106	2019-04-16	fourteen	668228.9536	2295657.404	1	2	\N	73	106	106	106
107	2019-06-18	six	669134.5323	2295630.419	1	2	\N	1	107	107	107
108	2019-06-15	eighteen	663919.0901	2280293.873	1	2	\N	1	108	108	108
109	2019-04-06	two	663127.6229	2278983.831	1	2	\N	1	109	109	109
110	2019-05-15	six	663117.0249	2278973.09	4	2	\N	76	110	110	110
111	2019-06-22	fourteen	663124.6387	2278976.203	1	2	\N	76	111	111	111
112	2019-04-29	eight	664000.8071	2282432.7180000003	1	2	\N	1	112	112	112
113	2019-06-02	sixteen	663653.2388	2287563.855	1	1	\N	1	113	113	113
114	2019-04-05	twelve	665055.7716	2287147.754	1	2	\N	1	114	114	114
115	2019-04-27	sixteen	665931.9821	2286702.1459999997	1	2	\N	79	115	115	115
116	2019-04-27	sixteen	665328.3393	2286289.7830000003	1	2	2	1	116	116	116
117	2019-06-28	ten	665568.8409	2286826.292	1	2	\N	79	117	117	117
118	2019-06-28	eighteen	664851.4922	2287305.6659999997	2	2	\N	79	118	118	118
119	2019-04-08	ten	670647.0856	2293553.05	1	2	\N	1	119	119	119
120	2019-06-24	twelve	668864.6892	2288392.446	1	2	\N	1	120	120	120
121	2019-04-02	ten	662183.7486	2288098.226	1	2	\N	1	121	121	121
122	2019-05-31	sixteen	660905.1915	2289235.205	1	1	\N	1	122	122	122
123	2019-04-18	twentytwo	660210.8933	2279992.8140000002	1	2	\N	1	123	123	123
124	2019-05-28	twelve	668230.306	2295661.613	1	2	\N	1	124	124	124
125	2019-01-29	ten	667487.2652	2292193.397	1	1	\N	1	125	125	125
126	2019-04-04	twelve	667604.5667	2292915.798	1	2	\N	1	126	126	126
127	2019-04-24	eight	666555.1936	2292514.68	1	2	\N	87	127	127	127
128	2019-04-30	eight	NaN	NaN	1	2	\N	1	128	128	128
129	2019-05-10	twelve	667117.6185	2292241.116	1	1	8	87	129	129	129
130	2019-06-09	two	667313.7235	2292205.357	1	2	\N	87	130	130	130
131	2019-04-03	fourteen	666744.2171	2285423.954	1	2	\N	1	131	131	131
132	2019-04-27	ten	666811.366	2285836.171	1	2	\N	1	132	132	132
133	2019-04-30	twentytwo	665774.5717	2285905.328	1	2	\N	1	133	133	133
134	2019-06-15	eighteen	666256.327	2286095.214	1	2	2	1	134	134	134
135	2019-06-19	ten	664209.4986	2285578.867	1	2	\N	92	135	135	135
136	2019-06-25	two	666351.4029999999	2285976.3419999997	2	2	\N	92	136	136	136
137	2019-06-08	zero	659766.7889	2280698.2569999998	1	2	\N	1	137	137	137
138	2019-04-04	eighteen	666080.9252	2283874.598	1	5	9	1	138	138	138
139	2019-04-01	fourteen	666083.0497	2283872.234	1	2	\N	95	139	139	139
140	2019-04-08	twentytwo	666087.1706	2283876.215	1	2	\N	95	140	140	140
141	2019-04-16	two	666080.971	2283869.93	2	2	\N	95	141	141	141
142	2019-04-26	four	666077.8407	2283869.899	1	2	\N	95	142	142	142
143	2019-05-03	sixteen	666386.0842	2284359.988	1	1	10	95	143	143	143
144	2019-06-16	six	665997.3868	2284731.182	1	2	\N	1	144	144	144
145	2019-06-16	twenty	665658.7327	2284309.281	1	2	\N	1	145	145	145
146	2019-06-18	eighteen	666618.5095	2284759.0730000003	1	2	\N	95	146	146	146
147	2019-06-29	two	665864.6796	2283738.65	1	2	\N	1	147	147	147
148	2019-05-30	six	666084.1166	2283868.404	2	2	\N	95	148	148	148
149	2019-06-28	sixteen	666066.8846	2283869.7909999997	1	2	\N	95	149	149	149
150	2019-04-14	two	662188.197	2288100.024	4	2	\N	1	150	150	150
151	2019-04-07	ten	661659.7648	2288538.329	1	2	\N	1	151	151	151
152	2019-04-09	eight	660909.7085	2287687.1980000003	2	2	\N	1	152	152	152
153	2019-04-09	ten	662186.595	2288103.898	1	2	\N	99	153	153	153
154	2019-04-13	twentytwo	662559.4489	2287817.339	1	2	\N	1	154	154	154
155	2019-04-22	eight	660909.6789	2287690.309	1	2	\N	101	155	155	155
156	2019-06-14	fourteen	661734.093	2287884.87	1	2	\N	1	156	156	156
157	2019-06-18	eighteen	660910.5057	2287685.65	1	2	\N	101	157	157	157
158	2019-06-20	sixteen	660906.0322	2287908.8540000003	1	2	\N	101	158	158	158
159	2019-06-30	sixteen	661202.4018	2286369.114	1	2	\N	101	159	159	159
160	2019-01-15	two	661048.8778	2292534.7430000002	2	2	\N	1	160	160	160
161	2019-01-02	twenty	666213.5217	2294014.1780000003	1	2	\N	1	161	161	161
162	2019-01-18	eight	666218.2374	2294011.892	1	2	\N	105	162	162	162
163	2019-01-18	eight	666212.7703	2294011.06	1	2	\N	105	163	163	163
164	2019-01-18	eight	666223.7889	2294004.171	1	2	\N	105	164	164	164
165	2019-01-19	four	666223.7582	2294007.281	1	2	\N	105	165	165	165
166	2019-01-25	sixteen	666208.9365	2294003.247	1	2	\N	105	166	166	166
167	2019-01-25	sixteen	666219.8937	2294002.577	1	2	\N	105	167	167	167
168	2019-01-29	eighteen	666221.4042	2294008.035	1	2	\N	105	168	168	168
169	2019-01-29	eighteen	666225.3685	2294002.631	1	2	\N	105	169	169	169
170	2019-03-14	sixteen	668931.4602	2293017.851	1	2	\N	1	170	170	170
171	2019-01-18	sixteen	663931.1927	2280294.444	1	2	\N	1	171	171	171
172	2019-01-28	eight	663596.9273	2280700.5519999997	1	2	\N	107	172	172	172
173	2019-01-31	fourteen	663920.1441	2280303.676	1	2	\N	107	173	173	173
174	2019-02-09	sixteen	663756.6389	2280049.952	1	2	\N	1	174	174	174
175	2019-03-25	zero	663574.4069	2280600.725	1	2	\N	1	175	175	175
176	2019-03-26	eighteen	NaN	NaN	1	2	\N	107	176	176	176
177	2019-03-04	eight	662767.541	2278378.062	1	2	\N	1	177	177	177
178	2019-03-18	zero	662769.047	2278384.3030000003	1	2	\N	110	178	178	178
179	2019-05-02	eight	662583.6699	2296161.752	1	2	\N	1	179	179	179
180	2019-05-02	eight	662579.4015	2296159.15	1	2	\N	111	180	180	180
181	2019-03-27	eighteen	667167.2947	2294282.324	1	2	\N	1	181	181	181
182	2019-05-01	eighteen	667174.9979	2294284.962	2	2	\N	1	182	182	182
183	2019-05-15	ten	667174.207	2294278.124	1	2	\N	112	183	183	183
184	2019-05-19	twelve	NaN	NaN	1	2	\N	1	184	184	184
185	2019-05-15	twenty	667428.3767	2294994.871	1	2	\N	1	185	185	185
186	2019-01-15	twenty	667787.2876	2290906.332	1	2	\N	1	186	186	186
187	2019-01-25	fourteen	668445.9721	2291049.25	1	2	\N	116	187	187	187
188	2019-01-26	eighteen	667357.5243	2290982.38	1	2	\N	116	188	188	188
189	2019-01-31	six	667789.8111	2290904.489	1	2	\N	116	189	189	189
190	2019-02-04	four	667789.7987	2290905.734	1	2	\N	116	190	190	190
191	2019-02-07	fourteen	667791.0574	2290905.124	1	2	\N	116	191	191	191
192	2019-03-29	twenty	667290.5578	2291040.864	1	2	\N	116	192	192	192
193	2019-05-09	ten	667291.8226	2291039.631	1	2	\N	116	193	193	193
194	2019-03-29	twentytwo	666652.4629	2297738.752	2	2	\N	1	194	194	194
195	2019-05-17	fourteen	NaN	NaN	1	2	\N	1	195	195	195
196	2019-05-12	two	659878.3646	2293445.466	1	2	\N	1	196	196	196
197	2019-01-18	zero	663340.6767	2285984.491	2	2	\N	1	197	197	197
198	2019-01-03	fourteen	665801.2256	2293654.609	1	2	\N	1	198	198	198
199	2019-01-07	eight	665811.1945	2293659.687	1	2	\N	121	199	199	199
200	2019-01-26	zero	NaN	NaN	1	2	\N	1	200	200	200
201	2019-02-07	sixteen	665804.3551	2294290.836	1	2	2	122	201	201	201
202	2019-02-07	eighteen	665413.1298	2294596.985	1	2	\N	122	202	202	202
203	2019-02-09	eighteen	665979.0055	2294232.175	1	2	\N	122	203	203	203
204	2019-02-12	eight	665791.7474	2294299.4269999997	1	2	\N	122	204	204	204
205	2019-02-13	eight	665792.3612	2294300.6780000003	1	2	\N	1	205	205	205
206	2019-02-13	eight	665874.123	2293740.308	1	2	\N	121	206	206	206
207	2019-02-14	eight	665415.4564	2294603.356	1	2	\N	123	207	207	207
208	2019-02-19	eight	665803.6397	2293668.844	1	2	2	121	208	208	208
209	2019-02-25	fourteen	665416.0833	2294606.6380000003	1	2	\N	122	209	209	209
210	2019-02-25	fourteen	665414.836	2294599.418	1	2	\N	122	210	210	210
211	2019-02-25	fourteen	NaN	NaN	1	2	\N	122	211	211	211
212	2019-03-12	ten	665792.7829	2294303.0330000003	1	2	\N	122	212	212	212
213	2019-03-16	eight	NaN	NaN	1	2	\N	121	213	213	213
214	2019-03-18	sixteen	665758.876	2294399.676	1	2	\N	1	214	214	214
215	2019-03-22	twentytwo	665418.7194	2294606.664	1	2	\N	122	215	215	215
216	2019-03-29	eighteen	665804.7297	2294294.6319999998	1	2	\N	122	216	216	216
217	2019-05-09	twelve	665788.8028	2294305.615	1	2	\N	122	217	217	217
218	2019-05-11	fourteen	666227.2224	2294027.52	1	2	\N	121	218	218	218
219	2019-05-12	twelve	666234.485	2294026.281	1	2	\N	121	219	219	219
220	2019-05-13	sixteen	666239.7834	2294023.712	1	2	\N	121	220	220	220
221	2019-05-16	eighteen	665985.2398	2294570.9590000003	1	2	\N	1	221	221	221
222	2019-05-19	eighteen	666282.2803	2293992.024	1	2	\N	121	222	222	222
223	2019-05-20	eight	665473.0069	2293911.319	1	2	\N	123	223	223	223
224	2019-05-30	eighteen	666279.6117	2293995.274	1	2	\N	121	224	224	224
225	2019-02-15	eighteen	667936.7375	2286943.667	1	2	\N	1	225	225	225
226	2019-01-26	fourteen	661730.3783	2281956.246	1	2	\N	1	226	226	226
227	2019-01-29	fourteen	660040.5661	2282463.003	1	2	\N	1	227	227	227
228	2019-02-11	twenty	660718.3308	2284053.445	1	2	\N	1	228	228	228
229	2019-03-01	twentytwo	661984.5961	2294964.8430000003	1	2	\N	1	229	229	229
230	2019-03-07	eight	662018.7905	2295105.522	1	2	\N	130	230	230	230
231	2019-03-14	eight	662015.7633	2295103.473	1	2	\N	130	231	231	231
232	2019-01-16	sixteen	672154.4759999999	2294693.163	1	2	\N	1	232	232	232
233	2019-02-20	twenty	672158.5076	2294696.233	1	2	\N	131	233	233	233
234	2019-03-12	ten	671756.2676	2294398.276	2	2	\N	1	234	234	234
235	2019-05-12	ten	671957.6341	2294374.076	1	2	\N	1	235	235	235
236	2019-01-22	sixteen	671506.1394	2292327.529	1	2	2	1	236	236	236
237	2019-01-24	six	671346.5421	2291538.148	1	2	\N	134	237	237	237
238	2019-01-31	sixteen	671459.6326	2292005.897	1	2	\N	134	238	238	238
239	2019-02-08	sixteen	671727.4183	2291747.045	1	2	\N	1	239	239	239
240	2019-02-18	twelve	671362.8773	2291530.234	1	2	\N	134	240	240	240
241	2019-02-19	twenty	671427.0246	2292015.665	1	2	\N	134	241	241	241
242	2019-02-28	ten	671361.7999	2291536.2830000003	1	2	\N	134	242	242	242
243	2019-03-01	ten	NaN	NaN	1	2	\N	134	243	243	243
244	2019-03-08	twelve	671451.5992	2291946.734	1	2	\N	134	244	244	244
245	2019-03-12	ten	671367.7024	2291530.2830000003	1	2	\N	134	245	245	245
246	2019-03-13	twelve	671343.2714	2291535.085	1	2	\N	134	246	246	246
247	2019-03-26	six	671480.2783	2292323.226	1	2	\N	134	247	247	247
248	2019-03-27	zero	670648.8259	2291967.877	1	2	\N	1	248	248	248
249	2019-03-29	ten	671474.1579	2292325.688	1	2	\N	134	249	249	249
250	2019-05-10	eight	671461.0998	2292011.4669999997	1	2	\N	134	250	250	250
251	2019-05-22	fourteen	NaN	NaN	1	2	\N	134	251	251	251
252	2019-01-04	fourteen	671717.1998	2293697.06	1	2	\N	1	252	252	252
253	2019-01-07	zero	672184.3583	2293061.575	1	2	\N	1	253	253	253
254	2019-01-20	fourteen	672235.9942	2293674.586	1	2	\N	1	254	254	254
255	2019-02-12	twenty	671718.1871	2293699.847	1	2	\N	137	255	255	255
256	2019-03-08	twelve	672171.6101	2293464.131	1	2	\N	1	256	256	256
257	2019-03-11	twenty	671715.6582	2293698.812	1	2	\N	137	257	257	257
258	2019-03-21	six	NaN	NaN	1	2	\N	1	258	258	258
259	2019-03-28	fourteen	NaN	NaN	1	2	\N	138	259	259	259
260	2019-05-08	eight	672373.5391	2292864.813	1	2	\N	138	260	260	260
261	2019-05-09	eighteen	672463.4235	2292916.227	1	2	2	138	261	261	261
262	2019-05-10	eighteen	672375.5292	2292868.873	1	2	\N	138	262	262	262
263	2019-05-12	twenty	672467.4762	2292917.279	1	2	\N	138	263	263	263
264	2019-05-14	eight	672368.4552	2292865.266	1	2	\N	138	264	264	264
265	2019-05-22	sixteen	671625.9581	2293217.079	1	2	\N	138	265	265	265
266	2019-05-25	ten	671676.0265	2293514.581	1	2	\N	137	266	266	266
267	2019-05-28	twenty	672221.0262	2293679.884	1	2	\N	139	267	267	267
268	2019-05-30	eighteen	671633.8115	2293216.7	2	2	\N	138	268	268	268
269	2019-05-30	eighteen	671638.9181	2293213.998	1	2	\N	138	269	269	269
270	2019-05-12	two	660952.8281	2284436.562	1	2	\N	1	270	270	270
271	2019-01-27	fourteen	672856.4668	2293669.867	1	2	\N	1	271	271	271
272	2019-02-23	eight	667195.9339	2283389.344	1	2	\N	1	272	272	272
273	2019-01-06	ten	662064.9957	2279001.511	2	2	\N	1	273	273	273
274	2019-02-23	fourteen	662711.3962	2279106.4680000003	1	2	\N	145	274	274	274
275	2019-02-25	ten	663121.1554	2278975.3419999997	1	2	\N	1	275	275	275
276	2019-03-01	twentytwo	663123.039	2278971.685	1	2	\N	146	276	276	276
277	2019-03-03	four	NaN	NaN	1	2	\N	145	277	277	277
278	2019-03-05	zero	663141.4906	2278975.078	1	2	\N	146	278	278	278
279	2019-05-07	eighteen	NaN	NaN	1	2	\N	1	279	279	279
280	2019-05-18	twentytwo	662386.0851	2279153.883	1	2	\N	145	280	280	280
281	2019-01-14	twelve	NaN	NaN	1	2	\N	1	281	281	281
282	2019-01-18	eight	665723.5704	2287112.554	1	2	\N	1	282	282	282
283	2019-01-27	six	665710.6387	2287112.4269999997	1	2	\N	149	283	283	283
284	2019-02-02	zero	665736.5922	2287103.498	1	2	\N	149	284	284	284
285	2019-02-12	twenty	665323.3287	2286287.598	1	2	\N	1	285	285	285
286	2019-02-20	zero	665059.2272	2285768.185	1	2	\N	1	286	286	286
287	2019-03-02	ten	665318.2003	2286969.89	1	2	\N	1	287	287	287
288	2019-03-14	sixteen	665650.3851	2286858.766	1	2	\N	152	288	288	288
289	2019-05-04	six	665770.0021	2285915.4	1	2	\N	151	289	289	289
290	2019-05-18	ten	665654.9686	2286284.848	1	2	\N	149	290	290	290
291	2019-05-21	twentytwo	665661.9233	2286850.081	1	2	\N	152	291	291	291
292	2019-05-23	eight	665320.8181	2286968.363	1	2	\N	152	292	292	292
293	2019-05-30	eight	665663.975	2286853.207	1	2	\N	152	293	293	293
294	2019-03-19	twenty	661976.1762	2299675.894	1	2	\N	1	294	294	294
295	2019-03-13	eight	NaN	NaN	1	2	\N	1	295	295	295
296	2019-03-29	twelve	NaN	NaN	1	2	\N	1	296	296	296
297	2019-05-06	ten	668010.3366	2292853.8959999997	1	2	\N	1	297	297	297
298	2019-01-12	eighteen	667244.7429	2292398.4359999998	1	2	\N	1	298	298	298
299	2019-01-17	twelve	667742.1255	2292954.921	1	2	\N	1	299	299	299
300	2019-02-02	twelve	667742.3528	2292321.601	1	2	\N	1	300	300	300
301	2019-02-08	eight	667740.0838	2292952.251	1	2	\N	158	301	301	301
302	2019-02-13	fourteen	667822.0195	2292208.892	1	2	2	1	302	302	302
303	2019-02-18	sixteen	667842.2418	2292946.098	1	2	\N	158	303	303	303
304	2019-02-20	ten	667284.5861	2292038.915	1	2	\N	1	304	304	304
305	2019-02-20	eighteen	662336.1313	2290847.785	1	2	\N	1	305	305	305
306	2019-02-20	sixteen	662357.0534	2290865.46	1	2	\N	162	306	306	306
307	2019-03-23	two	667837.1291	2292944.251	1	2	\N	158	307	307	307
308	2019-05-07	eighteen	667843.306	2292941.692	1	2	\N	158	308	308	308
309	2019-05-08	eighteen	666946.2086	2292348.807	1	2	\N	1	309	309	309
310	2019-05-17	eight	667845.6523	2292944.336	1	2	\N	158	310	310	310
311	2019-05-17	eight	667839.9466	2292943.711	1	2	\N	158	311	311	311
312	2019-05-19	twelve	667490.3766	2292196.338	1	2	\N	1	312	312	312
313	2019-05-27	ten	667119.5987	2292259.6659999997	1	2	\N	164	313	313	313
314	2019-05-30	twenty	667617.5816	2292960.805	1	2	\N	158	314	314	314
315	2019-02-02	zero	665937.3079	2285503.824	1	2	\N	1	315	315	315
316	2019-03-22	eight	666935.0417	2285272.77	1	2	2	1	316	316	316
317	2019-05-17	eighteen	666963.6228	2285271.9159999997	1	2	\N	166	317	317	317
318	2019-05-18	four	666789.8957	2285040.6890000002	1	2	2	1	318	318	318
319	2019-05-27	sixteen	665934.1025	2285481.069	1	2	\N	165	319	319	319
320	2019-05-15	twentytwo	665384.3349	2285835.847	1	2	\N	1	320	320	320
321	2019-01-03	eight	666116.5983	2283888.724	1	2	\N	1	321	321	321
322	2019-01-14	ten	666544.1519	2284636.043	1	2	\N	169	322	322	322
323	2019-01-29	eighteen	666051.8539999999	2285244.761	1	2	\N	1	323	323	323
324	2019-01-31	eight	666540.7266	2284635.685	1	2	\N	169	324	324	324
325	2019-02-01	eight	665804.7303	2284929.555	1	2	\N	1	325	325	325
326	2019-02-02	four	666119.8342	2283891.759	1	2	\N	169	326	326	326
327	2019-02-05	twentytwo	666122.2912	2283890.971	1	2	\N	169	327	327	327
328	2019-02-06	twentytwo	666123.4958	2283893.012	1	2	\N	169	328	328	328
329	2019-02-12	eight	665976.3771	2285033.0919999997	2	2	\N	1	329	329	329
330	2019-02-12	eight	665722.1778	2283647.616	1	2	\N	1	330	330	330
331	2019-02-12	twelve	666126.365	2283891.8230000003	1	2	\N	169	331	331	331
332	2019-02-13	sixteen	666619.05	2284765.094	1	2	\N	169	332	332	332
333	2019-02-18	ten	666005.06	2283856.95	1	2	\N	173	333	333	333
334	2019-02-19	twentytwo	666405.4092	2284407.51	2	2	\N	169	334	334	334
335	2019-02-22	eighteen	666478.8928	2284531.191	2	2	\N	169	335	335	335
336	2019-02-22	twenty	666122.2736	2283889.258	1	2	2	169	336	336	336
337	2019-02-22	eighteen	666328.5636	2284283.2709999997	1	2	\N	169	337	337	337
338	2019-02-23	twelve	666546.5495	2284640.253	1	2	\N	169	338	338	338
339	2019-02-28	fourteen	665250.8107	2282534.9069999997	1	2	\N	1	339	339	339
340	2019-03-09	ten	666122.3192	2283884.615	2	2	\N	169	340	340	340
341	2019-03-16	twenty	665908.6252	2283768.437	1	2	\N	171	341	341	341
342	2019-03-22	ten	666547.1317	2284648.881	1	2	\N	169	342	342	342
343	2019-03-22	six	666339.129	2284288.411	1	2	\N	169	343	343	343
344	2019-03-30	four	666188.1661	2283921.722	1	2	\N	169	344	344	344
345	2019-05-03	eighteen	665848.2598	2284221.7709999997	1	2	\N	1	345	345	345
346	2019-05-22	eighteen	666135.458	2283893.816	1	2	\N	169	346	346	346
347	2019-05-24	ten	666232.6958	2284134.95	1	2	\N	169	347	347	347
348	2019-05-30	four	666061.6208	2283859.381	1	2	\N	169	348	348	348
349	2019-05-30	twelve	665872.1964	2283941.798	1	2	\N	1	349	349	349
350	2019-01-22	fourteen	660915.9829	2289208.567	1	2	\N	1	350	350	350
351	2019-01-23	zero	660882.0889	2289208.244	1	2	\N	177	351	351	351
352	2019-02-09	eight	662053.7293	2288207.415	1	2	\N	1	352	352	352
353	2019-02-12	eight	662192.5042	2288097.114	1	2	\N	1	353	353	353
354	2019-02-14	sixteen	660882.0187	2289215.615	1	2	\N	177	354	354	354
355	2019-02-14	eighteen	660912.5353	2287680.46	1	2	\N	177	355	355	355
356	2019-02-20	twentytwo	660883.0478	2289218.784	1	2	\N	177	356	356	356
357	2019-02-20	fourteen	660889.3427	2289225.163	1	2	\N	177	357	357	357
358	2019-02-26	twenty	662059.0357	2288206.413	1	2	\N	178	358	358	358
359	2019-02-28	eighteen	660896.7168	2289229.445	1	2	\N	177	359	359	359
360	2019-03-02	eight	660903.0920000001	2289227.4	1	2	\N	177	360	360	360
361	2019-03-02	sixteen	661207.921	2286366.768	1	2	\N	177	361	361	361
362	2019-03-12	twentytwo	660899.9646	2289222.105	2	2	\N	177	362	362	362
363	2019-03-20	twentytwo	NaN	NaN	1	2	\N	1	363	363	363
364	2019-03-22	fourteen	662560.7363	2287811.036	1	2	\N	1	364	364	364
365	2019-05-03	ten	662190.4059	2288094.9869999997	1	2	\N	179	365	365	365
366	2019-05-08	eight	660896.0337	2289223.1890000002	1	2	\N	177	366	366	366
367	2019-05-10	zero	662056.9673	2288208.1	1	2	\N	178	367	367	367
368	2019-05-17	eight	661202.9859	2286373.305	1	2	\N	177	368	368	368
369	2019-05-28	eighteen	661661.5114	2288534.659	1	2	\N	180	369	369	369
370	2019-05-31	sixteen	661663.6959	2288530.417	1	2	\N	180	370	370	370
371	2019-05-31	sixteen	661657.214	2288535.684	1	2	\N	180	371	371	371
372	2019-01-04	eight	670359.2588	2291665.597	1	2	\N	1	372	372	372
373	2019-02-16	eighteen	670491.9609	2291897.082	2	2	\N	1	373	373	373
374	2019-03-15	fourteen	670310.5041	2292035.889	1	2	\N	1	374	374	374
375	2019-05-28	fourteen	670641.5126	2291839.994	1	2	\N	1	375	375	375
376	2019-01-05	sixteen	663851.5507	2290180.796	1	2	\N	1	376	376	376
377	2019-02-05	fourteen	659106.4112	2283001.849	1	2	\N	1	377	377	377
378	2019-02-11	twentytwo	660052.6538	2283004.372	1	2	\N	1	378	378	378
379	2019-03-17	four	659215.8065	2282778.224	1	2	\N	1	379	379	379
380	2019-05-02	ten	669306.6625	2294750.734	1	2	\N	1	380	380	380
381	2019-01-17	fourteen	665844.7449	2290856.369	1	2	\N	1	381	381	381
382	2019-01-19	twelve	665847.9705	2290855.336	1	2	\N	191	382	382	382
383	2019-05-28	eighteen	666641.2159	2289866.8680000002	1	2	\N	191	383	383	383
384	2019-02-25	two	665817.4075	2295539.443	1	2	\N	1	384	384	384
385	2019-05-24	ten	NaN	NaN	1	2	\N	1	385	385	385
386	2019-01-04	ten	667494.1834	2294191.969	1	2	\N	1	386	386	386
387	2019-01-27	twentytwo	667899.4116	2294229.029	1	2	\N	194	387	387	387
388	2019-02-06	eight	667623.74	2292991.01	1	2	\N	1	388	388	388
389	2019-02-13	ten	667626.4242	2292990.504	1	2	\N	195	389	389	389
390	2019-02-15	eighteen	667622.6738	2292990.4669999997	1	2	\N	195	390	390	390
391	2019-02-17	zero	667755.5863	2293633.674	1	2	\N	1	391	391	391
392	2019-02-17	two	667758.2439	2293635.831	2	2	\N	196	392	392	392
393	2019-02-27	fourteen	NaN	NaN	1	2	\N	195	393	393	393
394	2019-02-28	sixteen	667625.8673	2292992.63	1	2	2	195	394	394	394
395	2019-03-02	eighteen	667630.6734	2292994.276	1	2	\N	1	395	395	395
396	2019-03-10	zero	667705.5578	2293384.415	1	2	\N	1	396	396	396
397	2019-03-11	ten	667629.0607	2292994.792	1	2	\N	197	397	397	397
398	2019-03-19	six	667499.0157	2294190.952	1	2	\N	194	398	398	398
399	2019-03-22	eight	667903.8793	2294224.279	1	2	\N	194	399	399	399
400	2019-05-02	ten	667640.7617	2292990.114	1	2	\N	195	400	400	400
401	2019-05-08	eight	667637.5152	2292993.278	1	2	\N	195	401	401	401
402	2019-05-10	sixteen	667645.0373	2292991.222	1	2	\N	195	402	402	402
403	2019-05-28	eighteen	667645.0055	2292994.418	1	2	\N	195	403	403	403
404	2019-05-31	eight	668128.37	2293312.456	1	2	\N	198	404	404	404
405	2019-01-20	two	667064.8801	2291164.621	1	2	\N	1	405	405	405
406	2019-02-14	fourteen	NaN	NaN	1	2	\N	1	406	406	406
407	2019-03-26	twentytwo	667061.6492	2291166.187	1	2	\N	199	407	407	407
408	2019-05-17	eighteen	667061.6756	2291163.524	1	2	\N	199	408	408	408
409	2019-05-20	ten	NaN	NaN	1	2	\N	199	409	409	409
410	2019-03-03	four	668112.6208	2293145.567	1	2	\N	1	410	410	410
411	2019-01-07	twelve	669290.5058	2292226.187	1	2	\N	1	411	411	411
412	2019-01-19	two	NaN	NaN	1	2	\N	1	412	412	412
413	2019-01-31	twelve	670173.3557	2293180.1040000003	1	2	\N	1	413	413	413
414	2019-02-09	fourteen	670499.2011	2293545.095	2	2	\N	203	414	414	414
415	2019-02-11	ten	669296.5997	2292339.7180000003	1	2	\N	1	415	415	415
416	2019-02-12	ten	669903.3801	2293224.789	1	2	\N	1	416	416	416
417	2019-02-14	eight	668508.8354	2293363.133	1	2	2	204	417	417	417
418	2019-02-25	eight	669322.5687	2292635.102	1	2	\N	1	418	418	418
419	2019-03-17	six	670501.3227	2293547.247	1	2	\N	203	419	419	419
420	2019-03-30	four	670415.3206	2293362.067	1	2	\N	1	420	420	420
421	2019-05-01	sixteen	670449.9234	2292748.747	1	2	\N	1	421	421	421
422	2019-05-02	twenty	NaN	NaN	1	2	\N	1	422	422	422
423	2019-05-08	twenty	670460.3904	2293356.13	1	2	\N	1	423	423	423
424	2019-05-13	eight	669968.0553	2293718.708	1	2	\N	203	424	424	424
425	2019-05-15	four	668894.4363	2292366.581	1	2	\N	1	425	425	425
426	2019-01-19	zero	660888.214	2286900.248	2	2	\N	1	426	426	426
427	2019-01-25	eight	660896.9923	2286879.017	1	2	\N	213	427	427	427
428	2019-05-10	six	663910.2703	2280282.551	1	2	2	1	428	428	428
429	2019-02-09	six	671221.9940000001	2293390.488	1	2	\N	1	429	429	429
430	2019-02-09	eight	671132.0026	2293414.077	2	2	\N	215	430	430	430
431	2019-02-15	eight	671273.3068	2293376.627	1	2	\N	215	431	431	431
432	2019-03-25	eighteen	671226.0177	2293389.996	1	2	\N	215	432	432	432
433	2019-01-12	ten	660325.788	2289908.514	1	2	2	1	433	433	433
434	2019-01-20	twentytwo	660159.8519	2289097.11	1	2	\N	1	434	434	434
435	2019-03-09	eighteen	NaN	NaN	1	2	\N	1	435	435	435
436	2019-03-14	ten	660217.5141	2286633.837	1	2	\N	1	436	436	436
437	2019-01-02	twenty	672462.2722	2292910.3880000003	1	2	\N	1	437	437	437
438	2019-01-02	twenty	672470.7795	2292916.8680000002	1	2	\N	220	438	438	438
439	2019-01-03	sixteen	672473.9506	2292921.162	1	2	\N	220	439	439	439
440	2019-01-04	fourteen	672467.4993	2292923.227	1	2	\N	220	440	440	440
441	2019-01-09	six	672470.7032	2292924.325	1	2	\N	220	441	441	441
442	2019-01-09	six	672283.1986	2292186.187	1	2	\N	1	442	442	442
443	2019-01-09	fourteen	672476.0502	2292925.445	1	2	\N	220	443	443	443
444	2019-01-18	six	672474.9132	2292931.826	1	2	\N	220	444	444	444
445	2019-01-18	twelve	672278.5093	2292225.5609999998	1	2	2	221	445	445	445
446	2019-01-19	twelve	672280.825	2292418.432	1	2	\N	221	446	446	446
447	2019-01-19	ten	672280.9928	2292506.866	1	2	\N	221	447	447	447
448	2019-01-19	six	672473.798	2292936.076	1	2	\N	220	448	448	448
449	2019-01-20	eight	672479.1123	2292940.392	1	2	\N	220	449	449	449
450	2019-01-20	twenty	672473.7544	2292940.338	1	2	\N	220	450	450	450
451	2019-01-24	six	672277.4858	2292325.704	1	2	\N	221	451	451	451
452	2019-02-04	eighteen	672280.9819	2292507.932	1	2	\N	221	452	452	452
453	2019-02-13	six	672278.3052	2291826.006	1	2	\N	221	453	453	453
454	2019-02-14	twelve	672302.4227	2292192.776	1	2	\N	221	454	454	454
455	2019-02-22	six	672294.2112	2292996.0330000003	1	2	\N	220	455	455	455
456	2019-02-23	twenty	672278.7781	2291884.613	1	2	\N	221	456	456	456
457	2019-02-25	eight	667360.0592	2290985.346	2	2	\N	1	457	457	457
458	2019-03-03	twentytwo	672300.2693	2293006.2169999997	1	2	\N	220	458	458	458
459	2019-03-04	fourteen	672305.3316	2292196.535	1	2	2	221	459	459	459
460	2019-03-04	fourteen	672298.0717	2293011.5209999997	1	2	\N	220	460	460	460
461	2019-03-07	twelve	672303.4078	2293013.707	1	2	\N	220	461	461	461
462	2019-03-10	zero	672297.0763	2293004.0530000003	1	2	\N	220	462	462	462
463	2019-03-13	eight	672302.26	2293021.153	1	2	\N	220	463	463	463
464	2019-03-16	eighteen	672280.6045	2291889.426	1	2	\N	221	464	464	464
465	2019-03-16	eighteen	NaN	NaN	1	2	\N	1	465	465	465
466	2019-03-19	fourteen	672297.9628	2293022.174	1	2	2	220	466	466	466
467	2019-03-25	eight	672288.7593	2291825.58	1	2	2	221	467	467	467
468	2019-03-25	eight	672296.2718	2291824.5919999997	1	2	\N	221	468	468	468
469	2019-03-28	twelve	671548.6757	2291986.379	1	2	\N	1	469	469	469
470	2019-03-31	twentytwo	672301.0342	2292197.557	1	2	2	221	470	470	470
471	2019-05-16	eighteen	672284.8599	2292416.875	2	2	\N	221	471	471	471
472	2019-05-21	twentytwo	672306.5899	2293016.9359999998	2	2	\N	220	472	472	472
473	2019-05-24	sixteen	672292.6811	2293014.662	1	2	\N	220	473	473	473
474	2019-05-27	twentytwo	673160.2194	2292649.589	1	2	\N	220	474	474	474
475	2019-05-28	fourteen	672289.5426	2293007.172	1	2	\N	220	475	475	475
476	2019-05-30	twentytwo	672417.6544	2292295.706	1	2	\N	1	476	476	476
477	2019-05-18	eight	660903.5405	2286866.824	2	2	\N	1	477	477	477
478	2019-02-25	fourteen	662566.2567	2281774.4159999997	1	2	\N	1	478	478	478
479	2019-05-07	eight	662990.2459	2281898.954	1	2	\N	1	479	479	479
480	2019-05-24	eighteen	662765.6423	2281670.2569999998	1	2	\N	1	480	480	480
481	2019-01-22	sixteen	662349.3204	2277719.244	1	2	\N	1	481	481	481
482	2019-02-02	twentytwo	662357.8699	2277722.524	1	2	\N	230	482	482	482
483	2019-02-12	zero	662356.8586	2277716.117	1	2	\N	230	483	483	483
484	2019-02-21	eight	662351.4144	2277724.595	1	2	\N	230	484	484	484
485	2019-03-22	eighteen	663419.8197	2277520.518	2	2	\N	1	485	485	485
486	2019-01-28	zero	668096.4095	2291910.0519999997	1	2	\N	1	486	486	486
487	2019-01-08	fourteen	NaN	NaN	1	2	\N	1	487	487	487
488	2019-01-03	eight	662356.5123	2283406.591	1	2	\N	1	488	488	488
489	2019-01-15	eight	662122.4119	2284160.245	1	2	\N	234	489	489	489
490	2019-01-30	ten	662623.3461	2283447.456	1	2	\N	1	490	490	490
491	2019-02-01	twentytwo	663266.1026	2283517.838	1	2	\N	1	491	491	491
492	2019-02-07	fourteen	662167.3663	2284041.461	1	2	\N	234	492	492	492
493	2019-02-18	six	662166.1914	2284043.742	2	2	\N	234	493	493	493
494	2019-02-19	ten	662331.3436	2283655.579	1	2	\N	234	494	494	494
495	2019-02-26	eight	662435.8578	2283398.656	1	2	\N	234	495	495	495
496	2019-03-28	six	662437.0328	2283396.374	1	2	\N	234	496	496	496
497	2019-05-02	twelve	661835.7593	2284052.042	1	2	\N	1	497	497	497
498	2019-01-21	fourteen	659079.8642	2281791.659	1	2	\N	1	498	498	498
499	2019-01-03	fourteen	663919.1807	2280286.566	1	2	\N	1	499	499	499
500	2019-01-08	twelve	663921.4816	2280287.162	2	2	\N	239	500	500	500
501	2019-01-22	eight	664277.0199	2280041.36	1	2	\N	239	501	501	501
502	2019-02-08	four	663928.1794	2280296.238	2	2	\N	239	502	502	502
503	2019-03-04	six	663629.4707	2279798.578	1	2	\N	1	503	503	503
504	2019-03-05	eight	663932.5187	2280299.758	2	2	\N	239	504	504	504
505	2019-03-16	twelve	663924.7399	2280290.1180000002	2	2	\N	239	505	505	505
506	2019-03-21	four	663912.4788	2280291.739	2	2	\N	239	506	506	506
507	2019-03-26	eighteen	663925.522	2280299.691	1	2	\N	239	507	507	507
508	2019-03-27	six	663911.6546	2280286.514	1	2	\N	239	508	508	508
509	2019-05-30	twelve	663805.9951	2280087.236	2	2	\N	1	509	509	509
510	2019-02-14	two	665766.0717	2285903.516	1	2	\N	1	510	510	510
511	2019-01-11	eight	663975.9513	2295726.73	1	2	\N	1	511	511	511
512	2019-02-03	six	663980.4275	2295725.664	1	2	\N	243	512	512	512
513	2019-02-25	twelve	663483.2753	2296104.849	1	2	\N	243	513	513	513
514	2019-05-24	twentytwo	663977.046	2295728.961	1	2	\N	243	514	514	514
515	2019-05-30	sixteen	663977.0784	2295725.6319999998	2	2	\N	243	515	515	515
516	2019-05-24	fourteen	669525.9545	2294721.704	1	2	\N	1	516	516	516
517	2019-01-02	ten	667621.8843	2292963.75	1	2	\N	1	517	517	517
518	2019-01-25	fourteen	667619.1039999999	2292962.6119999997	1	2	\N	245	518	518	518
519	2019-02-06	eight	NaN	NaN	1	2	\N	245	519	519	519
520	2019-02-12	sixteen	667158.2479	2293042.957	2	2	\N	1	520	520	520
521	2019-03-06	twelve	667615.7378	2292964.2430000002	1	2	\N	245	521	521	521
522	2019-03-06	eight	NaN	NaN	1	2	\N	245	522	522	522
523	2019-03-11	six	667611.2937	2292961.9790000003	1	2	\N	245	523	523	523
524	2019-03-12	eight	667619.0764	2292965.387	2	2	\N	245	524	524	524
525	2019-03-16	six	667744.8854	2292950.702	1	2	\N	245	525	525	525
526	2019-03-21	sixteen	667614.5723	2292967.519	1	2	\N	245	526	526	526
527	2019-03-21	sixteen	667621.0661	2292968.877	1	2	\N	245	527	527	527
528	2019-03-22	twelve	667621.1433	2292961.115	1	2	\N	245	528	528	528
529	2019-03-22	sixteen	664852.093	2284918.046	1	2	\N	1	529	529	529
530	2019-02-01	sixteen	665113.6041	2284805.392	1	2	\N	1	530	530	530
531	2019-01-09	eight	669895.8011	2295828.819	1	2	\N	1	531	531	531
532	2019-03-09	ten	670310.0015	2295146.075	1	2	\N	1	532	532	532
533	2019-02-02	twelve	664164.7566	2287450.167	1	2	\N	1	533	533	533
534	2019-02-12	twelve	663654.6507	2287561.6980000003	1	2	\N	1	534	534	534
535	2019-03-16	eight	663659.6006	2287588.277	1	2	\N	251	535	535	535
536	2019-03-20	ten	666006.9312	2287048.831	1	2	\N	251	536	536	536
537	2019-05-15	sixteen	664166.3995	2287448.566	1	2	2	251	537	537	537
538	2019-05-19	zero	663659.5849	2287589.895	1	2	\N	251	538	538	538
539	2019-01-08	fourteen	671092.1515	2291230.047	1	2	\N	1	539	539	539
540	2019-02-09	two	662019.4441	2295105.852	1	2	\N	1	540	540	540
541	2019-02-12	twentytwo	662019.4613	2295104.0640000002	1	2	\N	254	541	541	541
542	2019-01-16	sixteen	NaN	NaN	1	2	\N	1	542	542	542
543	2019-02-07	eight	662224.0091	2295940.293	1	2	\N	1	543	543	543
544	2019-03-05	ten	663805.1716	2280089.123	1	2	\N	1	544	544	544
545	2019-03-28	four	663808.8569	2280080.214	1	2	\N	257	545	545	545
546	2019-05-04	fourteen	663158.5639	2280054.265	1	2	\N	1	546	546	546
547	2019-01-14	ten	NaN	NaN	1	2	2	1	547	547	547
548	2019-05-04	zero	664208.1053	2285579.925	1	2	2	1	548	548	548
549	2019-05-25	twelve	664213.5017	2285579.977	1	2	\N	260	549	549	549
550	2019-02-22	sixteen	671435.7056	2291866.446	1	2	\N	1	550	550	550
551	2019-01-27	twentytwo	662578.5601	2296148.247	1	2	\N	1	551	551	551
552	2019-03-31	eighteen	NaN	NaN	1	2	2	1	552	552	552
553	2019-05-18	six	662571.8623	2296148.182	1	2	\N	262	553	553	553
554	2019-05-30	eight	664192.2692	2297012.952	1	2	\N	1	554	554	554
555	2019-02-05	fourteen	667743.4158	2292982.165	1	2	\N	1	555	555	555
556	2019-02-12	eight	668825.6365	2294022.292	1	2	\N	4	556	556	556
557	2019-02-14	ten	668817.8101	2294023.324	1	2	2	4	557	557	557
558	2019-02-20	eighteen	668819.9985	2294027.786	1	2	\N	4	558	558	558
559	2019-02-20	fourteen	668816.6379999999	2294028.8619999997	1	2	\N	4	559	559	559
560	2019-02-26	six	668814.4495	2294024.4	1	2	\N	4	560	560	560
561	2019-03-13	twentytwo	668826.753	2294022.3030000003	1	2	\N	4	561	561	561
562	2019-03-14	twelve	668825.6477	2294021.182	1	2	\N	4	562	562	562
563	2019-03-16	twentytwo	668827.8695	2294022.315	2	2	\N	4	563	563	563
564	2019-03-16	sixteen	668818.9377	2294022.225	1	2	\N	4	564	564	564
565	2019-03-17	four	668372.4184	2293452.18	1	2	\N	1	565	565	565
566	2019-03-17	twentytwo	668823.2701	2294035.589	1	2	\N	4	566	566	566
567	2019-03-19	twentytwo	668830.0245	2294030.106	1	2	\N	4	567	567	567
568	2019-03-20	eighteen	668828.8524	2294035.645	1	2	\N	4	568	568	568
569	2019-03-24	six	668374.6403	2293453.312	1	2	\N	266	569	569	569
570	2019-05-16	eight	668373.5404	2293451.636	1	2	\N	266	570	570	570
571	2019-05-25	fourteen	668822.1592	2294035.023	1	2	\N	4	571	571	571
572	2019-01-03	eighteen	667902.7583	2294304.45	1	2	\N	1	572	572	572
573	2019-01-04	fourteen	667913.9339	2294303.451	1	2	\N	267	573	573	573
574	2019-01-18	eighteen	667904.958	2294307.8019999997	1	2	\N	267	574	574	574
575	2019-01-19	twelve	667910.5956	2294302.308	1	2	2	267	575	575	575
576	2019-01-23	zero	667897.165	2294305.504	1	2	\N	267	576	576	576
577	2019-01-24	sixteen	667899.3758	2294307.746	1	2	\N	267	577	577	577
578	2019-01-25	eight	667917.2943	2294302.374	1	2	\N	267	578	578	578
579	2019-01-25	eight	667917.2611	2294305.704	1	2	\N	267	579	579	579
580	2019-01-29	eighteen	667898.3257	2294301.075	1	2	\N	267	580	580	580
581	2019-01-30	eight	667896.0486	2294305.4930000002	1	2	\N	267	581	581	581
582	2019-01-30	eight	667905.0134	2294302.252	1	2	\N	267	582	582	582
583	2019-02-16	two	667909.4349	2294306.736	1	2	\N	267	583	583	583
584	2019-02-18	eight	667593.5346	2294298.039	1	2	\N	267	584	584	584
585	2019-03-13	twelve	667585.3897	2294555.481	1	2	\N	1	585	585	585
586	2019-03-17	ten	667486.4216	2294290.3140000002	1	2	\N	267	586	586	586
587	2019-03-17	ten	667483.0281	2294294.72	1	2	\N	267	587	587	587
588	2019-03-27	zero	667903.8416	2294307.79	2	2	\N	267	588	588	588
589	2019-03-27	ten	667468.4291	2294527.6769999997	1	2	\N	268	589	589	589
590	2019-03-27	six	667595.7785	2294296.952	2	2	\N	267	590	590	590
591	2019-03-27	twelve	667900.5365	2294303.317	1	2	\N	267	591	591	591
592	2019-03-28	sixteen	667788.8692	2294304.424	1	2	\N	267	592	592	592
593	2019-03-29	twelve	667471.8336	2294522.161	1	2	\N	268	593	593	593
594	2019-05-03	fourteen	667543.9906	2294283.671	1	2	\N	267	594	594	594
595	2019-05-06	eight	667688.466	2294295.654	1	2	\N	267	595	595	595
596	2019-05-07	twelve	667471.7729	2294528.265	1	2	\N	268	596	596	596
597	2019-05-10	six	667900.433	2294305.875	1	2	\N	267	597	597	597
598	2019-05-15	six	667496.4542	2294563.909	1	2	\N	1	598	598	598
599	2019-05-21	eight	667589.6089999999	2294554.161	1	2	\N	1	599	599	599
600	2019-05-24	eight	667481.2761	2294290.6659999997	1	2	\N	267	600	600	600
601	2019-05-30	fourteen	667686.0944	2294299.821	1	2	\N	267	601	601	601
602	2019-01-07	eight	665574.0833	2293446.5519999997	1	2	\N	1	602	602	602
603	2019-01-12	twelve	665184.4409	2293978.964	1	2	\N	1	603	603	603
604	2019-01-22	fourteen	665640.0125	2293512.318	1	2	\N	271	604	604	604
605	2019-01-25	fourteen	665248.1738	2293319.876	1	2	\N	1	605	605	605
606	2019-02-03	fourteen	665228.9917	2293268.4469999997	1	2	\N	273	606	606	606
607	2019-02-14	eight	665577.6868	2293444.096	1	2	\N	271	607	607	607
608	2019-02-18	eighteen	665264.3727	2293492.972	1	2	\N	273	608	608	608
609	2019-03-25	eight	665578.3536	2293449.085	1	2	\N	271	609	609	609
610	2019-05-27	six	665697.4672	2293566.258	1	2	\N	271	610	610	610
611	2019-05-29	eight	665579.8062	2293446.964	1	2	\N	271	611	611	611
612	2019-01-01	sixteen	668593.2913	2291119.591	1	2	2	1	612	612	612
613	2019-01-09	six	668305.6249	2291749.48	1	2	\N	1	613	613	613
614	2019-01-10	ten	668596.9207	2291114.644	1	2	\N	274	614	614	614
615	2019-01-10	fourteen	668674.6974	2291499.069	1	2	\N	275	615	615	615
616	2019-01-24	six	668597.5868	2291119.634	1	2	\N	274	616	616	616
617	2019-01-27	eighteen	668304.9446	2291745.914	1	2	\N	275	617	617	617
618	2019-01-31	fourteen	668426.8181	2291371.32	1	2	\N	1	618	618	618
619	2019-02-04	six	668303.4844	2291748.746	1	2	\N	275	619	619	619
620	2019-02-05	eighteen	668599.0043	2291121.071	1	2	\N	274	620	620	620
621	2019-02-11	twenty	668677.5823	2291496.962	1	2	\N	275	621	621	621
622	2019-02-20	eight	668596.8282	2291123.897	1	2	\N	274	622	622	622
623	2019-02-28	twelve	668602.5554	2291123.954	1	2	\N	274	623	623	623
624	2019-03-01	sixteen	668677.5538	2291499.809	1	2	\N	275	624	624	624
625	2019-03-13	twelve	668418.082	2291242.402	1	2	\N	274	625	625	625
626	2019-03-30	four	668599.6847	2291124.637	1	2	\N	274	626	626	626
627	2019-05-04	six	668671.8053	2291501.887	1	2	\N	275	627	627	627
628	2019-05-13	twelve	668307.8081	2291745.943	1	2	\N	275	628	628	628
629	2019-05-17	eight	668302.0455	2291749.444	1	2	\N	275	629	629	629
630	2019-05-27	eight	668599.8341	2291109.691	1	2	\N	274	630	630	630
631	2019-05-30	eighteen	668600.5429	2291110.41	1	2	\N	274	631	631	631
632	2019-05-28	sixteen	662460.4789999999	2293033.716	1	2	\N	1	632	632	632
633	2019-01-19	eighteen	NaN	NaN	1	2	\N	1	633	633	633
634	2019-01-20	twenty	662430.8682	2293797.011	2	2	\N	278	634	634	634
635	2019-02-05	twenty	662464.4317	2293033.9930000002	1	2	\N	1	635	635	635
636	2019-02-17	six	662694.1652	2293329.306	1	2	\N	278	636	636	636
637	2019-03-22	sixteen	662458.5169	2293035.89	1	2	\N	278	637	637	637
638	2019-01-05	four	663463.6786	2285442.875	1	2	\N	1	638	638	638
639	2019-01-20	eight	663464.9831	2285443.539	1	2	\N	280	639	639	639
640	2019-01-21	eight	663874.7064	2285775.919	1	2	\N	1	640	640	640
641	2019-02-04	zero	663371.9073	2285850.55	1	2	\N	1	641	641	641
642	2019-02-22	twentytwo	663464.9957	2285442.236	1	2	\N	280	642	642	642
643	2019-03-07	fourteen	662831.4598	2285751.505	1	2	\N	1	643	643	643
644	2019-03-16	two	663461.0758	2285440.895	1	2	\N	280	644	644	644
645	2019-03-22	twentytwo	663878.6135	2285778.563	1	2	\N	281	645	645	645
646	2019-05-09	zero	663679.7145	2285741.45	1	2	\N	1	646	646	646
647	2019-03-14	fourteen	659986.4279	2298632.87	1	2	\N	1	647	647	647
648	2019-01-03	ten	662422.8367	2296869.49	1	2	\N	1	648	648	648
649	2019-01-24	ten	NaN	NaN	2	2	\N	286	649	649	649
650	2019-02-05	twelve	NaN	NaN	1	2	\N	286	650	650	650
651	2019-02-11	twelve	661429.7299	2297624.957	1	2	\N	286	651	651	651
652	2019-02-13	sixteen	661726.7685	2297394.5930000003	1	2	\N	286	652	652	652
653	2019-02-16	ten	661725.1533	2297397.7290000003	1	2	\N	286	653	653	653
654	2019-02-16	fourteen	NaN	NaN	1	2	\N	286	654	654	654
655	2019-03-05	eight	661131.2204	2297844.277	2	2	\N	286	655	655	655
656	2019-03-05	eight	661134.4204	2297841.156	1	2	\N	286	656	656	656
657	2019-03-07	fourteen	662442.5195	2296976.018	2	2	\N	1	657	657	657
658	2019-03-10	two	661135.96	2297845.898	1	2	\N	286	658	658	658
659	2019-03-19	eight	661728.3535	2297394.609	1	2	\N	286	659	659	659
660	2019-03-25	eighteen	662635.3085	2296709.984	1	2	\N	286	660	660	660
661	2019-05-03	eight	662583.8474	2296644.102	1	2	\N	1	661	661	661
662	2019-05-13	two	662853.9288	2296487.171	1	2	\N	1	662	662	662
663	2019-05-29	six	661729.4938	2297391.2290000003	1	2	\N	286	663	663	663
664	2019-02-28	twentytwo	666184.3815	2286558.226	1	2	\N	1	664	664	664
665	2019-03-12	twentytwo	666231.303	2286230.175	1	2	\N	1	665	665	665
666	2019-03-16	sixteen	666329.5286	2286405.986	1	2	\N	290	666	666	666
667	2019-05-05	zero	666379.4576	2286105.655	1	2	\N	1	667	667	667
668	2019-05-07	eighteen	666179.4449	2286560.349	1	2	\N	290	668	668	668
669	2019-05-09	eighteen	666138.5018	2286280.304	1	2	\N	1	669	669	669
670	2019-05-11	zero	666466.2944	2286328.598	1	2	\N	290	670	670	670
671	2019-01-11	fourteen	667965.7215	2285494.153	1	2	\N	1	671	671	671
672	2019-05-09	eight	667961.3520000001	2285494.11	1	2	2	294	672	672	672
673	2019-05-25	ten	667962.6995	2285495.933	1	2	\N	294	673	673	673
674	2019-02-25	twentytwo	662624.3328	2281792.038	1	2	\N	1	674	674	674
675	2019-03-13	six	664808.5659	2284153.002	1	2	\N	1	675	675	675
676	2019-05-06	ten	664825.6916	2284030.527	2	2	\N	296	676	676	676
677	2019-05-08	ten	664767.1745	2284430.011	1	2	\N	296	677	677	677
678	2019-05-10	fourteen	665415.2712	2284303.738	1	2	\N	1	678	678	678
679	2019-01-03	eight	663614.0128	2295142.98	1	2	\N	1	679	679	679
680	2019-01-07	ten	663221.6567	2295633.934	1	2	\N	1	680	680	680
681	2019-01-12	eight	663520.2085	2294777.544	1	2	\N	1	681	681	681
682	2019-01-18	eight	663649.8358	2295295.286	1	2	\N	1	682	682	682
683	2019-02-09	two	663613.9776	2295146.597	1	2	\N	298	683	683	683
684	2019-02-11	eighteen	663396.2299	2294333.1119999997	1	2	\N	1	684	684	684
685	2019-02-12	eighteen	663401.2503	2294331.464	1	2	\N	300	685	685	685
686	2019-02-12	sixteen	663398.2363	2294337.315	1	2	\N	300	686	686	686
687	2019-02-13	eighteen	663405.6428	2294335.917	1	2	\N	302	687	687	687
688	2019-02-15	eight	663401.2217	2294334.404	1	2	\N	302	688	688	688
689	2019-03-15	ten	663374.1174	2292719.1859999998	1	2	\N	302	689	689	689
690	2019-03-15	eight	663374.5748	2292721.579	1	2	\N	302	690	690	690
691	2019-03-17	sixteen	663651.8598	2295294.458	1	2	\N	1	691	691	691
692	2019-03-20	eight	663520.9457	2294772.491	1	2	\N	1	692	692	692
693	2019-03-30	fourteen	663651.8505	2295295.413	1	2	\N	300	693	693	693
694	2019-03-30	sixteen	663650.3905	2295297.31	1	2	\N	303	694	694	694
695	2019-05-14	eighteen	663098.0894	2295739.0640000002	1	2	\N	299	695	695	695
696	2019-05-20	eight	663651.3584	2295296.603	1	2	\N	300	696	696	696
697	2019-05-25	twelve	663612.6905	2295146.9469999997	1	2	\N	298	697	697	697
698	2019-02-08	sixteen	667137.5210000001	2293743.858	1	2	\N	1	698	698	698
699	2019-03-25	ten	666189.5185	2286555.103	1	2	\N	1	699	699	699
700	2019-05-06	ten	664826.1635	2284029.985	1	2	\N	1	700	700	700
701	2019-03-28	twenty	663652.3541	2295293.029	1	2	\N	1	701	701	701
702	2019-05-17	fourteen	667240.7474	2293269.28	1	2	\N	1	702	702	702
703	2019-01-27	twentytwo	664444.6135	2285618.331	1	2	\N	1	703	703	703
704	2019-01-01	sixteen	NaN	NaN	1	2	\N	1	704	704	704
705	2019-01-03	eighteen	664560.5824	2288408.0069999998	1	2	\N	1	705	705	705
706	2019-01-09	fourteen	664559.956	2288406.731	1	2	\N	312	706	706	706
707	2019-01-17	eighteen	664524.2505	2288202.498	1	2	\N	311	707	707	707
708	2019-01-31	eight	663835.9124	2288424.462	1	2	\N	1	708	708	708
709	2019-02-08	eight	664541.7437	2288308.74	1	2	\N	311	709	709	709
710	2019-02-13	eighteen	664558.1447	2288395.9159999997	1	2	\N	312	710	710	710
711	2019-02-16	two	664541.7375	2288309.375	1	2	\N	311	711	711	711
712	2019-03-07	sixteen	663807.0241	2288175.201	1	2	\N	1	712	712	712
713	2019-05-22	sixteen	663835.9309	2288422.557	1	2	\N	313	713	713	713
714	2019-01-19	six	664396.3124	2287430.786	1	2	\N	1	714	714	714
715	2019-01-22	twentytwo	664398.2352	2287430.169	1	2	\N	315	715	715	715
716	2019-01-26	two	664460.5089	2287793.464	2	2	\N	1	716	716	716
717	2019-01-30	eight	663711.313	2287808.764	1	2	\N	1	717	717	717
718	2019-03-04	zero	663955.314	2287803.624	1	2	\N	1	718	718	718
719	2019-03-05	twentytwo	663349.5987	2287973.871	1	2	\N	318	719	719	719
720	2019-03-06	two	664421.3198	2287427.622	1	2	\N	315	720	720	720
721	2019-03-07	sixteen	664398.043	2287432.015	1	2	\N	315	721	721	721
722	2019-03-16	fourteen	664409.7039	2287427.509	1	2	\N	315	722	722	722
723	2019-03-22	fourteen	663676.3136	2287584.381	1	2	\N	317	723	723	723
724	2019-03-22	fourteen	663664.6307	2287591.1969999997	1	2	\N	317	724	724	724
725	2019-03-25	sixteen	663733.3578	2287931.393	1	2	\N	318	725	725	725
726	2019-01-01	eight	662760.3532	2288606.221	1	2	\N	1	726	726	726
727	2019-01-15	sixteen	662621.1888	2288039.597	1	2	\N	1	727	727	727
728	2019-03-03	eighteen	663006.9311	2287730.929	1	2	\N	1	728	728	728
729	2019-05-11	twenty	662550.3427	2287857.028	1	2	\N	321	729	729	729
730	2019-01-19	sixteen	666093.5	2287319.249	1	2	\N	1	730	730	730
731	2019-01-22	eighteen	665548.8276	2287420.154	1	2	\N	1	731	731	731
732	2019-01-29	eight	666093.4887	2287320.403	1	2	\N	322	732	732	732
733	2019-03-13	eight	669162.3331	2292347.471	1	2	\N	1	733	733	733
734	2019-05-28	sixteen	669295.9146	2292345.348	1	2	2	1	734	734	734
735	2019-01-18	sixteen	665420.7493	2282456.056	1	2	\N	1	735	735	735
736	2019-01-22	twelve	665428.0637	2282804.5840000003	1	2	\N	1	736	736	736
737	2019-02-02	ten	665475.451	2282891.361	1	2	\N	327	737	737	737
738	2019-02-02	twentytwo	665653.8104	2283176.5530000003	1	2	\N	327	738	738	738
739	2019-02-03	two	665091.8615	2282656.38	1	2	\N	326	739	739	739
740	2019-02-12	twelve	665305.1406	2282879.042	1	2	\N	1	740	740	740
741	2019-02-13	zero	664884.7683	2282788.629	1	2	\N	326	741	741	741
742	2019-02-24	twelve	665083.4532	2282639.248	1	2	\N	326	742	742	742
743	2019-02-25	twelve	664124.3881	2281669.251	1	2	\N	1	743	743	743
744	2019-03-13	sixteen	665267.5323	2282558.991	1	2	\N	327	744	744	744
745	2019-03-17	four	665248.6745	2282294.531	1	2	\N	1	745	745	745
746	2019-03-22	twentytwo	665420.7493	2282456.056	1	2	\N	326	746	746	746
747	2019-05-06	fourteen	665263.2659	2282556.818	1	2	\N	326	747	747	747
748	2019-05-31	eighteen	665254.837	2282541.817	1	2	\N	326	748	748	748
749	2019-02-07	ten	663396.628	2293790.006	1	2	\N	1	749	749	749
750	2019-02-01	twenty	NaN	NaN	2	2	\N	1	750	750	750
751	2019-02-01	twenty	NaN	NaN	1	2	\N	332	751	751	751
752	2019-03-13	sixteen	663952.1452	2291742.125	1	2	\N	1	752	752	752
753	2019-03-20	ten	663957.6616	2291747.188	1	2	\N	333	753	753	753
754	2019-03-20	ten	663953.6452	2291752.406	1	2	\N	333	754	754	754
755	2019-03-22	twenty	663948.4221	2291745.784	1	2	\N	333	755	755	755
756	2019-03-22	twelve	663947.1386	2291741.829	1	2	\N	333	756	756	756
757	2019-03-30	twenty	663958.9961	2291745.887	1	2	\N	333	757	757	757
758	2019-03-14	ten	664961.2154	2295771.196	1	2	\N	1	758	758	758
759	2019-03-31	twelve	665349.3412	2295679.095	1	2	\N	1	759	759	759
760	2019-05-13	eight	664961.1639	2295776.451	1	2	\N	334	760	760	760
761	2019-02-02	twelve	662954.524	2286388.135	1	2	\N	1	761	761	761
762	2019-03-24	zero	664111.7204	2286300.739	1	2	\N	1	762	762	762
763	2019-03-26	eight	663518.994	2286950.285	1	2	\N	1	763	763	763
764	2019-05-13	sixteen	663503.2367	2286870.605	1	2	\N	1	764	764	764
765	2019-05-21	ten	664109.7307	2286301.377	1	2	\N	337	765	765	765
766	2019-05-24	two	664188.9383	2286519.046	1	2	\N	337	766	766	766
767	2019-02-10	sixteen	665927.6117	2283568.181	1	2	\N	1	767	767	767
768	2019-03-27	six	665751.9576	2283273.2630000003	1	2	\N	1	768	768	768
769	2019-05-05	four	665926.3537	2283561.595	2	2	\N	1	769	769	769
770	2019-05-08	eight	665758.5826	2283272.0130000003	1	2	\N	341	770	770	770
771	2019-01-12	eighteen	670598.1813	2296190.019	1	2	\N	1	771	771	771
772	2019-03-16	fourteen	672331.8994	2292851.792	1	2	\N	1	772	772	772
773	2019-01-17	six	671568.6878	2293290.793	1	2	\N	1	773	773	773
774	2019-01-25	twentytwo	671567.4196	2293285.524	1	2	\N	345	774	774	774
775	2019-01-31	ten	671576.6178	2293290.874	1	2	\N	345	775	775	775
776	2019-02-09	four	671464.8009	2292978.299	1	2	\N	1	776	776	776
777	2019-02-11	sixteen	670931.4696	2293431.49	1	2	2	345	777	777	777
778	2019-02-18	eighteen	671619.6074	2293222.98	1	2	\N	345	778	778	778
779	2019-02-18	eight	671608.4853	2293276.7430000002	1	2	\N	345	779	779	779
780	2019-02-20	six	671464.7474	2292983.555	1	2	\N	346	780	780	780
781	2019-02-20	ten	669167.2778	2293918.267	1	2	\N	345	781	781	781
782	2019-02-20	ten	671465.4417	2292980.277	1	2	\N	346	782	782	782
783	2019-02-27	zero	669169.2536	2293918.944	1	2	\N	345	783	783	783
784	2019-03-02	twelve	669161.324	2293918.865	1	2	\N	345	784	784	784
785	2019-03-07	six	669171.9233	2293916.3430000003	1	2	\N	345	785	785	785
786	2019-03-07	two	671557.875	2293249.29	1	2	\N	345	786	786	786
787	2019-03-08	two	671563.2152	2293244.088	1	2	\N	345	787	787	787
788	2019-03-14	eighteen	671552.5883	2293249.236	1	2	\N	345	788	788	788
789	2019-03-16	eight	671462.7849	2292981.5640000002	1	2	\N	346	789	789	789
790	2019-05-11	eighteen	671465.4283	2292981.59	1	2	\N	346	790	790	790
791	2019-05-13	eighteen	671072.337	2293031.473	1	2	\N	1	791	791	791
792	2019-05-16	six	671605.2011	2293274.739	1	2	\N	345	792	792	792
793	2019-05-17	sixteen	671138.9302	2293372.4930000002	2	2	2	345	793	793	793
794	2019-05-18	twelve	671465.4283	2292981.59	1	2	\N	346	794	794	794
795	2019-05-19	eighteen	671573.3471	2293287.555	1	2	\N	345	795	795	795
796	2019-05-30	fourteen	668999.9772	2293269.431	1	2	\N	1	796	796	796
797	2019-02-15	eight	664466.3348	2287838.858	1	2	2	1	797	797	797
798	2019-02-20	sixteen	668669.8794	2298179.296	1	2	\N	1	798	798	798
799	2019-03-04	ten	663437.3212	2283839.77	1	2	\N	1	799	799	799
800	2019-01-06	eight	663105.2395	2293025.402	1	2	\N	1	800	800	800
801	2019-03-01	eighteen	662860.8588	2292052.602	1	2	\N	352	801	801	801
802	2019-03-12	ten	662859.5307	2292053.247	1	2	\N	352	802	802	802
803	2019-03-22	sixteen	663088.7443	2293022.614	1	2	\N	352	803	803	803
804	2019-03-29	twentytwo	663115.1519	2293025.498	1	2	\N	352	804	804	804
805	2019-05-14	twenty	663086.1519	2293017.333	1	2	\N	352	805	805	805
806	2019-01-09	twelve	NaN	NaN	1	2	\N	1	806	806	806
807	2019-03-07	twelve	663371.3992	2293043.749	2	2	\N	1	807	807	807
808	2019-03-13	fourteen	664971.1653	2293541.58	1	2	\N	1	808	808	808
809	2019-03-17	twelve	665581.3753	2293451.644	1	2	\N	1	809	809	809
810	2019-05-04	zero	665719.3568	2293230.931	1	2	\N	1	810	810	810
811	2019-01-18	twenty	664928.3081	2293160.096	1	2	\N	1	811	811	811
812	2019-01-30	twelve	664983.8286	2293699.383	1	2	\N	358	812	812	812
813	2019-01-09	ten	NaN	NaN	1	2	\N	1	813	813	813
814	2019-02-03	four	652050.2797	2293203.208	1	2	\N	1	814	814	814
815	2019-02-12	sixteen	653161.4789999999	2296291.574	1	2	\N	360	815	815	815
816	2019-01-19	ten	669957.4847	2291283.5519999997	1	2	\N	1	816	816	816
817	2019-02-21	ten	669965.0394	2291255.373	1	2	\N	361	817	817	817
818	2019-03-15	eight	669321.5891	2291287.0130000003	1	2	\N	361	818	818	818
819	2019-03-08	six	665431.1061	2293624.036	1	2	\N	1	819	819	819
820	2019-01-17	twentytwo	665838.9657	2282210.292	1	2	\N	1	820	820	820
821	2019-02-02	four	666755.2863	2282502.952	1	2	\N	1	821	821	821
822	2019-03-06	eighteen	666276.032	2282844.708	1	2	\N	364	822	822	822
823	2019-03-14	six	665518.0591	2282877.8030000003	1	2	2	1	823	823	823
824	2019-03-27	eight	665844.1332	2282176.91	1	2	\N	363	824	824	824
825	2019-05-18	eight	665592.3544	2283011.1119999997	2	2	\N	365	825	825	825
826	2019-05-21	ten	666472.1097	2282608.913	1	2	\N	1	826	826	826
827	2019-01-01	zero	666091.9175	2282030.562	1	2	\N	1	827	827	827
828	2019-01-06	zero	665380.3845	2281429.269	2	2	\N	367	828	828	828
829	2019-01-27	eight	666085.9376	2282050.611	1	2	\N	367	829	829	829
830	2019-05-28	twentytwo	665601.01	2288652.452	1	2	\N	1	830	830	830
831	2019-01-24	fourteen	665310.7457	2287730.503	1	2	\N	1	831	831	831
832	2019-02-19	fourteen	670670.4971	2291269.7569999998	1	2	\N	1	832	832	832
833	2019-02-26	fourteen	670667.8099	2291290.912	1	2	\N	370	833	833	833
834	2019-03-27	eighteen	670671.2607	2291288.299	1	2	\N	370	834	834	834
835	2019-02-25	fourteen	664813.7208	2285684.114	1	2	2	1	835	835	835
836	2019-05-10	eighteen	665004.6101	2286091.578	1	2	\N	1	836	836	836
837	2019-02-01	eight	665896.0356	2290808.69	1	2	\N	1	837	837	837
838	2019-02-07	six	665924.8082	2290823.347	1	2	\N	373	838	838	838
839	2019-02-09	twenty	665843.7222	2290866.4269999997	1	2	\N	373	839	839	839
840	2019-02-11	ten	665872.3906	2290891.673	1	2	\N	373	840	840	840
841	2019-02-12	fourteen	665919.5563	2290815.73	1	2	\N	373	841	841	841
842	2019-02-20	eight	665864.0505	2290888.565	1	2	\N	373	842	842	842
843	2019-02-25	sixteen	665899.4522	2290809.48	1	2	\N	373	843	843	843
844	2019-05-09	zero	667637.8401	2288990.275	1	2	\N	1	844	844	844
845	2019-01-01	eight	666650.7518	2294557.741	1	2	\N	1	845	845	845
846	2019-01-09	eight	666663.2747	2294259.9069999997	1	2	\N	1	846	846	846
847	2019-01-15	eight	666607.448	2294241.34	1	2	\N	376	847	847	847
848	2019-01-15	eighteen	666674.8148	2294550.3030000003	1	2	\N	375	848	848	848
849	2019-01-18	eight	666659.8088	2294256.393	1	2	\N	376	849	849	849
850	2019-02-01	zero	666745.2619	2294839.025	1	2	\N	1	850	850	850
851	2019-02-21	eight	666601.4870000001	2294240.2569999998	2	2	\N	376	851	851	851
852	2019-02-24	ten	666776.6305	2295060.623	1	2	\N	375	852	852	852
853	2019-02-25	fourteen	666660.3527	2294258.65	1	2	\N	376	853	853	853
854	2019-03-03	sixteen	666566.2906	2295107.669	1	2	\N	1	854	854	854
855	2019-03-06	eight	666615.6386	2294240.807	1	2	2	376	855	855	855
856	2019-03-19	six	666663.0497	2294256.629	1	2	\N	376	856	856	856
857	2019-03-22	eight	666654.9385	2294556.043	1	2	\N	375	857	857	857
858	2019-03-28	eight	666611.2118	2294240.7630000003	1	2	\N	376	858	858	858
859	2019-05-09	sixteen	666233.0976	2294850.133	1	2	\N	1	859	859	859
860	2019-05-23	eight	666666.3289	2294258.1969999997	1	2	\N	376	860	860	860
861	2019-05-29	eight	666597.8232	2294241.142	1	2	\N	376	861	861	861
862	2019-02-05	fourteen	665321.6449	2291584.701	1	2	\N	1	862	862	862
863	2019-02-11	eight	665777.7295	2291008.103	1	2	\N	380	863	863	863
864	2019-03-13	eighteen	665847.6510000001	2290872.1180000002	1	2	\N	380	864	864	864
865	2019-03-18	six	665768.9805	2291018.153	1	2	\N	380	865	865	865
866	2019-03-19	twenty	665868.796	2290889.602	1	2	2	380	866	866	866
867	2019-03-19	fourteen	665845.515	2290869.41	1	2	\N	380	867	867	867
868	2019-03-21	six	665922.3086	2290820.103	1	2	\N	380	868	868	868
869	2019-03-23	eighteen	665890.5933	2290809.348	1	2	\N	380	869	869	869
870	2019-03-26	ten	665921.3486	2290823.472	1	2	\N	380	870	870	870
871	2019-03-26	twelve	665846.8081	2290863.587	1	2	\N	380	871	871	871
872	2019-03-29	ten	665774.6699	2291005.079	1	2	\N	380	872	872	872
873	2019-02-08	twelve	661398.3634	2285954.591	1	2	\N	1	873	873	873
874	2019-05-27	ten	659404.2359	2281722.249	1	2	\N	1	874	874	874
875	2019-03-20	ten	664981.7548	2285947.397	1	2	\N	1	875	875	875
876	2019-05-27	twenty	NaN	NaN	1	2	\N	1	876	876	876
877	2019-03-22	twelve	666842.3773	2289550.998	1	2	\N	1	877	877	877
878	2019-05-22	ten	665053.0279	2289240.359	1	2	\N	1	878	878	878
879	2019-01-08	eight	669213.9967	2291140.183	1	2	\N	1	879	879	879
880	2019-01-22	six	669059.0053	2291269.159	1	2	\N	387	880	880	880
881	2019-01-24	eighteen	669230.0797	2291153.7819999997	1	2	\N	387	881	881	881
882	2019-02-01	ten	669101.2545	2291215.067	1	2	\N	387	882	882	882
883	2019-02-06	sixteen	669056.7039	2291267.6	1	2	\N	387	883	883	883
884	2019-02-19	sixteen	669225.8284	2291154.123	1	2	\N	387	884	884	884
885	2019-02-19	sixteen	669216.2982	2291141.742	1	2	\N	387	885	885	885
886	2019-02-20	eight	669207.5048	2291440.816	1	2	\N	1	886	886	886
887	2019-03-01	sixteen	669095.7136	2291218.851	1	2	\N	387	887	887	887
888	2019-03-08	twelve	669100.0518	2291219.47	1	2	\N	387	888	888	888
889	2019-03-12	eight	669059.1732	2291266.857	1	2	\N	387	889	889	889
890	2019-03-12	ten	669118.061	2291228.721	1	2	\N	387	890	890	890
891	2019-03-15	ten	669122.431	2291226.173	1	2	\N	387	891	891	891
892	2019-03-18	eighteen	669114.0153	2291227.816	1	2	\N	387	892	892	892
893	2019-03-22	ten	669056.8232	2291270.145	1	2	\N	387	893	893	893
894	2019-03-26	ten	669103.9874	2291216.918	1	2	\N	387	894	894	894
895	2019-05-01	eighteen	669119.4104	2291224.127	1	2	\N	387	895	895	895
896	2019-05-07	eight	669212.1904	2291142.205	1	2	\N	387	896	896	896
897	2019-05-08	ten	669056.0723	2291265.602	1	2	\N	387	897	897	897
898	2019-05-22	ten	669214.7129	2291143.3819999998	1	2	\N	387	898	898	898
899	2019-05-30	twentytwo	666257.0636	2290358.563	2	2	\N	1	899	899	899
900	2019-01-21	eight	663953.6897	2293055.119	4	2	\N	1	900	900	900
901	2019-02-21	eight	664115.7675	2293064.758	1	2	\N	1	901	901	901
902	2019-02-25	eight	663956.4621	2293067.8140000002	1	2	\N	390	902	902	902
903	2019-02-16	ten	670416.2738	2292144.946	1	2	\N	1	903	903	903
904	2019-03-04	zero	664812.0993	2288543.502	1	2	\N	1	904	904	904
905	2019-05-25	ten	664724.2578	2288595.344	1	2	\N	1	905	905	905
906	2019-05-25	twenty	668374.1839	2293442.749	1	2	\N	1	906	906	906
907	2019-02-07	twenty	666094.2339999999	2287316.076	1	2	\N	1	907	907	907
908	2019-05-08	fourteen	NaN	NaN	2	2	\N	1	908	908	908
909	2019-05-19	fourteen	NaN	NaN	2	2	\N	1	909	909	909
910	2019-03-05	eighteen	661694.4689	2297443.5840000003	1	2	\N	1	910	910	910
911	2019-03-31	eighteen	661694.019	2297448.0319999997	1	2	\N	399	911	911	911
912	2019-01-09	eight	661888.6568	2278830.458	1	2	\N	1	912	912	912
913	2019-01-11	twentytwo	662966.5869	2282064.139	1	2	\N	1	913	913	913
914	2019-01-19	ten	662948.2978	2282059.101	1	2	\N	401	914	914	914
915	2019-01-20	twelve	662957.96	2282071.348	1	2	\N	401	915	915	915
916	2019-01-21	eight	662948.2188	2282067.304	1	2	\N	401	916	916	916
917	2019-01-27	zero	661618.6839	2281946.098	1	2	\N	1	917	917	917
918	2019-01-30	eight	662962.9548	2282060.458	1	2	\N	401	918	918	918
919	2019-02-01	eighteen	662954.1041	2282059.1569999997	1	2	\N	401	919	919	919
920	2019-02-18	eight	662960.1372	2282067.419	1	2	\N	401	920	920	920
921	2019-03-09	six	661397.0193	2281923.0209999997	2	2	\N	402	921	921	921
922	2019-03-18	sixteen	662137.4627	2281996.327	1	2	\N	402	922	922	922
923	2019-05-30	eighteen	662943.9317	2282068.174	1	2	\N	401	923	923	923
924	2019-05-31	sixteen	662963.1698	2282069.879	1	2	\N	401	924	924	924
925	2019-02-10	sixteen	673325.6299	2296801.083	1	2	\N	1	925	925	925
926	2019-03-04	eighteen	672093.0441	2297701.324	1	2	\N	1	926	926	926
927	2019-03-10	fourteen	672595.3964	2297179.846	1	2	\N	403	927	927	927
928	2019-05-06	eighteen	672055.9704	2297736.419	1	2	\N	1	928	928	928
929	2019-05-06	fourteen	672842.2595	2297039.067	1	2	\N	1	929	929	929
930	2019-01-18	ten	663320.5652	2279334.047	1	2	\N	1	930	930	930
931	2019-01-25	four	663262.8925	2279236.5719999997	1	2	\N	407	931	931	931
932	2019-03-05	twentytwo	663326.3288	2279338.141	1	2	\N	407	932	932	932
933	2019-03-10	twentytwo	661766.4529	2283047.804	1	2	\N	1	933	933	933
934	2019-01-23	ten	667317.7669	2296257.2180000003	2	2	\N	1	934	934	934
935	2019-01-04	zero	664677.7678	2284838.9930000002	1	2	\N	1	935	935	935
936	2019-03-05	fourteen	664752.0066	2284483.299	1	2	\N	410	936	936	936
937	2019-03-15	zero	667336.1002	2296861.972	1	2	\N	1	937	937	937
938	2019-02-07	eight	662508.0213	2283037.026	1	2	\N	1	938	938	938
939	2019-02-19	six	660321.173	2283177.671	2	2	2	1	939	939	939
940	2019-02-20	six	662165.8812	2283262.1459999997	1	2	\N	1	940	940	940
941	2019-02-25	eight	660345.5618	2283297.869	1	2	\N	413	941	941	941
942	2019-03-02	two	661192.6579	2283048.099	2	2	\N	1	942	942	942
943	2019-03-19	twentytwo	660398.8534	2283551.568	1	2	\N	413	943	943	943
944	2019-03-25	eighteen	661256.2749	2282703.794	1	2	\N	1	944	944	944
945	2019-05-12	twentytwo	661958.2563	2282587.0609999998	1	2	2	1	945	945	945
946	2019-05-12	twenty	661209.073	2283152.074	1	2	\N	1	946	946	946
947	2019-05-13	eight	661926.8517	2282594.836	1	2	\N	417	947	947	947
948	2019-05-23	zero	661199.4371	2283097.766	1	2	\N	1	948	948	948
949	2019-05-12	twentytwo	NaN	NaN	1	2	\N	417	949	949	949
950	2019-03-12	eight	662432.8973	2296893.437	1	2	\N	1	950	950	950
951	2019-01-25	eight	662169.2757	2295735.938	1	2	\N	1	951	951	951
952	2019-01-29	twelve	662673.8466	2295355.805	2	2	\N	1	952	952	952
953	2019-01-29	twelve	662665.7196	2295356.879	2	2	\N	422	953	953	953
954	2019-01-10	twelve	666334.7235	2286979.1459999997	1	2	\N	1	954	954	954
955	2019-03-27	sixteen	673170.9577	2292671.165	1	2	2	1	955	955	955
956	2019-05-13	eight	673184.9326	2292665.544	1	2	\N	424	956	956	956
957	2019-03-18	fourteen	672853.673	2294827.267	1	2	\N	1	957	957	957
958	2019-03-29	eight	672202.1832	2294806.758	1	2	\N	1	958	958	958
959	2019-05-21	sixteen	663599.9252	2284266.8030000003	1	2	\N	1	959	959	959
960	2019-01-01	six	662643.6406	2296711.3430000003	1	2	\N	1	960	960	960
961	2019-01-13	zero	662541.4277	2296040.378	1	2	\N	1	961	961	961
962	2019-01-15	eighteen	662635.7735	2296715.589	1	2	\N	428	962	962	962
963	2019-01-19	eight	662226.3422	2295935.326	1	2	\N	1	963	963	963
964	2019-01-27	twentytwo	662647.6369	2296702.7369999997	1	2	\N	428	964	964	964
965	2019-02-03	six	662628.4581	2296707.738	1	2	\N	428	965	965	965
966	2019-02-04	sixteen	662638.0726	2296702.644	1	2	\N	428	966	966	966
967	2019-02-06	eight	662636.3786	2296709.219	1	2	\N	428	967	967	967
968	2019-02-06	eight	662640.3252	2296705.746	1	2	\N	428	968	968	968
969	2019-02-06	ten	662170.5735	2295732.871	1	2	\N	1	969	969	969
970	2019-02-14	eight	662640.4454	2296715.796	1	2	\N	428	970	970	970
971	2019-02-16	twelve	662646.7867	2296711.9669999997	1	2	\N	428	971	971	971
972	2019-02-17	eighteen	NaN	NaN	1	2	\N	428	972	972	972
973	2019-02-21	fourteen	662575.9361	2296147.64	1	2	\N	1	973	973	973
974	2019-02-27	twenty	662343.9061	2296312.246	1	2	\N	431	974	974	974
975	2019-02-28	twenty	661921.322	2294862.692	1	2	\N	431	975	975	975
976	2019-02-28	sixteen	662644.5859	2296714.756	1	2	\N	428	976	976	976
977	2019-03-01	sixteen	663258.2384	2296248.693	1	2	\N	428	977	977	977
978	2019-03-02	sixteen	662352.2565	2296325.51	1	2	\N	431	978	978	978
979	2019-03-07	sixteen	662643.1395	2296718.2	1	2	\N	428	979	979	979
980	2019-03-15	ten	663243.699	2296257.196	1	2	\N	428	980	980	980
981	2019-03-17	fourteen	663256.6829	2296263.374	1	2	\N	428	981	981	981
982	2019-03-17	sixteen	663269.8094	2296254.856	1	2	\N	428	982	982	982
983	2019-03-19	eight	662648.9981	2296719.337	1	2	\N	428	983	983	983
984	2019-03-21	eight	661670.9011	2296793.328	1	2	\N	432	984	984	984
985	2019-03-25	six	663256.9736	2296255.812	2	2	\N	428	985	985	985
986	2019-03-29	eight	662652.2586	2296719.3680000002	1	2	\N	428	986	986	986
987	2019-03-31	ten	662647.0229	2296721.2630000003	1	2	\N	428	987	987	987
988	2019-05-02	eight	662650.7078	2296722.379	1	2	\N	428	988	988	988
989	2019-05-07	twelve	663251.3302	2296254.893	1	2	\N	428	989	989	989
990	2019-05-09	eighteen	662647.2978	2296715.3219999997	1	2	\N	428	990	990	990
991	2019-05-10	ten	662653.4364	2296721.2169999997	1	2	\N	428	991	991	991
992	2019-05-13	eighteen	663249.9998	2296257.582	1	2	\N	428	992	992	992
993	2019-05-15	sixteen	662641.017	2296712.884	1	2	\N	428	993	993	993
994	2019-05-20	eight	662645.0394	2296712.815	1	2	\N	428	994	994	994
995	2019-05-21	ten	663261.8426	2296258.129	1	2	\N	428	995	995	995
996	2019-05-30	ten	662650.5353	2296717.731	1	2	2	428	996	996	996
997	2019-01-06	twelve	670495.5639	2295677.259	1	2	\N	1	997	997	997
998	2019-01-06	twelve	670497.5401	2295675.333	1	2	\N	433	998	998	998
999	2019-02-07	four	670608.5255	2295858.014	1	2	2	1	999	999	999
1000	2019-01-28	six	671597.0531	2293355.274	1	2	\N	1	1000	1000	1000
1001	2019-02-07	six	661952.7445	2284527.4080000003	1	2	\N	1	1001	1001	1001
1002	2019-02-09	zero	662074.1708	2284217.1380000003	1	2	\N	436	1002	1002	1002
1003	2019-02-16	eighteen	661313.3788	2284345.938	1	2	\N	1	1003	1003	1003
1004	2019-02-26	twelve	660800.4644	2284139.597	1	2	\N	1	1004	1004	1004
1005	2019-03-23	ten	NaN	NaN	2	2	\N	1	1005	1005	1005
1006	2019-01-07	eighteen	666858.8341	2294014.578	1	2	\N	1	1006	1006	1006
1007	2019-01-29	eight	667160.8512	2294222.409	1	2	\N	1	1007	1007	1007
1008	2019-02-05	twentytwo	668358.3828	2294156.712	1	2	\N	441	1008	1008	1008
1009	2019-02-12	twelve	666512.6	2294155.46	1	2	\N	441	1009	1009	1009
1010	2019-02-13	eight	668368.7422	2294152.712	1	2	\N	441	1010	1010	1010
1011	2019-02-15	sixteen	666434.6559	2293828.113	1	2	\N	1	1011	1011	1011
1012	2019-02-20	fourteen	666205.0811	2294016.321	1	2	\N	441	1012	1012	1012
1013	2019-02-20	eighteen	666208.0013	2294016.692	1	2	\N	441	1013	1013	1013
1014	2019-02-21	eighteen	666202.3329	2294015.952	1	2	\N	441	1014	1014	1014
1015	2019-02-22	twelve	666205.3979999999	2294019.06	1	2	\N	441	1015	1015	1015
1016	2019-02-28	eight	666205.6257	2294013.42	1	2	\N	441	1016	1016	1016
1017	2019-03-04	eight	666850.8587	2294211.983	1	2	\N	441	1017	1017	1017
1018	2019-03-05	ten	666223.4821	2294033.943	1	2	\N	441	1018	1018	1018
1019	2019-03-06	sixteen	666191.2153	2294027.127	1	2	\N	441	1019	1019	1019
1020	2019-03-08	sixteen	666207.556	2294044.387	1	2	\N	441	1020	1020	1020
1021	2019-03-08	twentytwo	666226.0567	2294034.481	1	2	\N	441	1021	1021	1021
1022	2019-03-13	fourteen	666210.2924	2294045.953	1	2	\N	441	1022	1022	1022
1023	2019-03-14	six	666193.6195	2294027.4930000002	1	2	\N	441	1023	1023	1023
1024	2019-03-15	twenty	666188.8127	2294026.591	1	2	\N	441	1024	1024	1024
1025	2019-03-18	eighteen	666206.4988	2294046.941	1	2	\N	441	1025	1025	1025
1026	2019-03-26	eighteen	666221.0694	2294034.432	1	2	\N	441	1026	1026	1026
1027	2019-03-26	sixteen	666443.5041	2293837.775	1	2	\N	442	1027	1027	1027
1028	2019-03-30	twenty	666205.1391	2294045.3030000003	1	2	\N	441	1028	1028	1028
1029	2019-05-07	fourteen	666454.7074	2293852.762	1	2	\N	442	1029	1029	1029
1030	2019-05-07	sixteen	666454.3381	2293855.3230000003	1	2	2	442	1030	1030	1030
1031	2019-05-12	six	666190.5037	2294029.514	1	2	\N	441	1031	1031	1031
1032	2019-05-19	sixteen	666222.7655	2294036.8430000003	1	2	\N	441	1032	1032	1032
1033	2019-05-19	eighteen	666505.2969	2294198.304	1	2	\N	441	1033	1033	1033
1034	2019-05-19	sixteen	667172.3767	2294222.182	1	2	\N	441	1034	1034	1034
1035	2019-05-19	sixteen	667170.8018	2294224.902	1	2	\N	441	1035	1035	1035
1036	2019-05-31	ten	666848.3674	2294012.081	1	2	\N	440	1036	1036	1036
1037	2019-03-09	zero	664201.0477	2280775.259	1	2	\N	1	1037	1037	1037
1038	2019-03-13	eight	664214.8909	2280767.693	1	2	\N	443	1038	1038	1038
1039	2019-01-04	sixteen	NaN	NaN	1	2	\N	1	1039	1039	1039
1040	2019-01-28	twenty	660351.4716	2289926.247	1	2	\N	444	1040	1040	1040
1041	2019-01-31	twentytwo	660330.5683	2289953.625	1	2	\N	444	1041	1041	1041
1042	2019-02-02	fourteen	660341.0473	2289937.051	1	2	\N	1	1042	1042	1042
1043	2019-02-10	eighteen	660363.0701	2289927.64	1	2	\N	445	1043	1043	1043
1044	2019-02-14	ten	660340.9133	2289951.1580000003	1	2	\N	445	1044	1044	1044
1045	2019-02-19	eighteen	660334.5177	2289945.326	1	2	\N	445	1045	1045	1045
1046	2019-02-24	fourteen	660347.5404	2289932.623	1	2	\N	445	1046	1046	1046
1047	2019-03-11	ten	660338.4306	2289940.874	1	2	\N	445	1047	1047	1047
1048	2019-03-30	ten	660344.3	2289934.196	1	2	2	445	1048	1048	1048
1049	2019-01-02	eight	664439.7843	2295352.232	1	2	\N	1	1049	1049	1049
1050	2019-01-02	sixteen	664910.9699	2295014.797	1	2	\N	446	1050	1050	1050
1051	2019-01-04	twelve	664923.329	2295004.018	1	2	\N	446	1051	1051	1051
1052	2019-01-05	fourteen	664916.8239	2295009.725	1	2	\N	446	1052	1052	1052
1053	2019-01-05	ten	664418.351	2295384.24	1	2	\N	446	1053	1053	1053
1054	2019-01-08	twentytwo	664415.2457	2295372.028	1	2	\N	446	1054	1054	1054
1055	2019-01-11	sixteen	664420.0006	2295380.409	1	2	\N	446	1055	1055	1055
1056	2019-01-12	ten	664418.1882	2295367.889	1	2	\N	446	1056	1056	1056
1057	2019-01-14	eighteen	664912.7857	2295010.4869999997	2	2	\N	446	1057	1057	1057
1058	2019-01-18	six	664905.1604	2294998.871	1	2	\N	446	1058	1058	1058
1059	2019-01-19	fourteen	664903.1881	2295002.699	1	2	\N	446	1059	1059	1059
1060	2019-01-23	six	664907.5985	2295013.321	2	2	\N	446	1060	1060	1060
1061	2019-01-24	fourteen	664908.0905	2294996.015	1	2	2	446	1061	1061	1061
1062	2019-01-27	eight	664901.2881	2294999.154	1	2	\N	446	1062	1062	1062
1063	2019-01-28	eight	664416.5949	2295382.4590000003	1	2	\N	446	1063	1063	1063
1064	2019-01-29	eight	664914.5857	2295007.779	1	2	\N	446	1064	1064	1064
1065	2019-02-06	sixteen	664907.5739	2294999.376	1	2	\N	446	1065	1065	1065
1066	2019-02-09	twenty	664864.8392	2296580.101	1	2	\N	1	1066	1066	1066
1067	2019-02-17	eight	664417.9926	2295371.414	1	2	\N	446	1067	1067	1067
1068	2019-02-18	four	664914.2099	2295013.225	1	2	\N	446	1068	1068	1068
1069	2019-02-23	eighteen	664905.6692	2294996.312	1	2	\N	446	1069	1069	1069
1070	2019-03-05	sixteen	664420.6142	2295383.621	1	2	\N	446	1070	1070	1070
1071	2019-03-06	six	664415.2755	2295368.983	1	2	\N	446	1071	1071	1071
1072	2019-03-12	ten	664418.8565	2295382.001	1	2	\N	446	1072	1072	1072
1073	2019-03-20	twelve	664414.8982	2295374.589	1	2	\N	446	1073	1073	1073
1074	2019-05-06	sixteen	664417.3586	2295386.794	1	2	\N	446	1074	1074	1074
1075	2019-05-06	eighteen	664438.4601	2295355.746	1	2	\N	446	1075	1075	1075
1076	2019-05-15	twentytwo	664436.7166	2295352.683	1	2	\N	446	1076	1076	1076
1077	2019-05-22	ten	664441.3792	2295354.011	1	2	\N	446	1077	1077	1077
1078	2019-05-02	twentytwo	NaN	NaN	1	2	\N	1	1078	1078	1078
1079	2019-03-31	twentytwo	662531.8381	2290102.306	1	2	2	1	1079	1079	1079
1080	2019-05-21	twentytwo	NaN	NaN	1	2	\N	1	1080	1080	1080
1081	2019-01-10	twelve	664725.3454	2295135.116	1	2	\N	1	1081	1081	1081
1082	2019-01-13	fourteen	664734.298	2295142.897	1	2	\N	451	1082	1082	1082
1083	2019-02-11	fourteen	NaN	NaN	1	2	2	1	1083	1083	1083
1084	2019-02-17	eight	664725.6913	2295132.715	1	2	\N	451	1084	1084	1084
1085	2019-02-18	two	664731.6982	2295144.956	1	2	\N	451	1085	1085	1085
1086	2019-03-07	twenty	664915.038	2295010.99	1	2	\N	451	1086	1086	1086
1087	2019-03-13	ten	664903.6953	2295000.3	1	2	\N	451	1087	1087	1087
1088	2019-03-20	eight	664909.2248	2295011.894	1	2	\N	451	1088	1088	1088
1089	2019-03-30	eight	664909.3583	2294998.2709999997	1	2	\N	451	1089	1089	1089
1090	2019-03-30	ten	664728.0813	2295135.624	1	2	\N	451	1090	1090	1090
1091	2019-05-19	two	664905.9413	2295001.444	1	2	\N	451	1091	1091	1091
1092	2019-05-16	six	671878.5234	2294127.69	1	2	\N	1	1092	1092	1092
1093	2019-03-08	two	666547.2575	2295882.808	1	2	\N	1	1093	1093	1093
1094	2019-05-19	eighteen	666523.0859	2295881.607	2	2	\N	454	1094	1094	1094
1095	2019-01-02	ten	663819.2034	2282726.252	1	2	\N	1	1095	1095	1095
1096	2019-01-08	sixteen	663536.9136	2282231.702	1	2	\N	1	1096	1096	1096
1097	2019-02-05	sixteen	664003.6516	2282432.7290000003	1	2	\N	1	1097	1097	1097
1098	2019-02-14	twentytwo	664016.6009	2282445.125	2	2	\N	457	1098	1098	1098
1099	2019-02-16	six	664718.0959	2282956.474	1	2	\N	457	1099	1099	1099
1100	2019-03-02	eight	663335.168	2282107.9480000003	1	2	\N	457	1100	1100	1100
1101	2019-03-06	eighteen	662966.4265	2282058.921	1	2	\N	1	1101	1101	1101
1102	2019-03-07	sixteen	662951.3564	2282059.318	1	2	2	458	1102	1102	1102
1103	2019-03-09	twelve	662948.8979	2282069.58	1	2	\N	458	1103	1103	1103
1104	2019-03-15	four	663512.7777	2283001.812	1	2	\N	1	1104	1104	1104
1105	2019-03-16	twentytwo	662949.669	2282064.8959999997	1	2	\N	458	1105	1105	1105
1106	2019-05-07	zero	663512.1809	2283007.22	1	2	\N	455	1106	1106	1106
1107	2019-01-29	ten	664618.5163	2288094.797	1	2	\N	1	1107	1107	1107
1108	2019-02-12	sixteen	665197.1723	2280560.241	1	2	\N	1	1108	1108	1108
1109	2019-02-23	four	664391.7151	2281062.42	1	2	\N	1	1109	1109	1109
1110	2019-02-23	four	664568.4683	2281325.6319999998	1	2	\N	1	1110	1110	1110
1111	2019-03-09	four	665093.0804	2281224.35	1	2	\N	1	1111	1111	1111
1112	2019-05-29	fourteen	664907.0231	2280574.674	1	2	\N	1	1112	1112	1112
1113	2019-01-03	twenty	667763.6321	2293611.613	1	2	\N	1	1113	1113	1113
1114	2019-01-29	fourteen	667750.7356	2293615.5930000003	1	2	\N	466	1114	1114	1114
1115	2019-01-28	six	663234.3378	2281436.164	1	2	\N	1	1115	1115	1115
1116	2019-02-11	four	663333.8519	2284864.4669999997	1	2	\N	1	1116	1116	1116
1117	2019-02-27	twenty	663363.2592	2285271.156	1	2	\N	1	1117	1117	1117
1118	2019-02-28	eighteen	663334.2154	2285228.232	1	2	\N	469	1118	1118	1118
1119	2019-02-20	ten	664788.9123	2287336.663	1	2	2	1	1119	1119	1119
1120	2019-01-15	eight	NaN	NaN	1	2	\N	1	1120	1120	1120
1121	2019-01-29	two	665170.2351	2285172.3340000003	1	2	\N	1	1121	1121	1121
1122	2019-03-09	sixteen	665371.4707	2285099.801	2	2	\N	1	1122	1122	1122
1123	2019-01-08	eight	664898.3339	2287257.333	1	2	\N	1	1123	1123	1123
1124	2019-01-25	six	664884.5544	2287249.54	1	2	\N	1	1124	1124	1124
1125	2019-02-14	eight	664655.1043	2287350.0319999997	1	2	\N	475	1125	1125	1125
1126	2019-03-22	eighteen	665043.2018	2287166.565	1	2	\N	474	1126	1126	1126
1127	2019-05-03	eight	664985.6871	2287207.182	1	2	2	474	1127	1127	1127
1128	2019-05-23	ten	665049.6991	2287170.963	1	2	\N	474	1128	1128	1128
1129	2019-05-30	sixteen	664392.6419	2287438.067	1	2	\N	1	1129	1129	1129
1130	2019-02-07	ten	667839.775	2290855.627	1	2	\N	1	1130	1130	1130
1131	2019-02-27	fourteen	667837.1209	2290859.501	1	2	\N	477	1131	1131	1131
1132	2019-01-15	eight	664651.1589	2292490.517	1	2	\N	1	1132	1132	1132
1133	2019-01-18	ten	664641.9174	2292499.527	1	2	\N	478	1133	1133	1133
1134	2019-01-19	sixteen	664645.3195	2292485.91	1	2	\N	478	1134	1134	1134
1135	2019-01-21	ten	664951.6845	2292079.735	1	2	\N	1	1135	1135	1135
1136	2019-01-22	six	664633.0029	2292491.8019999997	1	2	\N	478	1136	1136	1136
1137	2019-01-25	sixteen	664645.7606	2292490.952	1	2	\N	478	1137	1137	1137
1138	2019-01-30	sixteen	664632.6316	2292496.348	1	2	\N	478	1138	1138	1138
1139	2019-01-31	eight	664648.7375	2292487.406	1	2	\N	478	1139	1139	1139
1140	2019-02-02	zero	664629.0582	2292494.039	1	2	\N	478	1140	1140	1140
1141	2019-02-05	sixteen	665427.1129	2290620.688	1	2	\N	1	1141	1141	1141
1142	2019-02-08	six	664640.9432	2292482.13	1	2	\N	478	1142	1142	1142
1143	2019-02-15	twenty	664625.8561	2292487.182	1	2	\N	478	1143	1143	1143
1144	2019-02-19	fourteen	664638.2964	2292485.3540000003	1	2	\N	478	1144	1144	1144
1145	2019-02-20	sixteen	664625.8275	2292490.107	1	2	\N	478	1145	1145	1145
1146	2019-02-21	sixteen	664641.8699	2292487.664	1	2	\N	478	1146	1146	1146
1147	2019-02-28	six	664636.3828	2292480.46	1	2	\N	478	1147	1147	1147
1148	2019-02-28	eight	664629.7595	2292489.171	1	2	\N	478	1148	1148	1148
1149	2019-02-28	ten	664887.2895	2292195.942	1	2	\N	479	1149	1149	1149
1150	2019-03-02	twelve	664622.2541	2292487.797	1	2	\N	478	1150	1150	1150
1151	2019-03-04	twenty	664642.3872	2292484.9069999997	1	2	\N	478	1151	1151	1151
1152	2019-03-04	eighteen	664635.4339	2292493.938	1	2	\N	478	1152	1152	1152
1153	2019-03-04	zero	664638.1917	2292496.078	1	2	\N	478	1153	1153	1153
1154	2019-03-12	ten	664647.2459	2292489.504	2	2	2	478	1154	1154	1154
1155	2019-03-14	eight	664639.6579	2292479.8419999997	1	2	\N	478	1155	1155	1155
1156	2019-03-15	ten	664895.7363	2292184.65	1	2	\N	479	1156	1156	1156
1157	2019-03-21	six	664638.9724	2292483.086	1	2	\N	478	1157	1157	1157
1158	2019-03-22	twentytwo	664628.1394	2292487.692	1	2	\N	478	1158	1158	1158
1159	2019-03-30	twelve	664628.9138	2292492.087	1	2	\N	478	1159	1159	1159
1160	2019-05-07	eighteen	664644.4722	2292488.989	1	2	\N	478	1160	1160	1160
1161	2019-05-10	eighteen	664643.2266	2292482.64	1	2	\N	478	1161	1161	1161
1162	2019-05-23	twentytwo	666190.8966	2294024.559	1	2	\N	478	1162	1162	1162
1163	2019-05-28	ten	666209.9670000001	2294044.069	1	2	\N	478	1163	1163	1163
1164	2019-01-26	ten	665021.8355	2289935.016	1	2	\N	1	1164	1164	1164
1165	2019-01-29	eighteen	665027.2129	2289948.066	1	2	\N	481	1165	1165	1165
1166	2019-02-22	twentytwo	665024.8649	2289941.886	1	2	\N	481	1166	1166	1166
1167	2019-01-21	six	661369.4439	2288805.821	1	2	\N	1	1167	1167	1167
1168	2019-03-30	eighteen	661369.5877	2288790.772	1	2	\N	482	1168	1168	1168
1169	2019-05-13	two	660019.1888	2298863.616	1	2	\N	1	1169	1169	1169
1170	2019-01-24	six	660033.0481	2298852.637	1	2	\N	1	1170	1170	1170
1171	2019-02-03	fourteen	660027.9338	2298893.184	1	2	\N	484	1171	1171	1171
1172	2019-02-18	ten	660036.3115	2298871.043	1	2	\N	484	1172	1172	1172
1173	2019-03-12	six	660014.2428	2298841.348	1	2	\N	484	1173	1173	1173
1174	2019-03-26	ten	660028.0899	2298831.651	1	2	\N	484	1174	1174	1174
1175	2019-03-29	twentytwo	660000.4947	2298795.494	1	2	\N	484	1175	1175	1175
1176	2019-01-09	fourteen	661175.7395	2289624.4680000003	1	2	\N	1	1176	1176	1176
1177	2019-01-13	six	661181.2027	2289615.327	1	2	\N	485	1177	1177	1177
1178	2019-01-17	ten	661173.8329	2289621.457	1	2	2	485	1178	1178	1178
1179	2019-01-18	fourteen	661182.0199	2289619.825	1	2	\N	485	1179	1179	1179
1180	2019-01-24	twenty	661175.4959	2289627.458	1	2	\N	485	1180	1180	1180
1181	2019-01-25	twenty	661184.4116	2289617.068	1	2	\N	485	1181	1181	1181
1182	2019-01-25	eight	661180.3161	2289618.098	1	2	\N	485	1182	1182	1182
1183	2019-01-29	fourteen	660925.3428	2289250.744	1	2	\N	485	1183	1183	1183
1184	2019-01-30	twelve	661172.8367	2289624.44	1	2	\N	485	1184	1184	1184
1185	2019-02-01	fourteen	661182.5799	2289617.478	1	2	2	485	1185	1185	1185
1186	2019-02-07	eighteen	661177.5896	2289622.134	1	2	\N	485	1186	1186	1186
1187	2019-02-09	two	661183.36	2289614.6	1	2	\N	485	1187	1187	1187
1188	2019-02-13	eighteen	661175.8827	2289620.728	1	2	\N	485	1188	1188	1188
1189	2019-02-25	six	661178.1067	2289624.276	1	2	\N	485	1189	1189	1189
1190	2019-03-09	twelve	661178.9358	2289616.268	1	2	2	485	1190	1190	1190
1191	2019-03-13	eight	661174.3275	2289625.951	1	2	\N	485	1191	1191	1191
1192	2019-03-24	sixteen	660397.9951	2290117.288	1	2	\N	1	1192	1192	1192
1193	2019-05-16	twenty	661186.5373	2289619.654	1	2	\N	485	1193	1193	1193
1194	2019-05-31	eight	661172.1352	2289619.089	1	2	\N	485	1194	1194	1194
1195	2019-02-14	sixteen	664719.9276	2288620.962	1	2	\N	1	1195	1195	1195
1196	2019-02-16	twelve	664800.3254	2288624.312	1	2	\N	487	1196	1196	1196
1197	2019-02-27	ten	664793.6991	2288642.206	1	2	\N	487	1197	1197	1197
1198	2019-03-14	fourteen	664720.8545	2288614.13	1	2	\N	487	1198	1198	1198
1199	2019-03-21	zero	664796.9224	2288620.431	1	2	\N	487	1199	1199	1199
1200	2019-05-02	twenty	664165.0666	2292026.503	1	2	\N	1	1200	1200	1200
1201	2019-05-03	twentytwo	664151.2989	2292027.223	1	2	\N	488	1201	1201	1201
1202	2019-03-01	eight	665434.063	2290623.812	1	2	\N	1	1202	1202	1202
1203	2019-03-06	sixteen	665084.7032	2290463.483	1	2	\N	1	1203	1203	1203
1204	2019-03-14	six	665660.0321	2291130.1980000003	1	2	\N	1	1204	1204	1204
1205	2019-03-16	twelve	665008.006	2289895.695	1	2	2	489	1205	1205	1205
1206	2019-03-27	eighteen	NaN	NaN	1	2	\N	491	1206	1206	1206
1207	2019-03-27	twentytwo	665214.9942	2290366.53	1	2	\N	489	1207	1207	1207
1208	2019-05-09	twelve	665048.8934	2290002.556	1	2	\N	489	1208	1208	1208
1209	2019-05-13	twelve	665111.1976	2290458.825	1	2	\N	1	1209	1209	1209
1210	2019-05-15	eight	665023.7825	2289948.1180000002	1	2	\N	489	1210	1210	1210
1211	2019-05-28	twenty	665218.9503	2290374.264	1	2	\N	489	1211	1211	1211
1212	2019-05-28	twelve	665019.3769	2289936.852	2	2	\N	489	1212	1212	1212
1213	2019-02-01	eighteen	NaN	NaN	1	2	\N	1	1213	1213	1213
1214	2019-01-11	zero	671741.7202	2293692.5930000003	1	2	\N	1	1214	1214	1214
1215	2019-01-10	twelve	665781.7482	2288655.352	1	2	\N	1	1215	1215	1215
1216	2019-05-13	sixteen	666366.5937	2288769.819	1	2	\N	1	1216	1216	1216
1217	2019-05-17	four	662244.8917	2285178.043	1	2	\N	1	1217	1217	1217
1218	2019-05-28	zero	658972.5085	2299490.454	1	2	\N	1	1218	1218	1218
1219	2019-01-01	eight	666446.4587	2296540.254	1	2	\N	1	1219	1219	1219
1220	2019-05-25	twenty	666521.9168	2295730.7290000003	1	2	\N	1	1220	1220	1220
1221	2019-01-15	twentytwo	663383.0724	2293793.0530000003	1	2	\N	1	1221	1221	1221
1222	2019-05-24	eighteen	666239.2797	2290381.044	1	2	\N	1	1222	1222	1222
1223	2019-05-30	fourteen	666238.8128	2290385.267	1	2	\N	502	1223	1223	1223
1224	2019-02-10	four	663352.1298	2293016.107	1	2	\N	1	1224	1224	1224
1225	2019-03-26	ten	668417.67	2291244.639	1	2	\N	1	1225	1225	1225
1226	2019-02-03	four	664963.74	2282021.759	2	2	\N	1	1226	1226	1226
1227	2019-03-02	sixteen	664733.384	2281838.97	1	2	\N	1	1227	1227	1227
1228	2019-03-06	eight	664486.7535	2282756.47	1	2	2	1	1228	1228	1228
1229	2019-05-07	six	664022.065	2282445.336	1	2	\N	1	1229	1229	1229
1230	2019-01-17	fourteen	661715.7895	2285163.008	1	2	\N	1	1230	1230	1230
1231	2019-01-22	ten	661706.4725	2285136.49	1	2	\N	509	1231	1231	1231
1232	2019-01-25	ten	661696.6703	2285160.711	1	2	\N	509	1232	1232	1232
1233	2019-01-26	fourteen	661724.5082	2285140.891	1	2	\N	509	1233	1233	1233
1234	2019-01-29	twenty	661717.2526	2285149.014	1	2	\N	509	1234	1234	1234
1235	2019-02-23	fourteen	661703.4296	2285148.8819999998	1	2	\N	509	1235	1235	1235
1236	2019-03-05	twelve	661762.3721	2285156.846	1	2	\N	509	1236	1236	1236
1237	2019-03-07	sixteen	661670.7704	2285116.855	1	2	\N	509	1237	1237	1237
1238	2019-03-26	twentytwo	661652.2434	2285108.221	1	2	\N	509	1238	1238	1238
1239	2019-05-07	two	661789.932	2285166.096	1	2	\N	509	1239	1239	1239
1240	2019-05-24	ten	661714.0121	2285154.269	1	2	\N	509	1240	1240	1240
1241	2019-05-28	eighteen	661709.3334	2285143.124	1	2	\N	509	1241	1241	1241
1242	2019-01-09	twenty	668055.1532	2294923.116	1	2	\N	1	1242	1242	1242
1243	2019-02-01	eight	669257.2265	2291588.055	1	2	\N	1	1243	1243	1243
1244	2019-03-19	zero	663316.6987	2284864.673	1	2	\N	1	1244	1244	1244
1245	2019-01-05	eighteen	664159.6938	2292032.489	1	2	\N	1	1245	1245	1245
1246	2019-01-12	fourteen	664166.4696	2292032.555	1	2	\N	513	1246	1246	1246
1247	2019-01-13	sixteen	663378.0079999999	2293060.3419999997	1	2	\N	1	1247	1247	1247
1248	2019-01-20	zero	663364.4879	2293057.0409999997	1	2	2	514	1248	1248	1248
1249	2019-01-20	two	663378.4862	2293093.236	1	2	\N	514	1249	1249	1249
1250	2019-01-21	twenty	663364.6751	2293078.837	1	2	\N	514	1250	1250	1250
1251	2019-01-22	fourteen	663378.5588	2292859.643	1	2	2	514	1251	1251	1251
1252	2019-01-24	eighteen	663376.5458	2293067.2630000003	1	2	\N	514	1252	1252	1252
1253	2019-01-27	twentytwo	663373.5262	2292720.903	1	2	\N	1	1253	1253	1253
1254	2019-01-28	fourteen	663615.5375	2293043.0330000003	1	2	\N	1	1254	1254	1254
1255	2019-01-30	twenty	663359.1876	2292719.773	1	2	\N	514	1255	1255	1255
1256	2019-01-31	twelve	663370.5485	2292719.685	1	2	\N	515	1256	1256	1256
1257	2019-02-08	eighteen	663363.8247	2293063.7709999997	1	2	\N	514	1257	1257	1257
1258	2019-02-10	eight	663613.9702	2293040.244	1	2	\N	516	1258	1258	1258
1259	2019-02-11	six	663455.5464	2292093.212	1	2	\N	515	1259	1259	1259
1260	2019-02-11	fourteen	664160.5353	2292027.94	1	2	\N	513	1260	1260	1260
1261	2019-02-14	ten	663375.2623	2293055.759	1	2	\N	514	1261	1261	1261
1262	2019-02-15	four	663366.6473	2293060.43	1	2	\N	514	1262	1262	1262
1263	2019-02-16	eight	663365.9592	2293069.736	1	2	\N	514	1263	1263	1263
1264	2019-02-18	ten	663361.62	2292859.4790000003	1	2	\N	514	1264	1264	1264
1265	2019-02-23	fourteen	663377.0822	2293073.608	1	2	\N	514	1265	1265	1265
1266	2019-03-04	ten	663363.5313	2293073.477	1	2	\N	514	1266	1266	1266
1267	2019-03-13	eight	663421.5636	2292103.582	1	2	\N	515	1267	1267	1267
1268	2019-03-14	four	663418.1839	2292082.151	1	2	\N	515	1268	1268	1268
1269	2019-03-14	twelve	664163.4591	2292034.705	1	2	\N	513	1269	1269	1269
1270	2019-03-17	eight	664163.8924	2292031.143	1	2	\N	513	1270	1270	1270
1271	2019-03-22	eighteen	NaN	NaN	1	2	\N	515	1271	1271	1271
1272	2019-03-25	twenty	663378.8473	2293055.992	1	2	\N	514	1272	1272	1272
1273	2019-03-25	twelve	664164.9499	2292035.116	2	2	\N	513	1273	1273	1273
1274	2019-03-26	ten	663353.4498	2293064.958	1	2	\N	514	1274	1274	1274
1275	2019-03-26	twelve	664161.7558	2292030.527	1	2	\N	513	1275	1275	1275
1276	2019-03-29	six	663346.8815	2293058.951	1	2	\N	514	1276	1276	1276
1277	2019-03-30	twenty	663357.5095	2293071.3	1	2	\N	514	1277	1277	1277
1278	2019-03-30	sixteen	663379.0154	2293070.654	1	2	\N	514	1278	1278	1278
1279	2019-05-14	twelve	663888.5861	2293041.233	1	2	\N	1	1279	1279	1279
1280	2019-05-21	eight	663375.1311	2293063.264	1	2	\N	514	1280	1280	1280
1281	2019-05-30	four	663350.0351	2293061.652	1	2	\N	514	1281	1281	1281
1282	2019-05-30	ten	663375.6442	2292903.906	1	2	\N	515	1282	1282	1282
1283	2019-05-30	fourteen	663379.1227	2293077.3230000003	1	2	\N	514	1283	1283	1283
1284	2019-01-26	twentytwo	663453.4779	2292105.344	1	2	\N	1	1284	1284	1284
1285	2019-01-30	fourteen	663424.5088	2292112.759	1	2	\N	518	1285	1285	1285
1286	2019-03-25	eighteen	663452.3763	2292112.516	1	2	2	518	1286	1286	1286
1287	2019-03-25	eighteen	663428.051	2292119.975	1	2	\N	518	1287	1287	1287
1288	2019-05-16	eighteen	666366.6426	2290188.485	1	2	\N	1	1288	1288	1288
1289	2019-05-28	fourteen	NaN	NaN	1	2	\N	1	1289	1289	1289
1290	2019-05-30	twelve	666282.6733	2290297.324	1	2	\N	519	1290	1290	1290
1291	2019-01-19	fourteen	664363.0673	2293087.256	1	2	\N	1	1291	1291	1291
1292	2019-02-04	eighteen	664236.0717	2293179.554	1	2	\N	1	1292	1292	1292
1293	2019-02-08	eight	664351.426	2293111.148	1	2	\N	521	1293	1293	1293
1294	2019-05-22	sixteen	664919.755	2294260.9269999997	1	2	\N	1	1294	1294	1294
1295	2019-01-04	twenty	665373.0441	2290582.422	1	2	\N	1	1295	1295	1295
1296	2019-01-05	two	665867.397	2290887.333	1	2	\N	1	1296	1296	1296
1297	2019-01-09	six	665845.9182	2290874.8619999997	1	2	\N	525	1297	1297	1297
1298	2019-01-12	fourteen	665924.1192	2290827.102	1	2	\N	525	1298	1298	1298
1299	2019-01-15	eighteen	665897.7356	2290811.793	1	2	\N	525	1299	1299	1299
1300	2019-01-25	ten	665636.1079	2291161.101	1	2	\N	525	1300	1300	1300
1301	2019-02-27	twelve	665594.0913	2290728.49	1	2	\N	524	1301	1301	1301
1302	2019-03-06	sixteen	665355.1337	2290570.24	1	2	\N	524	1302	1302	1302
1303	2019-03-26	eight	665373.8779	2290584.121	1	2	\N	524	1303	1303	1303
1304	2019-05-01	twelve	665631.793	2291167.484	1	2	\N	525	1304	1304	1304
1305	2019-05-01	sixteen	665848.0389	2290866.767	1	2	\N	525	1305	1305	1305
1306	2019-05-05	ten	665566.2348	2290707.249	1	2	\N	524	1306	1306	1306
1307	2019-05-07	sixteen	665872.335	2290886.789	1	2	\N	525	1307	1307	1307
1308	2019-05-12	fourteen	665439.6263	2290626.701	1	2	\N	524	1308	1308	1308
1309	2019-05-16	eight	665893.307	2290812.426	1	2	\N	525	1309	1309	1309
1310	2019-05-19	zero	665886.8342	2290813.376	1	2	\N	525	1310	1310	1310
1311	2019-05-21	eighteen	665562.6814	2290705.3540000003	1	2	\N	524	1311	1311	1311
1312	2019-05-21	sixteen	665656.7771	2291134.7569999998	1	2	\N	525	1312	1312	1312
1313	2019-05-24	fourteen	665597.8263	2290729.203	1	2	\N	524	1313	1313	1313
1314	2019-05-27	twenty	665593.9495	2290725.614	1	2	\N	524	1314	1314	1314
1315	2019-05-28	twelve	665634.0421	2291163.617	1	2	2	525	1315	1315	1315
1316	2019-05-28	twelve	665570.1183	2290710.161	1	2	\N	524	1316	1316	1316
1317	2019-06-06	ten	665657.8274	2291131.724	4	2	\N	525	1317	1317	1317
1318	2019-01-12	zero	661254.8874	2282299.358	1	2	\N	1	1318	1318	1318
1319	2019-01-22	eighteen	666508.0895	2284124.432	1	2	\N	1	1319	1319	1319
1320	2019-02-14	six	666200.115	2283932.621	1	2	2	1	1320	1320	1320
1321	2019-03-09	eight	666103.7805	2283865.702	1	2	\N	528	1321	1321	1321
1322	2019-03-24	six	NaN	NaN	1	2	\N	1	1322	1322	1322
1323	2019-05-31	eight	666634.0722	2283512.878	1	2	\N	528	1323	1323	1323
1324	2019-02-01	twelve	667658.4839999999	2293256.958	1	2	\N	1	1324	1324	1324
1325	2019-03-06	eighteen	667745.1629	2292974.254	1	2	2	1	1325	1325	1325
1326	2019-03-13	twenty	667628.3501	2292984.504	1	2	\N	531	1326	1326	1326
1327	2019-05-10	eight	665993.5224	2281983.113	1	2	\N	1	1327	1327	1327
1328	2019-01-11	two	NaN	NaN	2	2	\N	1	1328	1328	1328
1329	2019-03-31	fourteen	664637.7863	2281492.8680000002	1	2	\N	1	1329	1329	1329
1330	2019-05-07	eight	664561.7837	2281556.366	1	2	2	1	1330	1330	1330
1331	2019-02-06	eight	667645.7095	2293162.758	1	2	\N	1	1331	1331	1331
1332	2019-03-22	ten	668220.166	2295658.816	1	2	\N	1	1332	1332	1332
1333	2019-05-21	six	668209.9033	2295668.817	1	2	\N	1	1333	1333	1333
1334	2019-05-28	twelve	668215.6294	2295664.12	1	2	\N	538	1334	1334	1334
1335	2019-03-03	six	666540.1267	2287991.115	1	2	\N	1	1335	1335	1335
1336	2019-03-26	sixteen	665885.7174	2287941.866	1	2	\N	1	1336	1336	1336
1337	2019-01-31	fourteen	666789.2924	2284316.356	1	2	\N	1	1337	1337	1337
1338	2019-03-07	sixteen	663223.9837	2282372.421	1	2	\N	1	1338	1338	1338
1339	2019-02-07	fourteen	663897.2346	2294690.6319999998	1	2	2	1	1339	1339	1339
1340	2019-02-25	eighteen	663201.4243	2294383.327	1	2	\N	1	1340	1340	1340
1341	2019-05-19	ten	663965.5029	2294241.31	1	2	\N	543	1341	1341	1341
1342	2019-05-25	two	663983.7487	2294232.461	1	2	\N	543	1342	1342	1342
1343	2019-02-11	sixteen	662248.2426	2285192.877	1	2	\N	1	1343	1343	1343
1344	2019-05-03	twenty	666605.2281	2293730.809	1	2	\N	1	1344	1344	1344
1345	2019-05-20	ten	667660.2415	2293160.151	1	2	\N	1	1345	1345	1345
1346	2019-02-01	four	668897.7512	2295226.121	1	2	\N	1	1346	1346	1346
1347	2019-03-13	fourteen	660864.558	2288770.52	1	2	\N	1	1347	1347	1347
1348	2019-02-19	ten	663847.8884	2290207.746	1	2	\N	1	1348	1348	1348
1349	2019-05-16	ten	663880.1242	2290629.019	1	2	\N	550	1349	1349	1349
1350	2019-05-19	fourteen	663844.7679	2290178.373	1	2	\N	550	1350	1350	1350
1351	2019-05-24	six	663858.3677	2290180.762	1	2	\N	550	1351	1351	1351
1352	2019-05-24	eighteen	663855.8508	2290206.131	1	2	\N	550	1352	1352	1352
1353	2019-02-12	eight	NaN	NaN	1	2	\N	1	1353	1353	1353
1354	2019-01-23	twentytwo	665926.5565	2290826.067	1	2	\N	1	1354	1354	1354
1355	2019-01-23	fourteen	665886.691	2290810.721	1	2	\N	552	1355	1355	1355
1356	2019-01-26	six	665865.7495	2290891.208	1	2	\N	552	1356	1356	1356
1357	2019-01-26	eight	665843.9035	2290861.65	1	2	\N	552	1357	1357	1357
1358	2019-01-29	fourteen	665875.7066	2290888.766	1	2	\N	552	1358	1358	1358
1359	2019-02-03	six	665287.677	2290453.2909999997	1	2	\N	1	1359	1359	1359
1360	2019-02-09	sixteen	665285.6396	2290450.892	1	2	\N	553	1360	1360	1360
1361	2019-02-24	twelve	666511.5133	2292620.805	1	2	\N	1	1361	1361	1361
1362	2019-05-03	eighteen	666438.4007	2292930.204	1	2	\N	1	1362	1362	1362
1363	2019-03-20	eight	658660.6288	2300680.946	1	2	\N	1	1363	1363	1363
1364	2019-01-12	eight	666702.1051	2292796.148	1	2	\N	1	1364	1364	1364
1365	2019-01-24	eight	666975.4965	2293419.085	1	2	\N	1	1365	1365	1365
1366	2019-02-21	ten	666913.124	2293043.966	2	2	\N	1	1366	1366	1366
1367	2019-02-21	ten	666914.4652	2293042.008	1	2	2	559	1367	1367	1367
1368	2019-02-27	fourteen	NaN	NaN	1	2	\N	558	1368	1368	1368
1369	2019-02-28	fourteen	666930.3132	2293136.776	1	2	\N	559	1369	1369	1369
1370	2019-03-05	eight	666366.1757	2293872.695	1	2	\N	558	1370	1370	1370
1371	2019-03-24	six	666364.6791	2293877.016	2	2	\N	558	1371	1371	1371
1372	2019-01-29	sixteen	668051.6644	2295870.9480000003	1	2	\N	1	1372	1372	1372
1373	2019-03-11	eight	667806.5357	2296106.962	1	2	\N	1	1373	1373	1373
1374	2019-01-05	ten	661237.0622	2293169.505	1	2	\N	1	1374	1374	1374
1375	2019-01-19	fourteen	660904.7826	2291957.207	1	2	\N	562	1375	1375	1375
1376	2019-01-21	fourteen	661236.356	2293167.331	1	2	\N	562	1376	1376	1376
1377	2019-01-23	sixteen	661234.9576	2293161.536	1	2	\N	562	1377	1377	1377
1378	2019-01-29	zero	661233.4761	2293164.412	1	2	\N	562	1378	1378	1378
1379	2019-02-15	ten	660906.2227	2291958.667	1	2	\N	562	1379	1379	1379
1380	2019-03-04	fourteen	661237.1106	2293164.4469999997	1	2	\N	562	1380	1380	1380
1381	2019-03-04	eighteen	661227.6195	2293168.692	1	2	\N	562	1381	1381	1381
1382	2019-03-20	fourteen	661228.3671	2293166.531	1	2	\N	562	1382	1382	1382
1383	2019-05-12	twentytwo	660905.5371	2291954.324	1	2	\N	562	1383	1383	1383
1384	2019-05-24	twenty	661234.8884	2293168.762	1	2	\N	562	1384	1384	1384
1385	2019-03-20	fourteen	666276.2838	2293110.796	1	2	\N	1	1385	1385	1385
1386	2019-01-03	eight	661972.5613	2294927.583	2	2	\N	1	1386	1386	1386
1387	2019-01-07	eight	662347.1971	2296329.426	1	2	\N	564	1387	1387	1387
1388	2019-01-11	eight	660687.094	2291150.69	1	2	\N	564	1388	1388	1388
1389	2019-01-11	ten	662344.7824	2296328.188	1	2	\N	564	1389	1389	1389
1390	2019-01-11	fourteen	660686.2049	2291148.205	1	2	\N	564	1390	1390	1390
1391	2019-01-21	ten	662351.4489	2290857.477	1	2	\N	1	1391	1391	1391
1392	2019-01-22	eight	662319.4670000001	2290844.68	1	2	\N	565	1392	1392	1392
1393	2019-01-25	eight	660677.8042	2291150.901	1	2	\N	564	1393	1393	1393
1394	2019-02-04	twentytwo	660554.0218	2290664.037	1	2	\N	564	1394	1394	1394
1395	2019-02-10	zero	661835.5084	2290511.145	1	2	\N	565	1395	1395	1395
1396	2019-02-19	twentytwo	661221.0084	2293159.42	1	2	\N	564	1396	1396	1396
1397	2019-02-21	ten	661222.3112	2293166.95	1	2	\N	564	1397	1397	1397
1398	2019-02-21	twelve	660688.1254	2291152.51	1	2	\N	564	1398	1398	1398
1399	2019-02-23	fourteen	660684.6947	2291151.794	1	2	\N	564	1399	1399	1399
1400	2019-02-27	twenty	660680.5634	2291152.438	1	2	\N	564	1400	1400	1400
1401	2019-03-08	eight	662316.439	2290839.34	1	2	\N	565	1401	1401	1401
1402	2019-03-10	four	662317.1002	2290842.08	1	2	\N	565	1402	1402	1402
1403	2019-03-13	twelve	660675.7252	2291155.126	1	2	\N	564	1403	1403	1403
1404	2019-03-22	twelve	662354.0461	2290860.89	1	2	\N	565	1404	1404	1404
1405	2019-03-23	sixteen	661694.0138	2290968.353	1	2	\N	1	1405	1405	1405
1406	2019-03-24	ten	660686.0598	2291152.832	2	2	\N	564	1406	1406	1406
1407	2019-03-25	two	660673.6758	2291153.74	1	2	\N	564	1407	1407	1407
1408	2019-05-08	six	662314.0296	2290839.6580000003	1	2	\N	565	1408	1408	1408
1409	2019-05-10	sixteen	662312.6612	2290838.962	1	2	2	565	1409	1409	1409
1410	2019-05-28	fourteen	NaN	NaN	1	2	\N	565	1410	1410	1410
1411	2019-05-30	eighteen	660673.9838	2291157.502	1	2	\N	564	1411	1411	1411
1412	2019-05-30	eight	662309.9047	2290839.6180000002	1	2	\N	565	1412	1412	1412
1413	2019-02-09	eighteen	NaN	NaN	1	2	\N	1	1413	1413	1413
1414	2019-01-28	eight	667832.8501	2291749.417	1	2	2	1	1414	1414	1414
1415	2019-02-07	ten	667834.2386	2291748.0640000002	1	2	\N	568	1415	1415	1415
1416	2019-01-20	twelve	665053.7209	2289239.401	1	2	\N	1	1416	1416	1416
1417	2019-01-06	eighteen	661097.8284	2281090.788	1	2	\N	1	1417	1417	1417
1418	2019-05-08	sixteen	672724.0048	2291473.462	1	2	\N	1	1418	1418	1418
1419	2019-01-24	fourteen	667359.8764	2291460.774	1	2	\N	1	1419	1419	1419
1420	2019-03-14	sixteen	665015.6776	2289821.715	1	2	\N	1	1420	1420	1420
1421	2019-03-14	ten	665011.769	2289821.6769999997	1	2	\N	573	1421	1421	1421
1422	2019-01-06	twelve	665342.1197	2293205.4269999997	1	2	\N	1	1422	1422	1422
1423	2019-01-07	eight	664959.4359	2292830.9069999997	1	2	\N	574	1423	1423	1423
1424	2019-01-08	twentytwo	664813.2907	2292702.925	1	2	\N	574	1424	1424	1424
1425	2019-01-10	ten	665916.3138	2293179.989	1	2	\N	1	1425	1425	1425
1426	2019-01-10	twenty	665395.7123	2293205.953	1	2	\N	574	1426	1426	1426
1427	2019-01-16	ten	665382.2924	2293208.0409999997	1	2	\N	574	1427	1427	1427
1428	2019-01-16	twenty	665386.8674	2293196.985	1	2	\N	574	1428	1428	1428
1429	2019-01-17	eight	664870.808	2292758.9930000002	1	2	\N	574	1429	1429	1429
1430	2019-01-21	eight	664966.0699	2292837.6319999998	1	2	\N	574	1430	1430	1430
1431	2019-01-22	six	665333.2747	2293196.4590000003	1	2	\N	574	1431	1431	1431
1432	2019-01-24	ten	665096.4726	2292976.5609999998	1	2	\N	574	1432	1432	1432
1433	2019-01-27	eight	665026.3411	2292840.443	1	2	\N	574	1433	1433	1433
1434	2019-01-29	eight	665030.7420000001	2292847.1459999997	1	2	2	574	1434	1434	1434
1435	2019-01-30	twenty	664621.6993	2293111.787	1	2	\N	1	1435	1435	1435
1436	2019-02-05	eighteen	665322.2185	2293185.25	1	2	\N	574	1436	1436	1436
1437	2019-02-05	sixteen	665307.4795	2292866.51	1	2	\N	1	1437	1437	1437
1438	2019-02-07	twelve	664619.4663	2293111.765	1	2	\N	576	1438	1438	1438
1439	2019-02-08	twelve	NaN	NaN	1	2	\N	1	1439	1439	1439
1440	2019-02-08	eight	664869.7132	2292756.762	1	2	\N	574	1440	1440	1440
1441	2019-02-11	fourteen	664699.9929	2294354.684	1	2	\N	1	1441	1441	1441
1442	2019-02-14	eight	665384.6997	2293190.304	1	2	\N	574	1442	1442	1442
1443	2019-02-15	eight	664967.2299	2292833.203	1	2	\N	574	1443	1443	1443
1444	2019-02-24	twentytwo	664820.0117	2292700.7709999997	2	2	\N	574	1444	1444	1444
1445	2019-03-04	eight	664826.7109	2292700.836	1	2	\N	574	1445	1445	1445
1446	2019-03-07	eight	665327.7575	2293189.745	1	2	\N	574	1446	1446	1446
1447	2019-03-08	four	665290.7314	2292866.346	1	2	\N	577	1447	1447	1447
1448	2019-03-10	fourteen	665392.4391	2293198.15	1	2	\N	574	1448	1448	1448
1449	2019-03-14	twenty	665337.7081	2293199.833	1	2	\N	574	1449	1449	1449
1450	2019-03-15	eight	665021.8858	2292839.289	1	2	\N	574	1450	1450	1450
1451	2019-03-16	eighteen	NaN	NaN	1	2	\N	1	1451	1451	1451
1452	2019-03-19	twelve	665343.8435	2293200.4480000003	1	2	\N	574	1452	1452	1452
1453	2019-03-19	twenty	665311.3492	2292870.434	1	2	\N	577	1453	1453	1453
1454	2019-03-26	ten	665695.4143	2293217.223	1	2	2	580	1454	1454	1454
1455	2019-03-29	twenty	665021.2895	2292843.168	1	2	\N	574	1455	1455	1455
1456	2019-03-30	fourteen	664658.2753	2292739.7090000003	1	2	\N	1	1456	1456	1456
1457	2019-05-06	twelve	664616.6804	2293111.183	1	2	2	576	1457	1457	1457
1458	2019-05-07	eight	664971.1215	2292834.9069999997	1	2	\N	574	1458	1458	1458
1459	2019-05-11	fourteen	664626.7399	2293110.171	1	2	\N	576	1459	1459	1459
1460	2019-05-13	ten	665292.3681	2292870.247	1	2	\N	577	1460	1460	1460
1461	2019-05-14	six	665005.5032	2292838.159	1	2	\N	574	1461	1461	1461
1462	2019-05-21	twelve	665469.6023	2293171.079	1	2	\N	1	1462	1462	1462
1463	2019-05-28	eight	664973.2312	2292830.226	1	2	\N	574	1463	1463	1463
1464	2019-01-31	sixteen	663097.745	2287287.206	1	2	\N	1	1464	1464	1464
1465	2019-02-02	eight	662969.0325	2287719.41	1	2	\N	1	1465	1465	1465
1466	2019-02-24	four	662674.6434	2287781.969	1	2	2	584	1466	1466	1466
1467	2019-03-10	zero	662969.6037	2287726.399	2	2	\N	584	1467	1467	1467
1468	2019-03-22	sixteen	662965.4895	2287722.55	1	2	\N	584	1468	1468	1468
1469	2019-03-05	twelve	NaN	NaN	1	2	\N	1	1469	1469	1469
1470	2019-05-30	sixteen	NaN	NaN	1	2	\N	1	1470	1470	1470
1471	2019-01-29	ten	671551.4558	2293263.747	1	2	\N	1	1471	1471	1471
1472	2019-05-22	fourteen	669264.5818	2291847.946	1	2	\N	1	1472	1472	1472
1473	2019-02-25	sixteen	668880.0823	2292113.238	1	2	\N	1	1473	1473	1473
1474	2019-02-28	eight	669267.8124	2291844.17	1	2	\N	1	1474	1474	1474
1475	2019-03-27	eight	669268.7255	2291848.622	2	2	\N	590	1475	1475	1475
1476	2019-05-09	twelve	669274.2441	2291966.748	1	2	\N	1	1476	1476	1476
1477	2019-05-10	zero	669271.7061	2291965.136	1	2	\N	591	1477	1477	1477
1478	2019-05-06	four	662648.7042	2296722.8430000003	1	2	\N	1	1478	1478	1478
1479	2019-01-22	twelve	661053.9199	2292545.53	1	2	\N	1	1479	1479	1479
1480	2019-03-27	eight	661069.1654	2292555.913	1	2	\N	593	1480	1480	1480
1481	2019-03-27	eight	661067.4175	2292548.67	1	2	\N	593	1481	1481	1481
1482	2019-05-06	twelve	661064.0602	2292540.81	1	2	\N	593	1482	1482	1482
1483	2019-05-14	twenty	661058.0252	2292559.62	1	2	\N	593	1483	1483	1483
1484	2019-05-18	six	661060.5749	2292567.473	1	2	\N	593	1484	1484	1484
1485	2019-01-08	eight	670527.7489	2293560.853	1	2	\N	1	1485	1485	1485
1486	2019-01-14	eight	670652.7133	2293542.247	1	2	\N	594	1486	1486	1486
1487	2019-01-15	eighteen	670104.4636	2294010.394	1	2	\N	1	1487	1487	1487
1488	2019-01-15	eight	670428.2213	2294238.264	1	2	2	1	1488	1488	1488
1489	2019-01-23	eight	670557.536	2293570.187	1	2	2	594	1489	1489	1489
1490	2019-01-24	eight	670643.2106	2293742.87	1	2	2	596	1490	1490	1490
1491	2019-01-24	eight	670643.1145	2293732.432	1	2	\N	596	1491	1491	1491
1492	2019-01-25	eighteen	670616.0628	2293552.715	1	2	\N	594	1492	1492	1492
1493	2019-01-29	zero	670600.8143	2293543.227	1	2	\N	594	1493	1493	1493
1494	2019-02-01	sixteen	670657.5397	2293733.481	1	2	\N	596	1494	1494	1494
1495	2019-02-05	twenty	670784.4417	2294718.255	1	2	\N	1	1495	1495	1495
1496	2019-02-05	sixteen	670515.9487	2293579.702	1	2	\N	594	1496	1496	1496
1497	2019-02-06	eight	670589.8449	2293559.776	1	2	\N	594	1497	1497	1497
1498	2019-02-06	fourteen	670981.4972	2294597.824	1	2	\N	1	1498	1498	1498
1499	2019-02-07	fourteen	669515.3164	2293861.244	1	2	\N	594	1499	1499	1499
1500	2019-02-08	ten	670546.8847	2293555.326	2	2	\N	594	1500	1500	1500
1501	2019-02-09	ten	669917.7505	2293756.11	1	2	\N	594	1501	1501	1501
1502	2019-02-09	eight	670566.2776	2293554.318	1	2	\N	594	1502	1502	1502
1503	2019-02-15	six	670271.2828	2293895.364	1	2	\N	1	1503	1503	1503
1504	2019-02-16	eight	670596.4178	2294007.24	1	2	\N	596	1504	1504	1504
1505	2019-02-20	sixteen	670668.9551	2293523.444	1	2	\N	594	1505	1505	1505
1506	2019-02-22	eight	670608.269	2293554.744	1	2	\N	594	1506	1506	1506
1507	2019-02-22	eight	670467.6831	2294578.164	1	2	2	1	1507	1507	1507
1508	2019-02-27	eight	670613.705	2293536.333	1	2	\N	594	1508	1508	1508
1509	2019-03-01	twelve	670566.9693	2293565.766	1	2	\N	594	1509	1509	1509
1510	2019-03-02	twenty	670572.7723	2293550.972	1	2	\N	594	1510	1510	1510
1511	2019-03-02	four	670571.2419	2293522.655	2	2	\N	594	1511	1511	1511
1512	2019-03-05	sixteen	670099.7545	2294166.8019999997	1	2	\N	1	1512	1512	1512
1513	2019-03-14	fourteen	670662.53	2293539.838	1	2	\N	594	1513	1513	1513
1514	2019-03-22	sixteen	670497.0612	2293570.679	1	2	\N	594	1514	1514	1514
1515	2019-03-23	ten	670583.3108	2293547.0640000002	1	2	\N	594	1515	1515	1515
1516	2019-03-25	eight	670598.5401	2293558.4590000003	1	2	\N	594	1516	1516	1516
1517	2019-03-26	twenty	670683.4607	2293546.473	1	2	\N	594	1517	1517	1517
1518	2019-03-29	eighteen	670434.1885	2293957.828	1	2	\N	1	1518	1518	1518
1519	2019-03-29	sixteen	670486.4691	2293559.934	1	2	\N	594	1519	1519	1519
1520	2019-03-30	twelve	670682.9338	2293518.768	1	2	\N	594	1520	1520	1520
1521	2019-05-06	eighteen	670498.9318	2293585.35	1	2	\N	594	1521	1521	1521
1522	2019-05-07	ten	670507.9832	2293568.7819999997	1	2	\N	594	1522	1522	1522
1523	2019-05-11	twelve	670658.239	2293524.941	1	2	\N	594	1523	1523	1523
1524	2019-05-12	four	670630.0839	2293533.889	1	2	\N	594	1524	1524	1524
1525	2019-05-13	sixteen	670523.2205	2293579.374	1	2	\N	594	1525	1525	1525
1526	2019-05-15	eighteen	670766.6963	2294537.038	1	2	\N	600	1526	1526	1526
1527	2019-05-15	eight	670620.8454	2293509.107	1	2	\N	594	1527	1527	1527
1528	2019-05-20	twelve	670578.3011	2293563.272	1	2	\N	594	1528	1528	1528
1529	2019-05-22	sixteen	670549.9482	2293571.816	1	2	\N	594	1529	1529	1529
1530	2019-05-24	four	670681.9331	2293537.827	1	2	\N	594	1530	1530	1530
1531	2019-05-24	ten	670593.0398	2293543.349	1	2	\N	594	1531	1531	1531
1532	2019-05-28	fourteen	670554.1646	2293554.196	1	2	\N	594	1532	1532	1532
1533	2019-05-29	six	670630.1211	2293550.148	1	2	\N	594	1533	1533	1533
1534	2019-01-23	six	667935.6973	2292481.319	1	2	\N	1	1534	1534	1534
1535	2019-02-14	six	667952.052	2292582.65	1	2	\N	603	1535	1535	1535
1536	2019-02-18	six	667967.124	2292569.5519999997	1	2	\N	603	1536	1536	1536
1537	2019-02-19	fourteen	668018.8263	2292770.794	1	2	\N	603	1537	1537	1537
1538	2019-02-20	six	668007.4745	2292775.298	1	2	\N	603	1538	1538	1538
1539	2019-02-23	zero	667944.2728	2292471.77	1	2	\N	603	1539	1539	1539
1540	2019-03-04	twenty	668308.668	2292538.233	1	2	\N	1	1540	1540	1540
1541	2019-03-05	fourteen	668007.7344	2292769.4790000003	1	2	\N	603	1541	1541	1541
1542	2019-03-09	eighteen	667933.5364	2292475.276	1	2	\N	603	1542	1542	1542
1543	2019-03-11	eight	668023.3539	2292762.208	1	2	\N	603	1543	1543	1543
1544	2019-03-11	eighteen	667959.1342	2292581.114	1	2	\N	603	1544	1544	1544
1545	2019-03-11	eighteen	667965.405	2292559.699	1	2	\N	603	1545	1545	1545
1546	2019-03-26	eight	667955.6082	2292570.24	1	2	\N	603	1546	1546	1546
1547	2019-05-09	sixteen	668017.4851	2292763.555	1	2	\N	603	1547	1547	1547
1548	2019-05-19	fourteen	667947.7389	2292468.392	1	2	\N	603	1548	1548	1548
1549	2019-05-21	twenty	667927.5696	2292486.457	1	2	\N	603	1549	1549	1549
1550	2019-05-21	eighteen	667970.1004	2292574.8	1	2	\N	603	1550	1550	1550
1551	2019-05-21	fourteen	667925.4127	2292480.012	1	2	\N	603	1551	1551	1551
1552	2019-05-21	sixteen	667946.2197	2292479.015	1	2	8	603	1552	1552	1552
1553	2019-05-25	two	665099.5409	2285160.749	1	2	2	1	1553	1553	1553
1554	2019-01-03	twentytwo	660697.2105	2298195.702	1	2	\N	1	1554	1554	1554
1555	2019-01-08	six	660694.5502	2298188.955	1	2	\N	606	1555	1555	1555
1556	2019-01-16	eighteen	660679.5238	2298208.977	1	2	\N	606	1556	1556	1556
1557	2019-01-20	ten	660683.1707	2298196.973	1	2	\N	606	1557	1557	1557
1558	2019-01-26	two	660688.2557	2298203.442	1	2	\N	606	1558	1558	1558
1559	2019-02-08	sixteen	660676.0601	2298201.821	1	2	\N	606	1559	1559	1559
1560	2019-02-26	sixteen	660688.6707	2298191.708	1	2	\N	606	1560	1560	1560
1561	2019-03-29	fourteen	660692.4199	2298200.673	1	2	\N	606	1561	1561	1561
1562	2019-03-30	eighteen	660683.7726	2298207.914	1	2	\N	606	1562	1562	1562
1563	2019-03-14	sixteen	664063.9443	2293073.856	1	2	\N	1	1563	1563	1563
1564	2019-05-11	ten	671244.0068	2291075.695	1	2	\N	1	1564	1564	1564
1565	2019-02-13	sixteen	665823.0291	2293637.025	1	2	\N	1	1565	1565	1565
1566	2019-02-07	sixteen	667456.0585	2292003.222	2	2	\N	1	1566	1566	1566
1567	2019-02-12	eight	666940.8868	2292276.328	1	2	\N	1	1567	1567	1567
1568	2019-02-07	fourteen	661659.1165	2288543.139	1	2	\N	1	1568	1568	1568
1569	2019-02-12	sixteen	662326.8453	2288031.551	1	2	\N	1	1569	1569	1569
1570	2019-03-19	zero	663590.1549	2288548.0840000003	2	2	\N	1	1570	1570	1570
1571	2019-01-08	zero	664093.7393	2307024.981	1	2	\N	1	1571	1571	1571
1572	2019-02-12	twelve	663277.3399	2306692.299	1	2	\N	1	1572	1572	1572
1573	2019-02-20	zero	663384.2457	2307140.804	1	2	\N	1	1573	1573	1573
1574	2019-03-18	six	663571.1479	2306057.0069999998	1	2	2	1	1574	1574	1574
1575	2019-03-24	twentytwo	663976.7992	2306001.206	1	2	\N	618	1575	1575	1575
1576	2019-05-15	eight	NaN	NaN	1	2	\N	1	1576	1576	1576
1577	2019-02-16	fourteen	661699.9784	2297438.622	1	2	\N	1	1577	1577	1577
1578	2019-02-16	two	661823.8915	2297346.405	1	2	\N	620	1578	1578	1578
1579	2019-02-21	six	661685.0316	2297439.683	1	2	\N	620	1579	1579	1579
1580	2019-02-23	twelve	661695.4919	2297443.395	1	2	\N	620	1580	1580	1580
1581	2019-03-03	eight	662427.1856	2296879.345	1	2	\N	620	1581	1581	1581
1582	2019-03-26	eighteen	662429.9066	2296890.207	1	2	\N	620	1582	1582	1582
1583	2019-05-24	eighteen	660961.3869	2281879.432	1	2	\N	1	1583	1583	1583
1584	2019-02-05	eight	662166.101	2293053.201	1	2	\N	1	1584	1584	1584
1585	2019-02-08	fourteen	662197.948	2293058.727	1	2	\N	622	1585	1585	1585
1586	2019-01-01	twelve	662444.301	2298116.406	1	2	\N	1	1586	1586	1586
1587	2019-05-29	eight	662217.5382	2297854.5640000002	1	2	\N	1	1587	1587	1587
1588	2019-02-15	eighteen	660906.5719	2291962.047	1	2	\N	1	1588	1588	1588
1589	2019-02-20	eight	663365.9144	2292124.202	1	2	\N	1	1589	1589	1589
1590	2019-02-21	sixteen	663455.5356	2292127.078	1	2	\N	626	1590	1590	1590
1591	2019-02-26	sixteen	663427.6548	2292128.815	1	2	\N	626	1591	1591	1591
1592	2019-05-18	four	664179.1393	2292049.402	1	2	\N	1	1592	1592	1592
1593	2019-05-24	sixteen	662860.5992	2292059.445	1	2	\N	1	1593	1593	1593
1594	2019-02-18	fourteen	662455.1997	2297129.4	1	2	\N	1	1594	1594	1594
1595	2019-01-08	eight	673159.4607	2292674.966	1	2	\N	1	1595	1595	1595
1596	2019-01-23	eight	672289.7499	2292503.057	1	2	\N	1	1596	1596	1596
1597	2019-01-24	fourteen	672740.3049	2292830.4469999997	1	2	\N	630	1597	1597	1597
1598	2019-02-02	fourteen	672411.2815	2292939.486	1	2	2	630	1598	1598	1598
1599	2019-02-11	fourteen	672347.8481	2292982.194	1	2	\N	630	1599	1599	1599
1600	2019-02-17	fourteen	672727.5565	2292813.455	1	2	\N	630	1600	1600	1600
1601	2019-02-19	eight	672351.2918	2292961.3540000003	1	2	\N	630	1601	1601	1601
1602	2019-02-21	eight	672396.5154	2292961.816	1	2	\N	630	1602	1602	1602
1603	2019-02-22	zero	672292.5649	2292622.723	1	2	\N	631	1603	1603	1603
1604	2019-03-06	twelve	672862.9151	2292766.667	1	2	\N	630	1604	1604	1604
1605	2019-03-14	fourteen	672289.6514	2292611.452	1	2	\N	631	1605	1605	1605
1606	2019-03-21	fourteen	673235.9013	2292624.364	1	2	\N	630	1606	1606	1606
1607	2019-03-23	four	673272.9428	2292635.182	1	2	\N	630	1607	1607	1607
1608	2019-03-27	ten	672299.0625	2292619.176	1	2	\N	631	1608	1608	1608
1609	2019-03-27	twelve	672296.2475	2292499.511	1	2	\N	631	1609	1609	1609
1610	2019-05-15	twentytwo	673284.9581	2292605.597	1	2	\N	630	1610	1610	1610
1611	2019-05-21	twentytwo	672395.0917	2292489.079	1	2	\N	1	1611	1611	1611
1612	2019-05-22	eighteen	673137.4131	2292659.082	1	2	\N	630	1612	1612	1612
1613	2019-05-27	six	672446.5379	2292927.401	1	2	\N	630	1613	1613	1613
1614	2019-02-03	twentytwo	664587.9666	2287742.501	1	2	\N	1	1614	1614	1614
1615	2019-02-16	sixteen	664574.9872	2287747.996	1	2	\N	633	1615	1615	1615
1616	2019-01-23	zero	672780.8334	2296112.089	1	2	\N	1	1616	1616	1616
1617	2019-01-19	twenty	667781.1171	2291952.933	1	2	\N	1	1617	1617	1617
1618	2019-02-18	eight	667451.0062	2292011.276	1	2	\N	1	1618	1618	1618
1619	2019-02-27	sixteen	667884.6448	2291938.356	1	2	\N	1	1619	1619	1619
1620	2019-01-08	eight	663907.3702	2291763.123	2	2	\N	1	1620	1620	1620
1621	2019-01-27	four	663945.3951	2291798.019	1	2	\N	638	1621	1621	1621
1622	2019-02-03	ten	663965.8269	2291773.327	2	2	\N	638	1622	1622	1622
1623	2019-02-15	eighteen	663917.2289999999	2291787.508	1	2	\N	638	1623	1623	1623
1624	2019-02-24	four	663940.3079	2291739.7569999998	2	2	\N	638	1624	1624	1624
1625	2019-05-21	ten	663981.0696	2291783.913	1	2	\N	638	1625	1625	1625
1626	2019-01-02	twelve	665054.9204	2289095.1040000003	1	2	\N	1	1626	1626	1626
1627	2019-01-10	sixteen	665148.9362	2288836.23	1	2	\N	1	1627	1627	1627
1628	2019-02-08	twelve	665064.9633	2288852.825	1	2	\N	639	1628	1628	1628
1629	2019-02-21	fourteen	665064.0552	2288842.4269999997	1	2	\N	639	1629	1629	1629
1630	2019-03-01	fourteen	665307.621	2288841.3959999997	2	2	\N	1	1630	1630	1630
1631	2019-03-05	twelve	664994.5262	2288662.259	1	2	\N	639	1631	1631	1631
1632	2019-05-21	four	665064.5463	2288936.793	1	2	\N	639	1632	1632	1632
1633	2019-05-31	eight	665039.7378	2288954.2180000003	1	2	\N	639	1633	1633	1633
1634	2019-01-09	twelve	661553.1323	2290108.176	1	2	\N	1	1634	1634	1634
1635	2019-02-08	sixteen	661575.8508	2290139.711	1	2	\N	642	1635	1635	1635
1636	2019-02-16	twenty	661631.8872	2290150.285	1	2	\N	642	1636	1636	1636
1637	2019-02-16	twelve	661550.5017	2290129.832	1	2	\N	642	1637	1637	1637
1638	2019-05-28	fourteen	661572.4126	2290161.359	1	2	\N	642	1638	1638	1638
1639	2019-05-29	twenty	661584.0079999999	2290089.2	1	2	2	642	1639	1639	1639
1640	2019-02-09	six	672270.7598	2291624.68	1	2	\N	1	1640	1640	1640
1641	2019-02-17	fourteen	672262.1466	2291598.094	1	2	\N	643	1641	1641	1641
1642	2019-02-18	eight	672271.8255	2291678.491	1	2	\N	643	1642	1642	1642
1643	2019-03-07	eight	672265.8567	2291630.251	1	2	\N	643	1643	1643	1643
1644	2019-03-13	twelve	672263.6388	2291610.154	1	2	\N	643	1644	1644	1644
1645	2019-03-20	eight	661562.5768	2298425.144	1	2	\N	1	1645	1645	1645
1646	2019-03-26	fourteen	668310.9463	2293469.9390000002	1	2	\N	1	1646	1646	1646
1647	2019-01-31	eighteen	669184.8619	2293923.8819999998	1	2	\N	1	1647	1647	1647
1648	2019-02-08	eighteen	669153.6016	2293940.628	1	2	\N	646	1648	1648	1648
1649	2019-03-08	eight	669180.1341	2293932.264	1	2	\N	646	1649	1649	1649
1650	2019-05-15	six	669480.1011	2292893.7430000002	1	2	\N	1	1650	1650	1650
1651	2019-02-10	two	667475.4271	2296397.654	1	2	\N	1	1651	1651	1651
1652	2019-03-21	ten	667654.3677	2296449.607	1	2	\N	1	1652	1652	1652
1653	2019-03-27	eight	669257.1214	2291694.331	2	2	\N	1	1653	1653	1653
1654	2019-01-25	sixteen	662491.8454	2289004.991	1	2	\N	1	1654	1654	1654
1655	2019-01-29	sixteen	662473.3809	2289014.048	1	2	\N	651	1655	1655	1655
1656	2019-05-07	sixteen	662487.0995	2288994.506	1	2	\N	651	1656	1656	1656
1657	2019-05-07	twenty	657425.0984	2302375.92	1	2	\N	1	1657	1657	1657
1658	2019-02-01	twentytwo	661503.3361	2285642.627	1	2	\N	1	1658	1658	1658
1659	2019-05-20	twentytwo	661373.7335	2285962.972	1	2	2	653	1659	1659	1659
1660	2019-05-27	ten	670000.3491	2291719.774	1	2	2	1	1660	1660	1660
1661	2019-06-02	ten	664187.2695	2297018.142	1	2	\N	1	1661	1661	1661
1662	2019-04-04	ten	664992.0824	2289697.48	1	2	\N	1	1662	1662	1662
1663	2019-04-05	zero	669144.9022	2291186.028	1	2	\N	1	1663	1663	1663
1664	2019-04-09	ten	666814.8747	2289243.202	1	2	\N	1	1664	1664	1664
1665	2019-04-30	six	665938.5057	2290794.441	1	2	\N	1	1665	1665	1665
1666	2019-05-10	fourteen	666786.6599	2289646.057	1	2	\N	659	1666	1666	1666
1667	2019-06-16	two	665933.1642	2290762.67	1	2	\N	659	1667	1667	1667
1668	2019-06-08	eighteen	661600.0719	2290098.6890000002	1	2	\N	1	1668	1668	1668
1669	2019-04-13	twentytwo	664595.9782	2283297.855	1	2	\N	1	1669	1669	1669
1670	2019-04-30	eight	662420.4894	2283398.9480000003	1	2	\N	1	1670	1670	1670
1671	2019-05-14	eight	667914.6028	2292093.12	1	2	\N	1	1671	1671	1671
1672	2019-01-15	twenty	665263.1074	2290850.242	1	5	\N	1	1672	1672	1672
1673	2019-06-06	fourteen	669697.1517	2294697.653	1	6	\N	1	1673	1673	1673
1674	2019-01-04	twenty	670419.3932	2294270.213	1	1	\N	1	1674	1674	1674
1675	2019-04-19	twelve	660890.7967	2289217.622	1	2	\N	1	1675	1675	1675
1676	2019-04-16	twenty	669057.2502	2291268.057	1	2	\N	1	1676	1676	1676
1677	2019-04-12	twentytwo	670542.2629999999	2293587.808	1	2	\N	1	1677	1677	1677
1678	2019-04-18	eight	670640.387	2293519.531	1	2	\N	669	1678	1678	1678
1679	2019-04-23	ten	670258.5291	2292420.9480000003	1	2	\N	1	1679	1679	1679
1680	2019-04-27	eighteen	669643.9856	2292886.0069999998	1	2	\N	1	1680	1680	1680
1681	2019-06-21	eight	668717.1063	2293165.0519999997	1	2	\N	1	1681	1681	1681
1682	2019-06-19	eighteen	670131.4059	2293186.137	1	2	\N	1	1682	1682	1682
1683	2019-06-23	twelve	669653.4313	2293266.6659999997	1	2	\N	1	1683	1683	1683
1684	2019-06-25	fourteen	670603.827	2293330.755	1	2	\N	1	1684	1684	1684
1685	2019-06-04	twenty	669004.543	2293269.227	1	2	\N	1	1685	1685	1685
1686	2019-04-16	fourteen	673674.6081	2296684.778	1	2	\N	1	1686	1686	1686
1687	2019-05-03	ten	669938.6127	2293439.372	1	1	\N	1	1687	1687	1687
1688	2019-04-12	sixteen	660905.9076	2287904.9080000003	1	2	\N	1	1688	1688	1688
1689	2019-04-15	zero	660265.6765	2287451.503	1	2	\N	1	1689	1689	1689
1690	2019-06-01	eight	NaN	NaN	1	2	\N	1	1690	1690	1690
1691	2019-06-01	sixteen	659291.2841	2288428.61	2	2	\N	680	1691	1691	1691
1692	2019-06-06	six	660906.2099	2286915.905	1	2	\N	1	1692	1692	1692
1693	2019-04-27	fourteen	672284.1876	2292327.1980000003	1	2	\N	1	1693	1693	1693
1694	2019-06-03	eight	672306.8991	2292196.248	1	2	\N	683	1694	1694	1694
1695	2019-06-04	ten	672305.6914	2292223.488	1	2	\N	683	1695	1695	1695
1696	2019-06-24	six	672286.0449	2291827.195	1	2	\N	683	1696	1696	1696
1697	2019-06-27	ten	672278.7101	2292226.6769999997	1	2	\N	683	1697	1697	1697
1698	2019-06-27	twelve	672278.7856	2292219.287	1	2	\N	683	1698	1698	1698
1699	2019-04-22	twentytwo	663154.9337	2281538.285	4	2	\N	1	1699	1699	1699
1700	2019-01-07	eight	662935.2629	2280237.849	1	7	\N	1	1700	1700	1700
1701	2019-06-26	fourteen	661709.905	2285147.568	2	2	\N	1	1701	1701	1701
1702	2019-06-08	four	662582.379	2278078.88	1	2	\N	1	1702	1702	1702
1703	2019-04-21	zero	652052.2889	2293199.974	1	2	\N	1	1703	1703	1703
1704	2019-06-11	ten	652068.6971	2293567.28	1	2	\N	1	1704	1704	1704
1705	2019-06-21	twelve	667915.6409	2292113.693	1	2	\N	1	1705	1705	1705
1706	2019-03-30	eighteen	664527.0341	2283566.435	1	5	\N	1	1706	1706	1706
1707	2019-06-20	ten	662146.4497	2284042.07	1	2	\N	1	1707	1707	1707
1708	2019-06-20	fourteen	661708.3425	2285158.903	1	2	\N	692	1708	1708	1708
1709	2019-04-07	twenty	662358.2279	2283674.633	1	2	\N	1	1709	1709	1709
1710	2019-03-16	four	659085.2194	2281790.03	1	2	\N	1	1710	1710	1710
1711	2019-04-18	twentytwo	658781.7455	2281452.816	1	2	\N	1	1711	1711	1711
1712	2019-06-01	ten	660950.9732	2281877.6569999997	1	2	\N	1	1712	1712	1712
1713	2019-06-06	twenty	659964.4384	2281451.286	1	2	\N	696	1713	1713	1713
1714	2019-06-04	ten	668823.0385	2294025.738	1	2	\N	1	1714	1714	1714
1715	2019-03-03	fourteen	664388.7377	2279880.9069999997	1	2	\N	1	1715	1715	1715
1716	2019-04-02	twentytwo	663918.8583	2280299.184	4	2	\N	1	1716	1716	1716
1717	2019-04-19	fourteen	663903.8034	2280300.1890000002	1	2	\N	699	1717	1717	1717
1718	2019-06-24	eighteen	664344.106	2280007.899	1	2	\N	699	1718	1718	1718
1719	2019-04-29	sixteen	661613.011	2278161.972	2	2	\N	1	1719	1719	1719
1720	2019-04-24	eight	663978.5187	2295724.05	4	8	11	1	1720	1720	1720
1721	2019-04-03	ten	662125.0829	2295298.019	1	2	\N	1	1721	1721	1721
1722	2019-06-22	six	NaN	NaN	1	2	\N	1	1722	1722	1722
1723	2019-01-30	fourteen	669530.0796	2294725.773	1	2	2	1	1723	1723	1723
1724	2019-04-03	eight	667619.3449	2292966.367	1	2	\N	1	1724	1724	1724
1725	2019-06-14	eight	667217.6719	2293237.153	1	2	\N	705	1725	1725	1725
1726	2019-06-15	eight	667213.0066	2293241.131	2	2	\N	705	1726	1726	1726
1727	2019-06-16	twelve	667238.8461	2293259.351	1	2	2	705	1727	1727	1727
1728	2019-06-21	sixteen	667231.8424	2293265.892	1	2	\N	705	1728	1728	1728
1729	2019-06-05	twenty	667263.1898	2293137.0069999998	5	2	\N	1	1729	1729	1729
1730	2019-06-26	eight	666621.8107	2293733.653	1	2	\N	705	1730	1730	1730
1731	2019-06-21	ten	664033.3676	2293357.606	1	2	\N	1	1731	1731	1731
1732	2019-04-11	fourteen	673166.9408	2292697.66	2	2	\N	1	1732	1732	1732
1733	2019-06-24	sixteen	666449.9828	2293860.714	1	2	\N	1	1733	1733	1733
1734	2019-04-28	zero	663091.2167	2293013.6380000003	1	2	\N	1	1734	1734	1734
1735	2019-04-02	twentytwo	663091.5409	2278992.504	2	2	\N	1	1735	1735	1735
1736	2019-06-14	ten	663379.5248	2292857.298	1	2	\N	1	1736	1736	1736
1737	2019-06-19	eight	661497.7982	2285726.091	1	2	\N	1	1737	1737	1737
1738	2019-04-30	eight	671606.9517	2293216.828	1	2	\N	1	1738	1738	1738
1739	2019-06-29	six	669113.8035	2291236.207	2	2	\N	1	1739	1739	1739
1740	2019-04-09	ten	661715.6806	2285153.28	1	2	\N	1	1740	1740	1740
1741	2019-06-24	ten	662067.9806	2285187.793	1	2	\N	1	1741	1741	1741
1742	2019-06-03	twelve	672331.7018	2292849.0319999997	1	2	\N	1	1742	1742	1742
1743	2019-06-16	six	662645.374	2296714.445	1	2	2	1	1743	1743	1743
1744	2019-04-16	ten	672296.9744	2292730.057	1	2	\N	1	1744	1744	1744
1745	2019-06-06	ten	664698.9553	2292531.056	1	2	\N	1	1745	1745	1745
1746	2019-01-25	ten	673151.0656	2292698.288	1	2	\N	1	1746	1746	1746
1747	2019-06-20	eight	661189.0091	2289601.502	1	2	\N	722	1747	1747	1747
1748	2019-04-22	sixteen	668814.1122	2294027.5530000003	1	2	\N	1	1748	1748	1748
1749	2019-04-08	ten	669004.4541	2293262.539	2	2	\N	1	1749	1749	1749
1750	2019-04-28	fourteen	668829.3537	2294022.549	1	2	\N	1	1750	1750	1750
1751	2019-05-15	eight	667901.6753	2294235.02	4	2	\N	1	1751	1751	1751
1752	2019-03-20	six	668811.4967	2294029.7369999997	6	2	\N	1	1752	1752	1752
1753	2019-03-28	fourteen	NaN	NaN	1	2	2	727	1753	1753	1753
1754	2019-06-11	fourteen	668311.6279	2293402.949	1	2	\N	1	1754	1754	1754
1755	2019-06-26	sixteen	667898.8216	2294223.941	2	2	\N	1	1755	1755	1755
1756	2019-04-11	eight	667496.8759	2294292.134	5	1	\N	1	1756	1756	1756
1757	2019-01-11	twelve	666110.8983	2293266.9159999997	4	2	\N	1	1757	1757	1757
1758	2019-04-02	twentytwo	663910.5398	2280287.54	1	2	\N	1	1758	1758	1758
1759	2019-01-06	fourteen	662951.2747	2282058.705	4	1	\N	1	1759	1759	1759
1760	2019-04-27	twelve	662136.2523	2281995.3	1	2	\N	1	1760	1760	1760
1761	2019-06-29	eighteen	668598.9654	2291127.241	1	2	\N	1	1761	1761	1761
1762	2019-04-10	twenty	664835.5466	2288414.97	1	2	\N	1	1762	1762	1762
1763	2019-06-20	twenty	663938.7349	2285321.356	1	2	\N	1	1763	1763	1763
1764	2019-04-12	six	661231.879	2293166.59	2	2	\N	1	1764	1764	1764
1765	2019-06-11	eighteen	662455.577	2293014.951	1	2	\N	1	1765	1765	1765
1766	2019-06-11	eighteen	662459.0525	2293014.984	1	2	\N	739	1766	1766	1766
1767	2019-06-15	ten	663369.9801	2293039.588	1	2	\N	1	1767	1767	1767
1768	2019-06-23	twenty	661229.2002	2293161.134	1	2	\N	738	1768	1768	1768
1769	2019-06-10	eighteen	662462.275	2293015.509	1	2	\N	739	1769	1769	1769
1770	2019-04-21	zero	663730.374	2285497.127	1	2	\N	1	1770	1770	1770
1771	2019-06-23	two	664455.9884	2285616.768	1	2	\N	741	1771	1771	1771
1772	2019-05-05	eight	660001.5543	2298795.097	4	2	\N	1	1772	1772	1772
1773	2019-01-02	sixteen	662637.3589999999	2296710.688	4	2	\N	1	1773	1773	1773
1774	2019-03-21	twentytwo	660686.6671	2298211.44	1	4	12	1	1774	1774	1774
1775	2019-04-19	six	660693.663	2298206.5719999997	7	6	13	1	1775	1775	1775
1776	2019-04-12	sixteen	662344.3794	2296333.264	1	2	\N	1	1776	1776	1776
1777	2019-06-09	sixteen	662419.6506	2296867.0069999998	1	2	\N	1	1777	1777	1777
1778	2019-05-28	twenty	662015.6391	2295105.085	1	2	\N	743	1778	1778	1778
1779	2019-06-16	six	662644.3276	2296708.781	1	2	\N	1	1779	1779	1779
1780	2019-06-07	twentytwo	666166.3516	2286528.832	1	1	\N	1	1780	1780	1780
1781	2019-06-16	fourteen	669813.2612	2293783.038	1	2	\N	1	1781	1781	1781
1782	2019-04-30	six	667950.8259	2285488.635	1	2	\N	1	1782	1782	1782
1783	2019-04-26	zero	669965.1524	2291252.037	1	2	\N	1	1783	1783	1783
1784	2019-06-24	ten	665411.8268	2284290.647	1	2	\N	1	1784	1784	1784
1785	2019-06-24	ten	665427.7426	2284288.827	1	2	\N	748	1785	1785	1785
1786	2019-01-23	twenty	663641.3042	2294308.095	4	2	\N	1	1786	1786	1786
1787	2019-03-25	twelve	663403.0414	2295438.333	1	7	\N	1	1787	1787	1787
1788	2019-04-15	sixteen	663375.8256	2292723.671	1	2	\N	1	1788	1788	1788
1789	2019-04-18	four	663613.0210000001	2295154.514	2	2	\N	2	1789	1789	1789
1790	2019-04-22	twelve	662640.611	2296711.965	1	2	\N	1	1790	1790	1790
1791	2019-04-24	six	663977.215	2295729.4080000003	2	2	2	752	1791	1791	1791
1792	2019-04-30	six	663612.5413	2295156.6969999997	1	2	\N	2	1792	1792	1792
1793	2019-06-05	six	663559.4247	2294999.029	1	2	\N	1	1793	1793	1793
1794	2019-06-12	six	663464.6718	2294634.211	1	2	\N	1	1794	1794	1794
1795	2019-06-12	six	663765.6908	2294268.125	1	2	\N	749	1795	1795	1795
1796	2019-06-16	twenty	662794.4187	2295370.087	1	2	\N	1	1796	1796	1796
1797	2019-06-17	eighteen	663825.8664	2288715.081	1	2	\N	1	1797	1797	1797
1798	2019-06-26	eighteen	663131.8282	2295425.103	1	2	\N	2	1798	1798	1798
1799	2019-06-27	zero	663554.9033	2294996.6659999997	1	2	\N	753	1799	1799	1799
1800	2019-04-26	ten	661237.6388	2293165.249	1	2	\N	1	1800	1800	1800
1801	2019-04-10	twenty	669526.9846	2294725.292	1	2	\N	1	1801	1801	1801
1802	2019-06-07	four	666178.9242	2286550.4359999998	2	2	\N	1	1802	1802	1802
1803	2019-04-26	six	664640.2485	2293856.22	1	2	\N	1	1803	1803	1803
1804	2019-06-17	eighteen	664586.7105	2288409.913	1	2	\N	1	1804	1804	1804
1805	2019-03-29	ten	664847.7335	2288096.208	3	2	\N	1	1805	1805	1805
1806	2019-04-04	six	664790.2518	2288652.245	1	2	\N	1	1806	1806	1806
1807	2019-04-04	twenty	665068.3963	2288835.508	1	2	\N	763	1807	1807	1807
1808	2019-06-08	eighteen	664325.7965	2288356.773	1	2	\N	1	1808	1808	1808
1809	2019-06-14	sixteen	663868.5594	2290176.12	1	2	\N	1	1809	1809	1809
1810	2019-06-21	fourteen	664564.7338	2288409.699	2	2	\N	764	1810	1810	1810
1811	2019-01-28	eighteen	664404.4296	2287408.766	1	5	\N	1	1811	1811	1811
1812	2019-02-03	fourteen	664082.2173	2287948.0209999997	1	2	\N	1	1812	1812	1812
1813	2019-04-05	twelve	663671.8058	2287563.6659999997	1	2	\N	766	1813	1813	1813
1814	2019-04-27	eighteen	664561.9808	2288395.441	2	2	2	1	1814	1814	1814
1815	2019-05-09	ten	663654.4133	2287567.8109999998	4	8	14	766	1815	1815	1815
1816	2019-06-08	sixteen	663746.815	2287940.741	1	2	\N	1	1816	1816	1816
1817	2019-06-19	fourteen	663752.7434	2287925.848	1	2	\N	769	1817	1817	1817
1818	2019-06-26	sixteen	662970.4995	2282067.154	1	2	2	1	1818	1818	1818
1819	2019-01-03	twelve	NaN	NaN	1	1	\N	1	1819	1819	1819
1820	2019-06-21	sixteen	663374.7641	2292673.402	1	2	\N	1	1820	1820	1820
1821	2019-04-06	ten	662341.4734	2288043.614	1	2	\N	1	1821	1821	1821
1822	2019-06-20	twenty	662675.5202	2287770.825	1	5	15	773	1822	1822	1822
1823	2019-05-31	fourteen	662058.2028	2288209.656	1	2	\N	773	1823	1823	1823
1824	2019-06-04	eight	662431.7855	2283398.124	1	2	\N	1	1824	1824	1824
1825	2019-06-25	sixteen	665572.897	2293296.5719999997	1	2	\N	1	1825	1825	1825
1826	2019-06-03	ten	665688.738	2293217.809	3	1	\N	1	1826	1826	1826
1827	2019-06-18	sixteen	665089.3556	2281234.472	1	2	\N	1	1827	1827	1827
1828	2019-04-03	twentytwo	664978.6791	2281072.327	1	2	\N	1	1828	1828	1828
1829	2019-04-03	ten	665801.0319	2282480.587	1	2	\N	1	1829	1829	1829
1830	2019-04-09	eight	664707.5758	2282947.898	1	2	\N	1	1830	1830	1830
1831	2019-04-30	sixteen	664520.5666	2281889.155	1	2	\N	1	1831	1831	1831
1832	2019-06-03	two	665093.1956	2282265.449	1	2	\N	1	1832	1832	1832
1833	2019-04-11	twenty	664916.4678	2295023.886	1	2	\N	1	1833	1833	1833
1834	2019-03-17	twentytwo	664906.0394	2295026.083	1	5	13	1	1834	1834	1834
1835	2019-04-12	eight	663360.0011	2286191.469	1	2	\N	1	1835	1835	1835
1836	2019-06-27	fourteen	664130.4989	2286073.566	1	2	\N	1	1836	1836	1836
1837	2019-06-28	six	663515.4576	2286864.637	2	2	\N	1	1837	1837	1837
1838	2019-04-05	twelve	673155.6287	2292644.87	1	2	\N	1	1838	1838	1838
1839	2019-04-11	eight	673179.5767	2292677.884	1	2	\N	788	1839	1839	1839
1840	2019-06-17	twelve	665759.0691	2283279.971	1	2	\N	1	1840	1840	1840
1841	2019-06-29	twenty	665736.0863	2283263.641	1	2	\N	789	1841	1841	1841
1842	2019-04-10	eight	668920.9254	2295075.087	1	1	\N	1	1842	1842	1842
1843	2019-01-24	ten	670832.4737	2295892.838	4	2	\N	1	1843	1843	1843
1844	2019-06-17	fourteen	664925.3996	2295014.976	1	2	\N	1	1844	1844	1844
1845	2019-01-22	eight	659955.7823	2298766.273	4	2	\N	1	1845	1845	1845
1846	2019-04-21	twentytwo	670157.7581	2294861.409	1	2	\N	1	1846	1846	1846
1847	2019-06-20	ten	670235.3206	2294759.551	1	2	\N	1	1847	1847	1847
1848	2019-04-20	sixteen	664269.7055	2293178.574	1	2	\N	1	1848	1848	1848
1849	2019-06-14	fourteen	663497.8068	2293060.1180000002	1	2	\N	1	1849	1849	1849
1850	2019-03-22	twelve	669002.3048	2293258.175	5	1	\N	1	1850	1850	1850
1851	2019-06-07	eight	671468.1396	2292979.078	1	2	2	1	1851	1851	1851
1852	2019-06-16	twelve	671620.2459	2293216.801	1	2	\N	1	1852	1852	1852
1853	2019-06-17	six	671366.551	2293311.846	1	2	\N	800	1853	1853	1853
1854	2019-04-30	eight	661695.9583	2297452.98	1	2	\N	1	1854	1854	1854
1855	2019-05-14	sixteen	661834.0663	2297353.839	5	1	\N	801	1855	1855	1855
1856	2019-06-05	sixteen	662036.2339999999	2297199.34	1	2	\N	801	1856	1856	1856
1857	2019-06-07	eight	662773.4159	2277766.885	1	3	\N	1	1857	1857	1857
1858	2019-06-08	eight	662472.286	2277892.963	1	2	\N	1	1858	1858	1858
1859	2019-03-13	ten	665507.6674	2293650.545	1	2	\N	1	1859	1859	1859
1860	2019-06-24	sixteen	665289.5235	2293566.17	7	5	16	1	1860	1860	1860
1861	2019-06-19	ten	665571.9741	2293447.665	1	2	2	804	1861	1861	1861
1862	2019-06-21	eight	665581.5802	2293452.559	1	2	\N	804	1862	1862	1862
1863	2019-06-26	sixteen	666902.3531	2294702.556	2	2	\N	1	1863	1863	1863
1864	2019-04-30	eight	654557.4276	2292763.035	1	2	\N	1	1864	1864	1864
1865	2019-04-30	twelve	669310.1505	2291285.693	1	2	\N	1	1865	1865	1865
1866	2019-04-03	zero	669322.4207	2291287.562	1	2	\N	808	1866	1866	1866
1867	2019-04-10	sixteen	669057.0558	2291271.156	1	2	\N	1	1867	1867	1867
1868	2019-06-06	twelve	669236.3483	2291511.183	1	2	\N	1	1868	1868	1868
1869	2019-06-24	eighteen	669394.6356	2291307.703	2	2	\N	1	1869	1869	1869
1870	2019-01-18	ten	668240.0006	2295649.5919999997	1	2	\N	1	1870	1870	1870
1871	2019-01-31	eight	654652.9237	2293498.32	1	2	\N	1	1871	1871	1871
1872	2019-04-05	twentytwo	665816.2834	2281691.01	1	2	\N	1	1872	1872	1872
1873	2019-04-13	ten	665007.774	2282059.506	1	2	\N	1	1873	1873	1873
1874	2019-04-27	four	666210.9701	2281673.328	1	2	\N	1	1874	1874	1874
1875	2019-06-22	eighteen	665672.0146	2281772.89	1	2	\N	1	1875	1875	1875
1876	2019-06-22	eighteen	665669.5079999999	2281761.1380000003	1	2	\N	817	1876	1876	1876
1877	2019-05-30	ten	NaN	NaN	4	2	\N	1	1877	1877	1877
1878	2019-06-07	ten	NaN	NaN	1	2	\N	1	1878	1878	1878
1879	2019-06-04	ten	663854.2507	2288715.614	1	2	\N	1	1879	1879	1879
1880	2019-04-23	zero	664220.9223	2280769.399	1	2	\N	1	1880	1880	1880
1881	2019-06-18	sixteen	664215.8058	2280756.318	1	2	\N	821	1881	1881	1881
1882	2019-06-04	eight	666928.3243	2292851.781	1	2	\N	1	1882	1882	1882
1883	2019-04-28	four	666731.7370000001	2292133.9269999997	1	2	\N	1	1883	1883	1883
1884	2019-02-01	sixteen	666091.4564	2282039.886	4	2	\N	1	1884	1884	1884
1885	2019-06-11	eight	666429.5761	2283111.661	1	2	\N	1	1885	1885	1885
1886	2019-06-27	eighteen	665595.7842	2283000.551	1	2	\N	1	1886	1886	1886
1887	2019-04-03	ten	665798.3617	2282483.95	1	2	\N	1	1887	1887	1887
1888	2019-06-01	four	666087.3777	2282027.976	1	2	\N	1	1888	1888	1888
1889	2019-02-07	fourteen	670670.5969	2291293.047	1	5	17	1	1889	1889	1889
1890	2019-04-26	ten	670616.125	2291427.871	1	2	\N	1	1890	1890	1890
1891	2019-06-10	eight	670652.4852	2291333.476	1	2	\N	830	1891	1891	1891
1892	2019-06-16	zero	664584.3304	2286699.616	1	2	\N	1	1892	1892	1892
1893	2019-04-04	sixteen	668355.9823	2294128.238	1	2	\N	1	1893	1893	1893
1894	2019-04-21	ten	666734.3002	2294852.9280000003	1	2	\N	1	1894	1894	1894
1895	2019-04-22	six	666642.9875	2294237.88	1	2	\N	832	1895	1895	1895
1896	2019-05-19	fourteen	664939.5549	2295009.671	1	2	\N	1	1896	1896	1896
1897	2019-06-03	twenty	666743.744	2294842.41	1	2	\N	833	1897	1897	1897
1898	2019-06-19	fourteen	667325.0109	2294284.768	1	2	\N	1	1898	1898	1898
1899	2019-04-11	four	664683.6766	2292523.31	1	2	\N	1	1899	1899	1899
1900	2019-04-14	eight	665855.8964	2290901.687	1	2	\N	1	1900	1900	1900
1901	2019-06-02	ten	665769.4915	2292529.809	1	2	\N	1	1901	1901	1901
1902	2019-06-15	two	665882.4093	2290885.861	2	2	\N	837	1902	1902	1902
1903	2019-06-26	twenty	661720.9137	2285144.671	1	2	\N	1	1903	1903	1903
1904	2019-04-12	fourteen	673150.9176	2292664.054	1	2	\N	1	1904	1904	1904
1905	2019-03-21	ten	664611.1485	2289323.732	1	1	\N	1	1905	1905	1905
1906	2019-04-03	twenty	664990.1741	2288642.77	1	2	\N	1	1906	1906	1906
1907	2019-04-20	sixteen	665601.936	2288357.668	1	2	\N	1	1907	1907	1907
1908	2019-06-27	twenty	662694.7469	2296700.6	1	2	\N	1	1908	1908	1908
1909	2019-06-04	ten	NaN	NaN	1	2	\N	1	1909	1909	1909
1910	2019-04-28	twelve	669065.0981	2291275.376	4	2	\N	1	1910	1910	1910
1911	2019-04-03	eight	668812.3643	2294019.506	1	2	\N	1	1911	1911	1911
1912	2019-04-16	eighteen	672376.657	2292958.902	1	2	\N	1	1912	1912	1912
1913	2019-06-05	ten	672629.1545	2292883.474	1	2	\N	848	1913	1913	1913
1914	2019-06-14	zero	664849.3128	2292264.875	1	2	\N	1	1914	1914	1914
1915	2019-04-05	twelve	663377.1969	2293052.304	1	2	\N	1	1915	1915	1915
1916	2019-06-29	ten	664450.2015	2294626.4	1	2	\N	1	1916	1916	1916
1917	2019-06-01	twenty	664258.725	2285087.397	1	2	\N	1	1917	1917	1917
1918	2019-04-11	eight	663911.4674	2280304.352	1	2	\N	1	1918	1918	1918
1919	2019-06-23	six	664001.1719	2280466.8030000003	2	2	\N	1	1919	1919	1919
1920	2019-06-27	zero	663912.302	2280297.136	1	2	\N	853	1920	1920	1920
1921	2019-04-09	eighteen	665879.5757	2287321.176	1	2	\N	1	1921	1921	1921
1922	2019-06-15	twelve	665778.6358	2287478.663	1	2	\N	1	1922	1922	1922
1923	2019-01-24	eight	664914.3343	2295018.0330000003	1	1	\N	1	1923	1923	1923
1924	2019-05-24	twentytwo	664719.1702	2295125.525	5	2	\N	857	1924	1924	1924
1925	2019-06-23	twenty	664421.51	2295399.1580000003	1	2	\N	857	1925	1925	1925
1926	2019-06-24	twenty	663980.0492	2295726.6569999997	1	2	\N	857	1926	1926	1926
1927	2019-06-07	ten	664935.6317	2295262.308	1	1	\N	1	1927	1927	1927
1928	2019-06-18	zero	664847.7709	2292253.2090000003	1	2	\N	1	1928	1928	1928
1929	2019-06-05	zero	662152.4728	2281998.984	1	2	\N	1	1929	1929	1929
1930	2019-06-29	fourteen	662282.1221	2281553.946	1	2	\N	1	1930	1930	1930
1931	2019-06-05	zero	662157.7026	2281990.179	1	2	\N	860	1931	1931	1931
1932	2019-03-07	eight	672767.3351	2297620.4669999997	1	1	\N	1	1932	1932	1932
1933	2019-04-07	twenty	672609.4954	2296501.088	4	2	\N	862	1933	1933	1933
1934	2019-04-22	eight	672095.7004	2297808.119	1	2	\N	1	1934	1934	1934
1935	2019-06-10	ten	671440.074	2297040.797	8	6	18	1	1935	1935	1935
1936	2019-05-16	ten	663197.4393	2279142.116	3	6	\N	1	1936	1936	1936
1937	2019-04-06	eight	672166.9086	2294734.8219999997	1	5	19	1	1937	1937	1937
1938	2019-06-09	twenty	664334.2137	2284224.98	1	2	\N	1	1938	1938	1938
1939	2019-02-03	na	662442.7403	2283222.161	4	2	\N	1	1939	1939	1939
1940	2019-03-16	twentytwo	661620.3132	2283472.545	4	2	\N	1	1940	1940	1940
1941	2019-04-13	four	660346.7755	2283298.192	1	2	\N	1	1941	1941	1941
1942	2019-04-21	ten	661258.5285	2283408.754	1	2	\N	1	1942	1942	1942
1943	2019-06-07	twenty	661050.2481	2283447.443	4	6	5	1	1943	1943	1943
1944	2019-06-08	twenty	661048.0592	2283442.5330000003	1	2	\N	871	1944	1944	1944
1945	2019-06-09	twenty	660338.5013	2283298.4469999997	1	2	\N	870	1945	1945	1945
1946	2019-06-22	twenty	660854.7304	2283084.203	1	2	\N	1	1946	1946	1946
1947	2019-06-27	eight	660864.8	2283657.359	2	2	\N	1	1947	1947	1947
1948	2019-06-30	fourteen	663492.3524	2284661.817	1	2	\N	1	1948	1948	1948
1949	2019-05-03	sixteen	667047.0019	2288160.865	4	2	\N	1	1949	1949	1949
1950	2019-06-23	six	656980.6327	2294098.751	1	2	\N	1	1950	1950	1950
1951	2019-06-08	twentytwo	655562.0192	2299539.168	6	2	\N	1	1951	1951	1951
1952	2019-04-06	zero	662956.1912	2282070.497	1	2	\N	1	1952	1952	1952
1953	2019-06-16	six	672212.3698	2294801.5	1	2	\N	1	1953	1953	1953
1954	2019-04-30	eighteen	661134.451	2297847.6580000003	1	2	\N	1	1954	1954	1954
1955	2019-02-22	eight	660691.3806	2298210.859	1	1	12	1	1955	1955	1955
1956	2019-02-24	fourteen	661689.1386	2297456.393	1	4	11	882	1956	1956	1956
1957	2019-04-03	twelve	663261.9074	2296260.905	1	2	\N	882	1957	1957	1957
1958	2019-04-05	ten	662347.9109	2296312.15	1	2	\N	1	1958	1958	1958
1959	2019-04-06	eighteen	662361.5294	2296319.0840000003	1	2	\N	882	1959	1959	1959
1960	2019-04-06	eighteen	662340.9595	2296323.421	1	2	\N	882	1960	1960	1960
1961	2019-04-06	sixteen	662354.556	2296332.622	1	2	\N	882	1961	1961	1961
1962	2019-04-07	twenty	662350.126	2296318.974	1	2	\N	883	1962	1962	1962
1963	2019-04-08	eight	662589.0555	2296642.8430000003	1	2	\N	883	1963	1963	1963
1964	2019-04-10	six	660897.2791	2297316.755	1	2	\N	1	1964	1964	1964
1965	2019-04-10	fourteen	662818.3249	2295977.2569999998	1	2	\N	1	1965	1965	1965
1966	2019-04-12	ten	662423.3009	2296865.15	1	2	\N	882	1966	1966	1966
1967	2019-04-14	fourteen	663271.2270000001	2296254.41	1	2	\N	882	1967	1967	1967
1968	2019-05-09	eight	664420.7656	2295395.651	1	2	\N	882	1968	1968	1968
1969	2019-06-05	twentytwo	661421.182	2297663.424	1	5	12	882	1969	1969	1969
1970	2019-06-02	six	661425.431	2297618.792	1	2	\N	882	1970	1970	1970
1971	2019-06-08	sixteen	662641.4434	2296714.422	1	2	\N	882	1971	1971	1971
1972	2019-06-10	twelve	660689.5394	2298208.932	1	2	\N	882	1972	1972	1972
1973	2019-06-10	twelve	662640.4078	2296708.624	1	2	\N	882	1973	1973	1973
1974	2019-06-17	ten	662879.817	2296522.833	1	2	\N	882	1974	1974	1974
1975	2019-06-17	twenty	662347.5607	2296324.153	1	2	\N	883	1975	1975	1975
1976	2019-06-22	twelve	662089.3722	2297025.043	1	2	\N	882	1976	1976	1976
1977	2019-06-23	sixteen	661426.7684	2297622.645	1	2	\N	882	1977	1977	1977
1978	2019-06-26	twenty	663257.6465	2296267.946	2	2	\N	882	1978	1978	1978
1979	2019-06-27	eight	662421.0081	2296870.655	1	2	\N	882	1979	1979	1979
1980	2019-06-29	four	661129.2556	2297848.224	1	2	\N	882	1980	1980	1980
1981	2019-06-01	twelve	661256.7308	2297338.444	1	1	\N	1	1981	1981	1981
1982	2019-06-16	twenty	662350.394	2296329.46	1	2	\N	883	1982	1982	1982
1983	2019-06-17	twenty	660687.8672	2298214.417	1	2	\N	882	1983	1983	1983
1984	2019-01-23	ten	661683.3872	2284677.548	1	5	\N	1	1984	1984	1984
1985	2019-04-03	ten	661254.0208	2283807.214	1	2	\N	1	1985	1985	1985
1986	2019-04-30	sixteen	666445.5353	2293872.665	1	2	\N	1	1986	1986	1986
1987	2019-02-11	twentytwo	666459.5746	2293862.411	4	2	\N	1	1987	1987	1987
1988	2019-04-14	four	666215.8706	2294017.619	5	1	\N	1	1988	1988	1988
1989	2019-06-06	fourteen	666459.4206	2293877.998	1	2	\N	1	1989	1989	1989
1990	2019-06-17	two	663216.2046	2294703.475	1	2	\N	1	1990	1990	1990
1991	2019-06-15	sixteen	672394.4432	2292955.4680000003	1	2	\N	1	1991	1991	1991
1992	2019-01-01	na	NaN	NaN	1	5	\N	1	1992	1992	1992
1993	2019-02-24	na	659395.3909	2300458.4790000003	4	2	\N	1	1993	1993	1993
1994	2019-04-29	eight	663983.0858	2295737.627	7	6	11	1	1994	1994	1994
1995	2019-04-06	fourteen	664564.6501	2294555.731	1	2	\N	1	1995	1995	1995
1996	2019-05-20	zero	664914.2321	2295021.547	1	2	\N	1	1996	1996	1996
1997	2019-06-02	twenty	664715.9591	2294445.7	1	2	\N	898	1997	1997	1997
1998	2019-06-19	twelve	664718.9814	2294444.234	1	2	\N	898	1998	1998	1998
1999	2019-06-18	twelve	664720.9962	2294443.2569999998	1	2	\N	1	1999	1999	1999
2000	2019-04-24	ten	671719.2607	2293696.758	1	2	\N	1	2000	2000	2000
2001	2019-04-03	zero	666082.2663	2283875.438	1	2	\N	1	2001	2001	2001
2002	2019-05-07	sixteen	662963.5034	2282057.205	1	1	20	1	2002	2002	2002
2003	2019-06-18	eighteen	664445.3142	2282771.28	1	2	\N	1	2003	2003	2003
2004	2019-03-15	twenty	663154.5152	2288305.599	3	2	\N	1	2004	2004	2004
2005	2019-06-06	ten	669241.4039	2291508.776	1	2	\N	1	2005	2005	2005
2006	2019-06-27	sixteen	669052.9501	2291261.445	1	2	\N	1	2006	2006	2006
2007	2019-06-12	twelve	669252.5273	2291590.066	1	2	\N	1	2007	2007	2007
2008	2019-04-02	twelve	664827.5393	2288458.169	2	2	\N	1	2008	2008	2008
2009	2019-06-29	twelve	664850.6988	2288167.22	1	2	\N	1	2009	2009	2009
2010	2019-04-08	six	663906.7341	2280310.329	1	2	\N	1	2010	2010	2010
2011	2019-06-30	six	663757.4762	2280489.042	2	2	\N	911	2011	2011	2011
2012	2019-04-14	six	664613.4232	2281405.878	1	2	\N	1	2012	2012	2012
2013	2019-04-10	eight	663733.4383	2285496.596	1	2	\N	1	2013	2013	2013
2014	2019-06-05	eight	663374.9439	2292717.796	1	2	\N	1	2014	2014	2014
2015	2019-06-12	eight	663379.7383	2293091.966	1	2	\N	1	2015	2015	2015
2016	2019-06-26	zero	663364.1926	2293049.512	2	2	\N	915	2016	2016	2016
2017	2019-06-29	sixteen	663395.1937	2292766.576	2	2	\N	1	2017	2017	2017
2018	2019-03-21	sixteen	664610.1944	2284966.63	1	2	\N	1	2018	2018	2018
2019	2019-06-05	twelve	665242.1299	2285194.989	1	2	\N	1	2019	2019	2019
2020	2019-04-11	twelve	666111.7506	2287318.222	1	2	\N	1	2020	2020	2020
2021	2019-04-16	eight	664885.9474	2287248.909	1	2	\N	1	2021	2021	2021
2022	2019-06-13	twentytwo	665318.6029	2287335.2819999997	1	2	\N	1	2022	2022	2022
2023	2019-06-17	fourteen	664413.7001	2287428.341	1	2	\N	1	2023	2023	2023
2024	2019-06-26	eighteen	664397.7001	2287430.2569999998	1	2	\N	922	2024	2024	2024
2025	2019-06-22	sixteen	668054.9539	2289568.152	1	2	\N	1	2025	2025	2025
2026	2019-03-21	four	664154.1975	2292033.3019999997	2	2	\N	1	2026	2026	2026
2027	2019-04-02	eight	665636.1657	2291157.264	1	2	\N	1	2027	2027	2027
2028	2019-04-04	ten	NaN	NaN	1	2	\N	925	2028	2028	2028
2029	2019-04-05	two	664926.9882	2292140.9790000003	1	2	2	925	2029	2029	2029
2030	2019-04-05	eight	664706.0802	2292461.8340000003	1	2	\N	1	2030	2030	2030
2031	2019-04-05	six	664146.9061	2292033.058	1	2	\N	926	2031	2031	2031
2032	2019-04-05	six	664153.1304	2292035.881	1	2	\N	926	2032	2032	2032
2033	2019-04-11	six	664708.9226	2292455.301	1	2	\N	926	2033	2033	2033
2034	2019-04-19	eighteen	665171.6117	2290605.21	2	2	\N	1	2034	2034	2034
2035	2019-05-24	eighteen	NaN	NaN	1	2	\N	925	2035	2035	2035
2036	2019-06-03	eighteen	663991.4515	2291803.652	1	2	\N	926	2036	2036	2036
2037	2019-06-04	eight	665032.3197	2292841.034	1	2	\N	926	2037	2037	2037
2038	2019-06-05	ten	665374.6724	2290584.409	1	2	\N	1	2038	2038	2038
2039	2019-06-05	twelve	665216.2846	2290370.828	1	2	\N	928	2039	2039	2039
2040	2019-06-05	eighteen	664726.3836	2292415.801	1	2	\N	926	2040	2040	2040
2041	2019-06-06	ten	662773.8194	2291070.8880000003	1	2	\N	926	2041	2041	2041
2042	2019-06-06	twenty	664718.7948	2292430.3019999997	1	2	\N	926	2042	2042	2042
2043	2019-06-14	sixteen	664713.0834	2292443.202	1	2	\N	926	2043	2043	2043
2044	2019-06-16	ten	663975.8219	2291773.8619999997	1	2	\N	926	2044	2044	2044
2045	2019-06-17	twelve	663857.2767	2290177.61	1	2	\N	1	2045	2045	2045
2046	2019-06-23	twenty	663983.1425	2291786.889	2	2	\N	926	2046	2046	2046
2047	2019-06-25	twenty	664144.5667	2292035.0930000003	2	2	\N	926	2047	2047	2047
2048	2019-06-26	four	664710.6954	2292449.425	2	2	\N	926	2048	2048	2048
2049	2019-06-26	six	664715.0151	2292436.049	2	2	\N	926	2049	2049	2049
2050	2019-06-17	two	665230.6678	2290399.019	2	2	\N	928	2050	2050	2050
2051	2019-04-02	sixteen	660691.0878	2298212.635	2	2	\N	1	2051	2051	2051
2052	2019-04-10	eight	660093.3786	2299172.236	1	2	\N	1	2052	2052	2052
2053	2019-06-05	eighteen	663690.0843	2292727.054	3	1	\N	1	2053	2053	2053
2054	2019-06-28	ten	661189.8342	2289607.696	9	2	\N	1	2054	2054	2054
2055	2019-06-01	ten	660922.2983	2289252.038	2	2	\N	1	2055	2055	2055
2056	2019-06-18	sixteen	664705.1478	2292469.383	1	2	\N	1	2056	2056	2056
2057	2019-06-17	two	665228.2426	2290385.227	1	2	\N	1	2057	2057	2057
2058	2019-06-19	ten	663864.5778	2290168.772	1	2	\N	1	2058	2058	2058
2059	2019-04-20	four	665840.6038	2290882.691	1	2	\N	1	2059	2059	2059
2060	2019-06-03	twenty	665652.8998	2291131.196	1	2	\N	938	2060	2060	2060
2061	2019-06-12	eight	665591.6842	2290728.692	1	2	\N	1	2061	2061	2061
2062	2019-06-14	fourteen	665594.9424	2290728.724	1	2	\N	939	2062	2062	2062
2063	2019-01-24	eighteen	666528.5254	2295880.75	3	1	\N	1	2063	2063	2063
2064	2019-04-03	twelve	660356.9207	2289933.89	1	2	\N	1	2064	2064	2064
2065	2019-04-28	twenty	664387.4478	2287413.536	1	2	\N	1	2065	2065	2065
2066	2019-06-26	twenty	664412.0937	2287504.747	1	2	\N	942	2066	2066	2066
2067	2019-06-22	twenty	664274.9364	2286699.423	1	2	\N	1	2067	2067	2067
2068	2019-01-12	six	663384.986	2293794.812	1	1	\N	1	2068	2068	2068
2069	2019-04-24	twentytwo	666315.5211	2282832.961	1	2	\N	1	2069	2069	2069
2070	2019-06-23	eight	663764.7209	2284712.106	1	2	\N	1	2070	2070	2070
2071	2019-06-18	eight	663301.7979	2284277.2180000003	1	2	\N	1	2071	2071	2071
2072	2019-04-12	sixteen	663374.4657	2293042.101	1	2	\N	1	2072	2072	2072
2073	2019-06-29	eight	663453.1662	2292093.2709999997	1	2	\N	1	2073	2073	2073
2074	2019-04-03	eighteen	664641.8546	2293855.534	2	2	\N	1	2074	2074	2074
2075	2019-05-26	twelve	666090.5113	2283886.705	5	2	\N	1	2075	2075	2075
2076	2019-06-02	fourteen	666230.7935	2294032.574	1	2	\N	1	2076	2076	2076
2077	2019-04-02	ten	665253.2395	2282556.545	2	2	\N	1	2077	2077	2077
2078	2019-04-27	sixteen	670539.3748	2293584.113	1	2	\N	1	2078	2078	2078
2079	2019-03-18	two	662001.5653	2285701.6459999997	2	2	\N	1	2079	2079	2079
2080	2019-01-30	ten	666777.2341	2284328.17	1	5	\N	1	2080	2080	2080
2081	2019-04-17	twelve	663710.6853	2288171.595	1	2	\N	1	2081	2081	2081
2082	2019-04-05	fourteen	660899.6573	2289245.965	1	2	2	1	2082	2082	2082
2083	2019-04-12	six	663860.1529	2290181.183	1	2	\N	1	2083	2083	2083
2084	2019-06-19	eight	663859.4624	2290173.3680000002	1	2	\N	1	2084	2084	2084
2085	2019-06-23	zero	665879.7959	2290817.076	1	2	\N	1	2085	2085	2085
2086	2019-03-09	four	NaN	NaN	1	2	2	1	2086	2086	2086
2087	2019-03-15	twenty	659210.2174	2300879.068	1	5	\N	1	2087	2087	2087
2088	2019-03-10	ten	NaN	NaN	1	2	\N	1	2088	2088	2088
2089	2019-04-01	eighteen	667891.1336	2294234.527	1	2	\N	1	2089	2089	2089
2090	2019-04-07	ten	667904.9541	2294231.6180000002	1	2	\N	965	2090	2090	2090
2091	2019-04-22	twenty	667148.0203	2294181.821	1	2	\N	965	2091	2091	2091
2092	2019-06-02	fourteen	667894.3748	2294229.365	1	2	\N	965	2092	2092	2092
2093	2019-03-04	twenty	666809.7626	2292870.753	1	2	\N	1	2093	2093	2093
2094	2019-04-13	eighteen	666458.3417	2293514.974	1	2	\N	1	2094	2094	2094
2095	2019-04-18	twelve	666517.2199	2293391.221	1	2	\N	1	2095	2095	2095
2096	2019-06-03	six	666628.7895	2293679.792	1	2	\N	1	2096	2096	2096
2097	2019-04-10	twenty	666310.095	2293257.345	1	2	\N	1	2097	2097	2097
2098	2019-01-17	zero	666242.5011	2292871.1	5	1	\N	1	2098	2098	2098
2099	2019-03-25	six	666023.794	2293551.69	1	1	\N	1	2099	2099	2099
2100	2019-01-29	ten	661217.0501	2289766.076	4	2	\N	1	2100	2100	2100
2101	2019-01-18	ten	661015.2175	2291160.472	3	1	\N	1	2101	2101	2101
2102	2019-04-11	ten	661189.8223	2289604.635	1	2	\N	1	2102	2102	2102
2103	2019-04-12	fourteen	661044.2101	2292532.109	1	2	\N	1	2103	2103	2103
2104	2019-04-12	twentytwo	662347.7586	2290861.071	2	2	\N	975	2104	2104	2104
2105	2019-04-18	twelve	660031.7513	2290301.975	1	2	\N	1	2105	2105	2105
2106	2019-04-28	zero	660359.6992	2289973.969	1	2	\N	977	2106	2106	2106
2107	2019-04-30	sixteen	661056.4388	2292563.295	1	2	\N	976	2107	2107	2107
2108	2019-06-22	sixteen	661050.5388	2293180.629	5	1	\N	1	2108	2108	2108
2109	2019-06-04	ten	660546.1078	2290668.688	1	2	\N	976	2109	2109	2109
2110	2019-06-08	four	660337.3754	2289969.954	1	2	\N	977	2110	2110	2110
2111	2019-06-10	eight	662376.6233	2290868.7290000003	1	2	\N	975	2111	2111	2111
2112	2019-06-14	twelve	661186.4984	2289605.086	1	2	\N	975	2112	2112	2112
2113	2019-06-16	zero	661593.9963	2290099.97	1	2	\N	975	2113	2113	2113
2114	2019-06-18	two	661223.5229999999	2293180.089	1	2	\N	976	2114	2114	2114
2115	2019-06-18	fourteen	662361.4081	2290859.954	1	2	\N	975	2115	2115	2115
2116	2019-06-19	six	660909.2024	2291961.588	1	2	\N	976	2116	2116	2116
2117	2019-06-19	twenty	666192.8067	2294025.6119999997	1	2	\N	975	2117	2117	2117
2118	2019-06-29	sixteen	662383.0801	2290870.4	1	2	\N	975	2118	2118	2118
2119	2019-06-29	fourteen	662367.8494	2290863.233	1	2	\N	975	2119	2119	2119
2120	2019-04-04	eighteen	661363.9485	2290772.066	1	2	\N	1	2120	2120	2120
2121	2019-04-08	eight	661840.3658	2290519.667	1	2	\N	1	2121	2121	2121
2122	2019-04-03	twentytwo	660793.1596	2281054.2180000003	1	2	2	1	2122	2122	2122
2123	2019-04-03	sixteen	672261.4744	2291662.145	1	2	\N	1	2123	2123	2123
2124	2019-04-03	fourteen	672254.4974	2291653.884	1	2	\N	982	2124	2124	2124
2125	2019-04-04	six	672257.9202	2291664.449	1	2	\N	982	2125	2125	2125
2126	2019-04-10	twelve	672259.1448	2291659.781	1	2	\N	1	2126	2126	2126
2127	2019-06-08	sixteen	667359.3613	2290988.583	1	2	\N	1	2127	2127	2127
2128	2019-03-30	eight	656306.0841	2300612.076	1	1	21	1	2128	2128	2128
2129	2019-06-23	six	NaN	NaN	1	2	\N	985	2129	2129	2129
2130	2019-01-28	eighteen	664903.8725	2293140.179	5	1	\N	1	2130	2130	2130
2131	2019-01-24	eight	665321.7957	2293182.295	8	9	3	1	2131	2131	2131
2132	2019-03-07	twelve	664651.2078	2292804.588	4	2	\N	1	2132	2132	2132
2133	2019-03-01	eight	665327.0676	2293184.6859999998	4	8	1	987	2133	2133	2133
2134	2019-04-02	twenty	664461.6528	2293115.6769999997	7	6	22	1	2134	2134	2134
2135	2019-04-04	sixteen	663917.017	2293064.891	1	2	\N	1	2135	2135	2135
2136	2019-04-07	sixteen	665319.7207	2293183.883	1	2	\N	987	2136	2136	2136
2137	2019-04-07	eighteen	665325.0386	2293181.595	1	2	\N	987	2137	2137	2137
2138	2019-04-07	eighteen	665323.2335	2293185.672	2	2	\N	987	2138	2138	2138
2139	2019-04-14	fourteen	663377.18	2293034.789	1	2	\N	1	2139	2139	2139
2140	2019-04-15	sixteen	665348.5633	2293197.557	1	2	\N	987	2140	2140	2140
2141	2019-04-16	twenty	665680.8316	2293219.857	1	2	\N	1	2141	2141	2141
2142	2019-04-16	twenty	NaN	NaN	1	2	\N	991	2142	2142	2142
2143	2019-04-17	ten	664981.4642	2292836.016	1	2	\N	987	2143	2143	2143
2144	2019-04-28	sixteen	NaN	NaN	1	2	\N	988	2144	2144	2144
2145	2019-04-28	fourteen	664999.8761	2292837.206	1	2	\N	987	2145	2145	2145
2146	2019-04-30	eight	NaN	NaN	1	2	\N	991	2146	2146	2146
2147	2019-06-03	six	664629.838	2292492.8	1	2	\N	987	2147	2147	2147
2148	2019-06-05	eight	664982.7535	2292837.687	1	2	\N	987	2148	2148	2148
2149	2019-06-05	eight	664642.0079	2292487.005	1	2	\N	987	2149	2149	2149
2150	2019-06-05	six	664646.0315	2292490.9390000002	1	2	4	987	2150	2150	2150
2151	2019-06-07	eight	664902.4801	2292716.913	1	2	\N	987	2151	2151	2151
2152	2019-06-09	eighteen	665001.4872	2292835.635	1	2	\N	987	2152	2152	2152
2153	2019-06-18	eighteen	663365.113	2293047.624	1	2	\N	991	2153	2153	2153
2154	2019-06-19	fourteen	664985.3715	2292836.992	1	2	\N	987	2154	2154	2154
2155	2019-06-23	eighteen	666112.9234	2293269.611	2	2	\N	1	2155	2155	2155
2156	2019-06-26	eight	664632.7342	2292493.333	1	2	\N	987	2156	2156	2156
2157	2019-06-12	sixteen	664439.7201	2295353.387	1	2	\N	1	2157	2157	2157
2158	2019-04-14	fourteen	NaN	NaN	1	2	\N	1	2158	2158	2158
2159	2019-06-05	eight	662757.5871	2287527.574	1	2	\N	1	2159	2159	2159
2160	2019-04-18	twenty	667899.4923	2294227.9390000002	1	2	\N	1	2160	2160	2160
2161	2019-04-24	sixteen	669558.3703	2292210.305	1	2	\N	1	2161	2161	2161
2162	2019-06-14	sixteen	669121.1001	2291227.892	1	2	\N	1	2162	2162	2162
2163	2019-04-04	eight	669058.0123	2291268.943	1	2	\N	1	2163	2163	2163
2164	2019-04-28	fourteen	669029.3892	2292358.4469999997	1	2	\N	1	2164	2164	2164
2165	2019-06-18	eight	669280.2974	2292090.975	1	2	\N	1	2165	2165	2165
2166	2019-01-06	sixteen	667903.2512	2294229.202	1	1	\N	1	2166	2166	2166
2167	2019-01-14	six	666103.1139	2283889.422	1	5	\N	1	2167	2167	2167
2168	2019-01-14	eight	NaN	NaN	1	5	\N	1003	2168	2168	2168
2169	2019-01-14	twenty	666817.1089	2289239.0930000003	1	5	\N	1	2169	2169	2169
2170	2019-01-17	six	665001.8209	2292838.595	1	1	\N	1003	2170	2170	2170
2171	2019-01-19	twelve	663377.3587	2293041.398	1	5	\N	1	2171	2171	2171
2172	2019-02-01	ten	NaN	NaN	1	2	\N	1003	2172	2172	2172
2173	2019-02-07	eight	NaN	NaN	1	2	\N	1	2173	2173	2173
2174	2019-02-10	sixteen	NaN	NaN	1	2	\N	1	2174	2174	2174
2175	2019-02-16	eight	NaN	NaN	1	2	\N	1	2175	2175	2175
2176	2019-02-16	sixteen	NaN	NaN	1	2	\N	1	2176	2176	2176
2177	2019-04-25	six	669522.0013	2293842.495	1	1	\N	1003	2177	2177	2177
2178	2019-04-25	eighteen	671558.6354	2293263.0330000003	1	1	\N	1003	2178	2178	2178
2179	2019-06-10	eighteen	NaN	NaN	3	1	\N	1	2179	2179	2179
2180	2019-06-10	eighteen	NaN	NaN	1	1	\N	1	2180	2180	2180
2181	2019-06-15	ten	663376.4087	2293049.609	1	2	\N	1	2181	2181	2181
2182	2019-01-13	sixteen	670576.3570000001	2294010.1859999998	1	10	23	1	2182	2182	2182
2183	2019-02-20	sixteen	669015.4728	2294793.7169999997	1	2	\N	1	2183	2183	2183
2184	2019-03-05	ten	670534.7707	2293575.756	1	1	24	1	2184	2184	2184
2185	2019-04-11	twelve	670534.1044	2293577.083	1	5	25	1016	2185	2185	2185
2186	2019-04-08	twelve	670536.5435	2293576.17	1	2	\N	1016	2186	2186	2186
2187	2019-04-09	twenty	670539.8837	2293575.808	1	2	\N	1016	2187	2187	2187
2188	2019-04-14	twelve	670600.292	2293956.494	1	2	\N	1014	2188	2188	2188
2189	2019-04-17	ten	670635.2475	2293505.819	1	2	\N	1016	2189	2189	2189
2190	2019-04-17	ten	670540.8455	2293573.943	1	2	\N	1016	2190	2190	2190
2191	2019-04-30	sixteen	669908.622	2293979.714	1	2	\N	1	2191	2191	2191
2192	2019-06-07	six	670648.1348	2293543.951	1	2	\N	1016	2192	2192	2192
2193	2019-06-09	fourteen	670649.7737	2293546.852	1	2	2	1016	2193	2193	2193
2194	2019-06-09	two	670099.3739	2294159.595	1	2	\N	1	2194	2194	2194
2195	2019-06-25	twelve	670649.0594	2293545.7630000003	1	2	\N	1016	2195	2195	2195
2196	2019-06-07	twenty	670723.4606	2294542.078	1	2	\N	1	2196	2196	2196
2197	2019-04-14	ten	660689.4529	2298205.6780000003	5	1	\N	1	2197	2197	2197
2198	2019-04-03	eight	658502.6888	2300271.099	1	2	\N	1	2198	2198	2198
2199	2019-04-23	sixteen	NaN	NaN	1	2	\N	1021	2199	2199	2199
2200	2019-04-30	eighteen	657505.7878	2300739.1319999998	1	2	\N	1	2200	2200	2200
2201	2019-06-19	twenty	666190.2806	2294026.6890000002	2	2	\N	1	2201	2201	2201
2202	2019-05-28	zero	NaN	NaN	1	2	\N	1021	2202	2202	2202
2203	2019-04-23	eight	666191.7139	2294028.433	1	2	\N	1	2203	2203	2203
2204	2019-06-02	two	NaN	NaN	2	2	\N	1024	2204	2204	2204
2205	2019-06-02	ten	665771.1347	2292530.378	1	2	\N	1	2205	2205	2205
2206	2019-06-12	six	666208.7906	2294047.205	1	2	\N	1	2206	2206	2206
2207	2019-06-15	sixteen	666208.8055	2294045.691	1	2	\N	1	2207	2207	2207
2208	2019-04-16	sixteen	665067.5976	2288840.429	1	2	\N	1	2208	2208	2208
2209	2019-04-02	eight	665039.4608	2289974.359	1	2	\N	1	2209	2209	2209
2210	2019-04-10	fourteen	665064.6895	2288841.05	1	2	\N	1029	2210	2210	2210
2211	2019-06-26	eight	667481.7315	2294289.537	1	2	\N	1	2211	2211	2211
2212	2019-06-20	eighteen	660911.7616	2289269.76	1	2	\N	1	2212	2212	2212
2213	2019-04-15	sixteen	NaN	NaN	1	2	\N	1	2213	2213	2213
2214	2019-04-27	fourteen	NaN	NaN	1	2	\N	1	2214	2214	2214
2215	2019-06-22	fourteen	667670.7817	2286949.9390000002	1	2	\N	1	2215	2215	2215
2216	2019-06-20	twenty	666094.968	2287315.529	1	2	\N	1	2216	2216	2216
2217	2019-03-23	twelve	663589.63	2288537.759	1	11	\N	1	2217	2217	2217
2218	2019-06-05	eight	663846.5143	2288607.182	1	2	\N	1	2218	2218	2218
2219	2019-03-05	zero	NaN	NaN	5	1	\N	1	2219	2219	2219
2220	2019-04-14	twentytwo	663569.3052	2306058.079	1	2	\N	1	2220	2220	2220
2221	2019-06-21	ten	661948.5294	2297246.611	1	2	\N	1	2221	2221	2221
2222	2019-06-29	twelve	662212.9264	2297861.615	2	2	\N	1	2222	2222	2222
2223	2019-04-05	sixteen	663364.0906	2293052.085	1	2	\N	1	2223	2223	2223
2224	2019-04-16	sixteen	NaN	NaN	1	2	\N	1	2224	2224	2224
2225	2019-04-24	eight	663363.2426	2293049.769	1	2	\N	1042	2225	2225	2225
2226	2019-04-30	sixteen	663104.9388	2293029.096	1	2	\N	1	2226	2226	2226
2227	2019-06-10	eight	663424.011	2292108.616	1	2	\N	1	2227	2227	2227
2228	2019-01-04	eighteen	663421.4922	2292099.0730000003	1	2	\N	1	2228	2228	2228
2229	2019-06-18	zero	662131.415	2297110.539	1	2	\N	1	2229	2229	2229
2230	2019-04-08	fourteen	654551.8487	2292745.719	4	2	\N	1	2230	2230	2230
2231	2019-06-25	ten	NaN	NaN	5	1	\N	1	2231	2231	2231
2232	2019-04-08	ten	671133.4471	2292480.203	2	2	\N	1	2232	2232	2232
2233	2019-04-03	six	NaN	NaN	1	2	\N	1	2233	2233	2233
2234	2019-04-04	six	662886.679	2296531.018	1	2	\N	1	2234	2234	2234
2235	2019-04-17	twelve	672299.6828	2292617.488	1	2	\N	1	2235	2235	2235
2236	2019-04-17	eight	NaN	NaN	1	2	\N	1	2236	2236	2236
2237	2019-06-09	fourteen	672868.7861	2292761.41	1	2	\N	1054	2237	2237	2237
2238	2019-06-19	six	672469.3694	2292920.145	1	2	\N	1054	2238	2238	2238
2239	2019-06-25	eighteen	NaN	NaN	1	2	\N	1054	2239	2239	2239
2240	2019-06-26	fourteen	672626.8382	2292835.873	2	2	\N	1054	2240	2240	2240
2241	2019-06-27	twenty	672299.0448	2292616.039	1	2	2	1053	2241	2241	2241
2242	2019-06-29	twenty	672466.1064	2292920.039	1	2	\N	1054	2242	2242	2242
2243	2019-06-26	eighteen	662151.9777	2284042.0719999997	1	2	\N	1	2243	2243	2243
2244	2019-02-02	eighteen	657662.5539	2302395.159	1	2	\N	1	2244	2244	2244
2245	2019-06-14	ten	665065.9839999999	2288842.216	1	2	\N	1	2245	2245	2245
2246	2019-04-30	eight	668371.9468	2293454.962	1	2	\N	1	2246	2246	2246
2247	2019-02-10	twenty	672498.0662	2296059.394	1	5	19	1	2247	2247	2247
2248	2019-04-28	six	672517.2362	2295349.557	1	2	\N	1059	2248	2248	2248
2249	2019-01-23	twelve	661418.0918	2298462.755	1	2	\N	1	2249	2249	2249
2250	2019-06-29	fourteen	659991.9323	2298745.088	2	2	\N	1	2250	2250	2250
2251	2019-02-14	six	669018.5805	2294791.1890000002	1	2	\N	1	2251	2251	2251
2252	2019-04-23	twenty	668012.1108	2295105.64	1	2	\N	1	2252	2252	2252
2253	2019-06-01	six	668054.036	2294923.4280000003	1	2	\N	1063	2253	2253	2253
2254	2019-06-20	six	667902.9703	2294246.4680000003	1	2	\N	1	2254	2254	2254
2255	2019-01-23	eight	667651.5073	2296453.36	1	1	\N	1	2255	2255	2255
2256	2019-01-22	twelve	669240.7574	2291509.877	1	5	\N	1	2256	2256	2256
2257	2019-04-15	twenty	662487.9296	2289006.1380000003	1	2	\N	1	2257	2257	2257
2258	2019-04-15	twelve	667625.4048	2292985.306	1	2	\N	3	2258	2258	2258
2259	2019-04-24	fourteen	667909.2973	2292112.131	1	2	2	1	2259	2259	2259
2260	2019-01-11	ten	662471.9399	2283845.551	1	2	\N	1	2260	2260	2260
2261	2019-01-17	four	668366.9075	2294169.55	1	2	\N	1	2261	2261	2261
2262	2019-01-23	sixteen	664981.1460000001	2289639.183	1	2	2	1	2262	2262	2262
2263	2019-01-21	eight	664647.2461	2292489.1119999997	1	1	\N	1070	2263	2263	2263
2264	2019-01-31	twelve	660360.7464	2281627.026	1	1	\N	1	2264	2264	2264
2265	2019-02-07	twentytwo	669019.3551	2294793.504	1	2	\N	1	2265	2265	2265
2266	2019-02-18	twentytwo	661124.4619	2306256.546	2	2	\N	1	2266	2266	2266
2267	2019-02-04	twelve	663377.6629	2293051.171	1	1	\N	1	2267	2267	2267
2268	2019-02-03	eight	NaN	NaN	1	1	\N	1	2268	2268	2268
2269	2019-02-02	four	667899.2266	2294229.126	1	7	\N	1070	2269	2269	2269
2270	2019-02-05	eighteen	NaN	NaN	3	1	\N	1076	2270	2270	2270
2271	2019-02-05	ten	670649.8105	2293543.211	1	1	\N	1070	2271	2271	2271
2272	2019-02-07	twenty	662394.2817	2283437.829	1	1	\N	1070	2272	2272	2272
2273	2019-02-11	na	662359.1323	2283410.076	1	5	\N	1070	2273	2273	2273
2274	2019-02-09	twentytwo	664004.087	2282435.172	1	1	\N	1	2274	2274	2274
2275	2019-02-07	eighteen	659186.6837	2282995.258	3	1	\N	1	2275	2275	2275
2276	2019-02-04	ten	662645.0905	2296714.641	1	5	\N	1	2276	2276	2276
2277	2019-02-10	twenty	663613.7505	2295149.484	1	1	\N	1	2277	2277	2277
2278	2019-02-12	eight	653004.426	2292921.341	1	12	\N	1	2278	2278	2278
2279	2019-02-13	twelve	672199.7445	2294808.211	1	1	\N	1	2279	2279	2279
2280	2019-02-13	eighteen	659967.0975	2281447.681	1	1	\N	1	2280	2280	2280
2281	2019-02-20	eight	NaN	NaN	3	7	\N	1	2281	2281	2281
2282	2019-02-20	twelve	664008.8297	2282455.06	1	1	\N	1083	2282	2282	2282
2283	2019-02-20	ten	665030.9319	2287150.127	1	1	\N	1	2283	2283	2283
2284	2019-02-24	fourteen	662471.0348	2297354.486	1	7	\N	1	2284	2284	2284
2285	2019-02-23	four	665220.958	2294113.0130000003	1	1	\N	1	2285	2285	2285
2286	2019-02-22	six	664326.155	2280964.381	1	1	\N	1077	2286	2286	2286
2287	2019-02-25	eight	661030.0622	2284558.832	1	1	\N	1072	2287	2287	2287
2288	2019-02-27	sixteen	664596.1267	2283298.999	1	5	\N	1071	2288	2288	2288
2289	2019-03-02	twelve	654667.3223	2293503.6119999997	1	2	\N	1	2289	2289	2289
2290	2019-03-07	eight	NaN	NaN	1	2	\N	1087	2290	2290	2290
2291	2019-03-09	twenty	NaN	NaN	1	2	\N	1	2291	2291	2291
2292	2019-03-11	two	666945.1013	2296453.328	1	2	2	1	2292	2292	2292
2293	2019-03-13	twelve	NaN	NaN	1	2	\N	1077	2293	2293	2293
2294	2019-03-30	eighteen	657923.3591	2300108.1569999997	1	2	\N	1	2294	2294	2294
2295	2019-03-01	eight	666105.8567	2283894.643	1	1	\N	1077	2295	2295	2295
2296	2019-03-05	fourteen	663262.9694	2296258.262	1	1	\N	1079	2296	2296	2296
2297	2019-03-01	sixteen	651528.7228	2292691.623	1	5	\N	1081	2297	2297	2297
2298	2019-03-05	six	671342.469	2291533.986	1	1	\N	1	2298	2298	2298
2299	2019-03-08	six	664645.5196	2292487.653	1	1	\N	1070	2299	2299	2299
2300	2019-03-09	two	663306.827	2281626.558	3	1	\N	1	2300	2300	2300
2301	2019-03-08	twenty	665529.6033	2294548.1890000002	1	1	\N	1079	2301	2301	2301
2302	2019-03-23	eight	669666.9382	2291347.391	1	2	\N	1071	2302	2302	2302
2303	2019-03-20	fourteen	670601.6285	2293957.012	1	1	\N	1	2303	2303	2303
2304	2019-04-01	eight	663422.935	2292103.63	1	2	\N	1	2304	2304	2304
2305	2019-04-01	eight	666224.2599	2294034.09	1	2	\N	1070	2305	2305	2305
2306	2019-04-01	eight	NaN	NaN	1	2	\N	1070	2306	2306	2306
2307	2019-04-01	eight	664053.6075	2293797.938	1	2	\N	1080	2307	2307	2307
2308	2019-04-01	ten	661067.7616	2292552.845	1	2	\N	1	2308	2308	2308
2309	2019-04-01	eight	669140.7732	2291212.0069999998	1	2	\N	1	2309	2309	2309
2310	2019-04-01	sixteen	665066.6479	2288829.961	1	2	\N	1071	2310	2310	2310
2311	2019-04-01	fourteen	668603.6549	2293258.875	1	2	\N	1	2311	2311	2311
2312	2019-04-01	eighteen	666674.5562	2294550.687	1	2	\N	1	2312	2312	2312
2313	2019-04-01	eighteen	663482.3577	2279598.985	1	2	\N	1	2313	2313	2313
2314	2019-04-01	ten	664017.2331	2282445.437	1	2	\N	1083	2314	2314	2314
2315	2019-04-02	eight	660346.1171	2289929.616	1	2	\N	1081	2315	2315	2315
2316	2019-04-03	twentytwo	661719.7525	2285146.397	1	2	\N	1070	2316	2316	2316
2317	2019-04-04	twentytwo	661600.5951	2290107.456	1	2	\N	1070	2317	2317	2317
2318	2019-04-04	fourteen	664469.4397	2285621.62	1	2	\N	1072	2318	2318	2318
2319	2019-04-04	twenty	663514.406	2294763.691	1	2	\N	1	2319	2319	2319
2320	2019-04-04	twenty	663518.1854	2294762.8619999997	1	2	2	1101	2320	2320	2320
2321	2019-04-07	sixteen	664914.1845	2295010.6580000003	1	2	\N	1079	2321	2321	2321
2322	2019-04-07	four	668676.4425	2291029.588	1	2	2	1	2322	2322	2322
2323	2019-04-07	two	672466.6296	2292918.53	1	2	\N	1070	2323	2323	2323
2324	2019-04-07	twelve	667898.6472	2291994.301	1	2	\N	1102	2324	2324	2324
2325	2019-04-07	six	666592.2318	2292545.324	1	2	\N	1	2325	2325	2325
2326	2019-04-07	ten	669143.2872	2291210.878	1	2	\N	1097	2326	2326	2326
2327	2019-04-07	eighteen	664127.5175	2286298.046	1	2	\N	1071	2327	2327	2327
2328	2019-04-07	twelve	667897.9549	2291990.976	1	2	\N	1102	2328	2328	2328
2329	2019-04-08	fourteen	662606.8238	2296524.85	2	2	\N	1	2329	2329	2329
2330	2019-04-08	eighteen	NaN	NaN	1	2	\N	1081	2330	2330	2330
2331	2019-04-08	twenty	670652.7801	2293543.637	1	2	\N	1070	2331	2331	2331
2332	2019-04-08	twenty	NaN	NaN	1	2	\N	1	2332	2332	2332
2333	2019-04-08	eighteen	663857.6368	2290181.798	1	2	\N	1	2333	2333	2333
2334	2019-04-08	fourteen	667628.1666	2292984.7569999998	1	2	\N	1	2334	2334	2334
2335	2019-04-08	eighteen	666455.2088	2293852.577	1	2	\N	1107	2335	2335	2335
2336	2019-04-08	eighteen	665065.2161	2288831.715	1	2	\N	1071	2336	2336	2336
2337	2019-04-11	eighteen	664642.3688	2292483.476	1	2	\N	1070	2337	2337	2337
2338	2019-04-11	twenty	667943.5975	2292477.1780000003	1	2	\N	1107	2338	2338	2338
2339	2019-04-11	twelve	663859.2431	2290180.731	1	2	\N	1106	2339	2339	2339
2340	2019-04-11	eighteen	660364.703	2283401.201	1	2	\N	1072	2340	2340	2340
2341	2019-04-11	ten	NaN	NaN	1	2	\N	1070	2341	2341	2341
2342	2019-04-13	eight	NaN	NaN	1	2	2	1070	2342	2342	2342
2343	2019-04-13	four	NaN	NaN	1	2	\N	1079	2343	2343	2343
2344	2019-04-13	ten	NaN	NaN	1	2	\N	1070	2344	2344	2344
2345	2019-04-13	eight	NaN	NaN	1	2	\N	1070	2345	2345	2345
2346	2019-04-13	fourteen	NaN	NaN	1	2	\N	1070	2346	2346	2346
2347	2019-04-14	sixteen	NaN	NaN	1	2	\N	1	2347	2347	2347
2348	2019-04-16	two	NaN	NaN	2	2	\N	1097	2348	2348	2348
2349	2019-04-17	eighteen	NaN	NaN	1	2	\N	1107	2349	2349	2349
2350	2019-04-17	eight	NaN	NaN	1	2	\N	1106	2350	2350	2350
2351	2019-04-17	eight	667743.0974	2292973.75	1	2	\N	1107	2351	2351	2351
2352	2019-04-17	fourteen	667781.3067	2291955.201	1	2	\N	1	2352	2352	2352
2353	2019-04-17	eighteen	672286.8929	2292988.73	1	2	\N	1070	2353	2353	2353
2354	2019-04-17	eighteen	666858.1858	2294211.172	1	2	\N	1070	2354	2354	2354
2355	2019-04-17	sixteen	659994.2558	2298752.3540000003	1	2	\N	1	2355	2355	2355
2356	2019-04-17	eighteen	660921.461	2289249.225	1	2	\N	1070	2356	2356	2356
2357	2019-04-17	eighteen	662964.6004	2282061.165	1	2	\N	1070	2357	2357	2357
2358	2019-04-17	ten	664003.4713	2280466.641	1	2	\N	1077	2358	2358	2358
2359	2019-04-17	ten	669013.1354	2294791.747	1	2	\N	1073	2359	2359	2359
2360	2019-04-18	twenty	671378.9407	2291585.595	1	2	\N	1092	2360	2360	2360
2361	2019-04-18	sixteen	668667.9384	2291506.337	1	2	\N	1097	2361	2361	2361
2362	2019-04-18	eight	662163.4979	2281990.559	1	2	\N	1083	2362	2362	2362
2363	2019-04-19	sixteen	660686.8699	2298206.609	1	2	\N	1079	2363	2363	2363
2364	2019-04-20	four	667907.8104	2294246.588	1	2	\N	1070	2364	2364	2364
2365	2019-04-25	fourteen	672469.1555	2292918.015	1	2	\N	1070	2365	2365	2365
2366	2019-04-25	two	662162.1151	2281996.643	1	2	\N	1083	2366	2366	2366
2367	2019-04-25	zero	667434.6037	2292370.2569999998	1	2	\N	1103	2367	2367	2367
2368	2019-04-25	ten	666206.9489	2294015.172	1	2	\N	1070	2368	2368	2368
2369	2019-04-25	ten	669993.2903	2291282.1659999997	1	2	\N	1071	2369	2369	2369
2370	2019-04-25	eight	663934.3663	2280296.179	1	2	\N	1070	2370	2370	2370
2371	2019-04-25	six	663930.3001	2291783.62	1	2	\N	1070	2371	2371	2371
2372	2019-04-25	eighteen	671548.1997	2293267.47	1	2	\N	1070	2372	2372	2372
2373	2019-04-25	sixteen	664921.8949	2295006.48	1	2	\N	1079	2373	2373	2373
2374	2019-04-26	zero	NaN	NaN	2	2	\N	1	2374	2374	2374
2375	2019-04-29	ten	665841.0994	2290876.06	1	2	\N	1080	2375	2375	2375
2376	2019-04-29	eight	665596.0332	2293440.247	1	2	\N	1070	2376	2376	2376
2377	2019-04-29	six	664639.1070000001	2292481.389	1	2	\N	1070	2377	2377	2377
2378	2019-04-29	sixteen	664771.2617	2281904.644	1	2	\N	1	2378	2378	2378
2379	2019-04-29	eighteen	668017.879	2292769.606	1	2	\N	1107	2379	2379	2379
2380	2019-04-29	sixteen	664258.5989	2285130.933	1	2	2	1071	2380	2380	2380
2381	2019-04-30	eighteen	668826.5122	2294027.923	1	2	\N	1070	2381	2381	2381
2382	2019-04-02	twelve	668018.5177	2292771.018	1	1	\N	1107	2382	2382	2382
2383	2019-04-01	eighteen	664982.8507	2293692.548	1	5	\N	1	2383	2383	2383
2384	2019-04-07	sixteen	664000.2073	2282432.97	1	1	\N	1083	2384	2384	2384
2385	2019-04-10	ten	669115.2818	2291231.187	1	5	\N	1097	2385	2385	2385
2386	2019-04-06	ten	NaN	NaN	1	1	\N	1	2386	2386	2386
2387	2019-04-09	six	664649.382	2292509.008	1	1	\N	1070	2387	2387	2387
2388	2019-04-11	twelve	664485.2016	2283658.876	1	1	\N	1071	2388	2388	2388
2389	2019-04-13	six	NaN	NaN	3	1	\N	1	2389	2389	2389
2390	2019-04-13	ten	664157.9689	2292031.3140000002	10	2	\N	1070	2390	2390	2390
2391	2019-04-23	eight	664670.4089	2292472.726	1	1	\N	1070	2391	2391	2391
2392	2019-04-29	ten	666228.2634	2294029.866	1	1	\N	1070	2392	2392	2392
2393	2019-04-29	two	NaN	NaN	3	1	\N	1	2393	2393	2393
2394	2019-05-07	ten	663845.9241	2306742.661	1	13	12	1	2394	2394	2394
2395	2019-05-14	twelve	NaN	NaN	1	2	\N	1	2395	2395	2395
2396	2019-05-14	twenty	667922.3955	2292385.5930000003	1	2	\N	1107	2396	2396	2396
2397	2019-05-01	twenty	669819.7735	2292194.227	1	5	\N	1	2397	2397	2397
2398	2019-05-05	zero	665931.2373	2286700.9469999997	1	7	\N	1	2398	2398	2398
2399	2019-05-04	zero	669098.0251	2291217.244	1	1	\N	1097	2399	2399	2399
2400	2019-05-08	twelve	663917.3549	2280306.542	1	5	\N	1070	2400	2400	2400
2401	2019-05-09	two	671365.3398	2291510.136	1	1	\N	1092	2401	2401	2401
2402	2019-05-09	eighteen	663932.5297	2280298.607	1	5	\N	1070	2402	2402	2402
2403	2019-05-12	eight	672285.3608	2292986.784	1	5	\N	1070	2403	2403	2403
2404	2019-05-15	ten	663943.101	2284245.358	1	1	\N	1	2404	2404	2404
2405	2019-05-16	twenty	664634.9701	2288235.528	1	1	\N	1	2405	2405	2405
2406	2019-05-22	twelve	665029.0542	2287148.766	1	1	\N	1085	2406	2406	2406
2407	2019-05-24	ten	NaN	NaN	1	5	\N	1	2407	2407	2407
2408	2019-05-24	fourteen	662335.3281	2296310.726	1	1	\N	1096	2408	2408	2408
2409	2019-05-22	twentytwo	661951.8125	2282584.308	1	5	\N	1111	2409	2409	2409
2410	2019-05-24	eighteen	664014.5299	2280466.043	1	1	\N	1070	2410	2410	2410
2411	2019-05-25	eight	NaN	NaN	1	1	\N	1	2411	2411	2411
2412	2019-05-23	twenty	665041.2306	2289980.86	1	1	\N	1071	2412	2412	2412
2413	2019-05-27	eight	665624.8029	2281989.504	1	5	\N	1	2413	2413	2413
2414	2019-06-03	eight	661716.7921	2285143.115	1	2	\N	1070	2414	2414	2414
2415	2019-06-04	eighteen	669894.5657	2291531.4080000003	1	2	\N	1	2415	2415	2415
2416	2019-06-04	sixteen	663398.5018	2294361.895	1	2	\N	1	2416	2416	2416
2417	2019-06-04	fourteen	NaN	NaN	1	2	\N	1	2417	2417	2417
2418	2019-06-04	sixteen	664620.2455	2293114.1769999997	1	2	\N	1	2418	2418	2418
2419	2019-06-04	twenty	663327.8746	2282101.695	1	2	\N	1083	2419	2419	2419
2420	2019-06-05	twenty	NaN	NaN	1	2	\N	1079	2420	2420	2420
2421	2019-06-05	sixteen	662959.7569	2282061.207	1	2	\N	1070	2421	2421	2421
2422	2019-06-06	two	667693.3082	2291403.797	1	2	\N	1	2422	2422	2422
2423	2019-06-06	ten	NaN	NaN	1	2	\N	1077	2423	2423	2423
2424	2019-06-06	twelve	665005.1356	2292839.125	1	2	\N	1070	2424	2424	2424
2425	2019-06-06	fourteen	669394.509	2293072.082	1	2	\N	1	2425	2425	2425
2426	2019-06-06	sixteen	666646.807	2294218.758	1	2	2	1070	2426	2426	2426
2427	2019-06-06	eighteen	663268.3642	2296253.621	1	2	\N	1079	2427	2427	2427
2428	2019-06-07	twelve	664658.754	2292498.651	1	2	\N	1070	2428	2428	2428
2429	2019-06-07	eight	666621.6664	2294218.509	1	2	\N	1070	2429	2429	2429
2430	2019-06-07	ten	666037.1589	2283952.953	1	2	\N	1	2430	2430	2430
2431	2019-06-07	ten	NaN	NaN	1	2	\N	1072	2431	2431	2431
2432	2019-06-07	eight	669151.7314	2291205.09	1	2	\N	1097	2432	2432	2432
2433	2019-06-07	eight	664901.2949	2292717.735	1	2	\N	1070	2433	2433	2433
2434	2019-06-07	eight	664652.0317	2292493.778	1	2	\N	1070	2434	2434	2434
2435	2019-06-07	six	672472.3039	2292921.201	1	2	\N	1070	2435	2435	2435
2436	2019-06-07	twenty	665064.6269	2288834.622	1	2	\N	1071	2436	2436	2436
2437	2019-06-07	eighteen	667909.929	2292125.9390000002	1	2	\N	1	2437	2437	2437
2438	2019-06-09	ten	667168.0277	2294181.43	1	2	\N	1070	2438	2438	2438
2439	2019-06-09	fourteen	NaN	NaN	1	2	\N	1	2439	2439	2439
2440	2019-06-09	twenty	660371.5382	2281649.38	1	2	\N	1072	2440	2440	2440
2441	2019-06-10	ten	664322.2136	2287012.617	1	2	\N	1071	2441	2441	2441
2442	2019-06-10	twelve	666497.4054	2290036.706	1	2	\N	1080	2442	2442	2442
2443	2019-06-10	eight	665584.6019	2293452.241	1	2	\N	1070	2443	2443	2443
2444	2019-06-10	ten	663261.9198	2296260.095	1	2	\N	1079	2444	2444	2444
2445	2019-06-10	eight	665026.2393	2292837.024	1	2	\N	1070	2445	2445	2445
2446	2019-06-10	six	667901.9421	2292011.244	1	2	\N	1107	2446	2446	2446
2447	2019-06-10	sixteen	664500.2329	2297299.318	1	2	\N	1	2447	2447	2447
2448	2019-06-10	six	671714.2606	2293698.775	1	2	\N	1092	2448	2448	2448
2449	2019-06-10	eighteen	663558.4042	2280094.289	1	2	\N	1	2449	2449	2449
2450	2019-06-11	twenty	666771.3252	2295062.136	1	2	\N	1	2450	2450	2450
2451	2019-06-11	sixteen	667620.4549	2292972.0409999997	1	2	\N	1107	2451	2451	2451
2452	2019-06-12	twelve	665228.0013	2290386.943	1	2	\N	1071	2452	2452	2452
2453	2019-06-12	two	663335.9916	2285231.391	1	2	\N	1072	2453	2453	2453
2454	2019-06-12	six	666063.5836	2282403.248	1	2	\N	1	2454	2454	2454
2455	2019-06-12	eight	663350.9092	2285249.6180000002	1	2	\N	1072	2455	2455	2455
2456	2019-06-12	eight	666563.0869	2293101.1580000003	1	2	\N	1097	2456	2456	2456
2457	2019-06-12	six	663846.4667	2290178.653	1	2	\N	1106	2457	2457	2457
2458	2019-06-12	twelve	669012.3075	2290505.01	1	2	\N	1102	2458	2458	2458
2459	2019-06-12	sixteen	672283.276	2291828.1459999997	1	2	\N	1	2459	2459	2459
2460	2019-06-12	sixteen	664420.05	2295392.961	1	2	\N	1079	2460	2460	2460
2461	2019-06-12	fourteen	672351.7698	2294322.9	1	2	\N	1082	2461	2461	2461
2462	2019-06-12	sixteen	672616.9855	2293733.383	1	2	\N	1082	2462	2462	2462
2463	2019-06-12	sixteen	669127.3661	2291223.5	1	2	\N	1097	2463	2463	2463
2464	2019-06-12	eighteen	670691.7615	2293535.324	1	2	\N	1070	2464	2464	2464
2465	2019-06-12	sixteen	667290.2928	2291040.944	1	2	\N	1071	2465	2465	2465
2466	2019-06-13	six	665842.4232	2290876.835	1	2	\N	1080	2466	2466	2466
2467	2019-06-13	six	664686.9218	2292545.653	1	2	\N	1070	2467	2467	2467
2468	2019-06-13	sixteen	NaN	NaN	1	2	\N	1	2468	2468	2468
2469	2019-06-13	fourteen	661703.5299	2285153.954	1	2	\N	1070	2469	2469	2469
2470	2019-06-13	twenty	666791.2582	2285039.839	1	2	\N	1077	2470	2470	2470
2471	2019-06-15	two	665881.1565	2290892.024	1	2	\N	1080	2471	2471	2471
2472	2019-06-16	eighteen	672497.0479	2296179.502	1	2	\N	1082	2472	2472	2472
2473	2019-06-17	eighteen	660685.3802	2298206.473	1	2	\N	1079	2473	2473	2473
2474	2019-06-17	eighteen	660685.5993	2298203.784	1	2	\N	1079	2474	2474	2474
2475	2019-06-17	eighteen	660687.3283	2298204.954	1	2	\N	1079	2475	2475	2475
2476	2019-06-18	twenty	NaN	NaN	1	2	\N	1075	2476	2476	2476
2477	2019-06-22	twenty	663753.5122	2280044.986	1	2	\N	1100	2477	2477	2477
2478	2019-06-22	ten	665922.5114	2283556.463	1	2	\N	1	2478	2478	2478
2479	2019-06-22	fourteen	663161.8589	2287664.401	1	2	\N	1	2479	2479	2479
2480	2019-06-22	eighteen	660341.1647	2289922.277	1	2	\N	1081	2480	2480	2480
2481	2019-06-26	six	663842.694	2290198.617	2	2	\N	1106	2481	2481	2481
2482	2019-06-28	ten	659116.6786	2281361.631	1	2	\N	1	2482	2482	2482
2483	2019-06-28	eight	663997.9196	2296806.889	1	2	\N	1135	2483	2483	2483
2484	2019-06-28	eighteen	664743.1607	2281624.942	1	2	\N	1077	2484	2484	2484
2485	2019-06-28	sixteen	664988.7478	2287204.54	2	2	\N	1120	2485	2485	2485
2486	2019-06-28	ten	NaN	NaN	2	2	\N	1077	2486	2486	2486
2487	2019-06-28	fourteen	666335.559	2284279.481	1	2	\N	1077	2487	2487	2487
2488	2019-06-29	fourteen	669496.87	2294423.327	1	2	\N	1	2488	2488	2488
2489	2019-06-29	four	664425.6238	2293802.183	1	2	\N	1	2489	2489	2489
2490	2019-06-29	eighteen	669118.7143	2291227.836	1	2	\N	1097	2490	2490	2490
2491	2019-06-30	eight	NaN	NaN	2	2	\N	1070	2491	2491	2491
2492	2019-06-03	eighteen	660897.5181	2289254.062	1	5	\N	1070	2492	2492	2492
2493	2019-06-01	sixteen	659595.6565	2281280.079	1	1	\N	1083	2493	2493	2493
2494	2019-06-05	eight	663377.1467	2292859.557	1	1	\N	1	2494	2494	2494
2495	2019-06-05	fourteen	664642.5829	2292495.753	1	5	\N	1070	2495	2495	2495
2496	2019-06-06	twenty	NaN	NaN	1	1	\N	1	2496	2496	2496
2497	2019-06-05	sixteen	664919.7969	2295001.164	1	5	\N	1079	2497	2497	2497
2498	2019-06-06	twelve	665922.5268	2290821.035	1	1	\N	1	2498	2498	2498
2499	2019-06-09	eight	666945.3186	2285904.878	3	1	\N	1	2499	2499	2499
2500	2019-06-10	ten	664651.0214	2292503.142	1	3	\N	1070	2500	2500	2500
2501	2019-06-08	twelve	NaN	NaN	1	5	\N	1	2501	2501	2501
2502	2019-06-08	twenty	NaN	NaN	1	1	\N	1	2502	2502	2502
2503	2019-06-10	twelve	NaN	NaN	3	1	\N	1	2503	2503	2503
2504	2019-06-14	fourteen	NaN	NaN	1	5	\N	1	2504	2504	2504
2505	2019-06-14	twentytwo	660911.2166	2289273.185	1	5	\N	1	2505	2505	2505
2506	2019-06-14	twenty	663035.4355	2281120.6	1	5	\N	1	2506	2506	2506
2507	2019-06-13	two	663278.7647	2283697.028	1	5	\N	1	2507	2507	2507
2508	2019-06-16	twenty	NaN	NaN	1	1	\N	1	2508	2508	2508
2509	2019-06-16	twentytwo	NaN	NaN	1	1	\N	1077	2509	2509	2509
2510	2019-06-18	zero	NaN	NaN	1	3	\N	1	2510	2510	2510
2511	2019-06-16	two	667628.037	2292982.741	1	1	\N	1155	2511	2511	2511
2512	2019-06-18	eight	661062.1958	2292536.44	1	1	\N	1	2512	2512	2512
2513	2019-06-16	sixteen	NaN	NaN	3	1	\N	1	2513	2513	2513
2514	2019-06-17	eight	NaN	NaN	1	1	\N	1	2514	2514	2514
2515	2019-06-22	twenty	663290.1878	2284278.147	1	1	\N	1	2515	2515	2515
2516	2019-06-25	ten	668990.5745	2295444.429	1	5	\N	1	2516	2516	2516
2517	2019-06-24	two	665053.923	2282154.647	1	7	\N	1077	2517	2517	2517
2518	2019-06-24	twelve	NaN	NaN	1	1	\N	1	2518	2518	2518
2519	2019-06-26	eight	NaN	NaN	3	1	\N	1	2519	2519	2519
2520	2019-06-25	sixteen	NaN	NaN	3	1	\N	1	2520	2520	2520
2521	2019-06-26	eight	666657.6166	2294216.028	1	1	\N	1070	2521	2521	2521
2522	2019-06-26	twelve	666631.3156	2294215.768	1	1	\N	1070	2522	2522	2522
2523	2019-06-26	twelve	NaN	NaN	3	1	\N	1	2523	2523	2523
2524	2019-06-30	twelve	661717.781	2285156.062	1	1	\N	1070	2524	2524	2524
2525	2019-06-27	six	NaN	NaN	3	1	\N	1	2525	2525	2525
2526	2019-06-29	twenty	NaN	NaN	1	1	\N	1120	2526	2526	2526
2527	2019-06-28	eighteen	663792.4353	2283611.568	1	1	\N	1	2527	2527	2527
2528	2019-06-30	four	660688.8879999999	2298208.669	1	5	\N	1079	2528	2528	2528
2529	2019-06-27	six	663614.1011	2295157.711	1	5	\N	1148	2529	2529	2529
2530	2019-06-29	twenty	665572.498	2282345.768	3	1	\N	1071	2530	2530	2530
2531	2019-06-29	twentytwo	667449.1772	2291945.065	1	5	\N	1108	2531	2531	2531
2532	2019-06-29	fourteen	NaN	NaN	3	1	\N	1	2532	2532	2532
\.


--
-- Data for Name: accident_type; Type: TABLE DATA; Schema: public; Owner: admin
--

COPY public.accident_type (id, name) FROM stdin;
1	CHOQUE
2	CONTRA OBJETO FIJO
3	CONTRA VEHICULO ESTACIONADO
4	ATROPELLAMIENTO
5	CAIDA
6	VOLCADURA
7	CAIDA EN EL INTERIOR
8	CAIDA AL EXTERIOR
9	FERROVIARIO
10	N.D.
\.


--
-- Data for Name: affected; Type: TABLE DATA; Schema: public; Owner: admin
--

COPY public.affected (id, gender, age_range) FROM stdin;
1	t	fifty
2	f	forty
3	f	forty
4	t	twenty
5	t	thirty
6	t	fifty
7	t	twenty
8	t	twenty
9	t	ten
10	f	ten
11	f	thirty
12	t	twenty
13	t	fifty
14	f	thirty
15	t	forty
16	t	twenty
17	t	thirty
18	t	twenty
19	t	twenty
20	t	forty
21	f	forty
22	t	forty
23	f	ten
24	t	thirty
25	\N	na
26	f	fifty
27	t	na
28	t	twenty
29	f	thirty
30	t	twenty
31	\N	na
32	t	twenty
33	t	thirty
34	f	sixty
35	t	thirty
36	\N	na
37	\N	na
38	\N	na
39	f	twenty
40	t	twenty
41	t	twenty
42	t	forty
43	t	twenty
44	t	na
45	t	forty
46	t	twenty
47	t	forty
48	t	twenty
49	t	twenty
50	t	na
51	\N	na
52	t	twenty
53	\N	na
54	t	fifty
55	t	twenty
56	t	thirty
57	\N	na
58	t	twenty
59	t	na
60	t	twenty
61	f	forty
62	t	thirty
63	t	thirty
64	t	twenty
65	t	thirty
66	t	twenty
67	t	thirty
68	f	thirty
69	t	twenty
70	t	thirty
71	t	thirty
72	t	twenty
73	f	thirty
74	t	fifty
75	t	thirty
76	t	twenty
77	t	twenty
78	t	twenty
79	\N	na
80	t	ten
81	t	thirty
82	t	forty
83	t	forty
84	\N	na
85	t	fifty
86	t	twenty
87	t	fifty
88	t	twenty
89	t	sixty
90	t	na
91	f	thirty
92	\N	na
93	t	na
94	t	fifty
95	t	twenty
96	t	twenty
97	t	twenty
98	f	forty
99	t	twenty
100	t	thirty
101	\N	na
102	t	thirty
103	t	twenty
104	f	thirty
105	t	thirty
106	t	twenty
107	t	twenty
108	t	twenty
109	t	twenty
110	\N	na
111	t	fifty
112	f	thirty
113	t	forty
114	t	twenty
115	t	thirty
116	t	thirty
117	\N	na
118	t	na
119	\N	na
120	t	twenty
121	t	twenty
122	t	na
123	t	thirty
124	\N	na
125	f	thirty
126	t	sixty
127	t	twenty
128	t	twenty
129	t	fifty
130	t	forty
131	t	twenty
132	t	twenty
133	\N	na
134	t	twenty
135	\N	na
136	\N	na
137	t	thirty
138	t	fifty
139	t	thirty
140	t	twenty
141	t	twenty
142	\N	na
143	t	forty
144	t	thirty
145	t	twenty
146	f	thirty
147	t	twenty
148	f	twenty
149	t	na
150	\N	na
151	f	fifty
152	\N	na
153	t	twenty
154	t	forty
155	t	fifty
156	t	sixty
157	t	fifty
158	t	thirty
159	t	sixty
160	t	twenty
161	\N	na
162	t	thirty
163	f	twenty
164	t	twenty
165	t	fifty
166	f	twenty
167	\N	na
168	t	twenty
169	t	sixty
170	t	ten
171	t	thirty
172	t	forty
173	t	twenty
174	t	thirty
175	t	thirty
176	f	twenty
177	\N	na
178	\N	na
179	f	thirty
180	t	twenty
181	t	twenty
182	t	na
183	t	thirty
184	t	fifty
185	f	forty
186	t	twenty
187	\N	na
188	t	forty
189	f	thirty
190	t	forty
191	t	forty
192	t	twenty
193	f	thirty
194	t	twenty
195	\N	twenty
196	t	twenty
197	\N	na
198	f	twenty
199	t	thirty
200	f	twenty
201	t	thirty
202	t	twenty
203	f	thirty
204	t	twenty
205	\N	na
206	t	thirty
207	t	twenty
208	\N	na
209	t	ten
210	\N	na
211	f	thirty
212	\N	na
213	t	twenty
214	\N	na
215	t	twenty
216	t	twenty
217	t	twenty
218	t	fifty
219	t	twenty
220	t	thirty
221	f	thirty
222	t	twenty
223	f	thirty
224	t	thirty
225	t	twenty
226	t	twenty
227	t	ten
228	t	twenty
229	t	twenty
230	t	forty
231	t	twenty
232	t	ten
233	t	twenty
234	\N	na
235	t	forty
236	t	thirty
237	f	fifty
238	t	twenty
239	t	twenty
240	t	forty
241	t	sixty
242	t	forty
243	t	fifty
244	t	seventy
245	t	twenty
246	t	forty
247	t	forty
248	t	thirty
249	t	twenty
250	t	twenty
251	t	fifty
252	t	ten
253	t	twenty
254	t	thirty
255	t	ten
256	\N	na
257	t	thirty
258	\N	na
259	t	twenty
260	f	fifty
261	t	twenty
262	f	forty
263	t	forty
264	\N	twenty
265	t	fifty
266	t	thirty
267	\N	twenty
268	t	na
269	t	twenty
270	t	twenty
271	t	thirty
272	t	forty
273	t	twenty
274	t	fifty
275	t	twenty
276	t	thirty
277	t	twenty
278	t	forty
279	f	thirty
280	f	fifty
281	t	twenty
282	t	twenty
283	t	thirty
284	t	sixty
285	t	thirty
286	f	forty
287	t	thirty
288	f	forty
289	\N	twenty
290	t	na
291	t	forty
292	\N	twenty
293	t	sixty
294	t	forty
295	f	twenty
296	t	ten
297	\N	na
298	f	twenty
299	t	twenty
300	f	sixty
301	t	twenty
302	\N	na
303	f	twenty
304	t	fifty
305	t	twenty
306	f	twenty
307	t	twenty
308	t	forty
309	\N	twenty
310	\N	twenty
311	f	twenty
312	t	forty
313	t	thirty
314	t	thirty
315	t	forty
316	t	forty
317	t	forty
318	t	twenty
319	\N	twenty
320	t	twenty
321	t	thirty
322	t	forty
323	\N	na
324	t	thirty
325	t	fifty
326	t	thirty
327	t	twenty
328	t	thirty
329	t	forty
330	t	twenty
331	f	forty
332	\N	na
333	f	thirty
334	\N	na
335	\N	na
336	t	twenty
337	\N	na
338	t	twenty
339	\N	na
340	\N	na
341	f	twenty
342	\N	na
343	t	twenty
344	f	twenty
345	f	twenty
346	t	thirty
347	\N	twenty
348	t	forty
349	t	twenty
350	t	twenty
351	t	fifty
352	f	forty
353	t	twenty
354	t	twenty
355	t	twenty
356	t	twenty
357	t	thirty
358	t	forty
359	\N	na
360	t	thirty
361	t	twenty
362	\N	na
363	t	twenty
364	t	sixty
365	f	twenty
366	\N	twenty
367	t	twenty
368	t	thirty
369	t	forty
370	t	twenty
371	t	twenty
372	t	forty
373	\N	na
374	t	thirty
375	t	forty
376	t	twenty
377	f	twenty
378	\N	na
379	t	twenty
380	t	na
381	t	fifty
382	t	twenty
383	t	twenty
384	t	twenty
385	t	twenty
386	t	twenty
387	t	twenty
388	t	thirty
389	t	forty
390	t	twenty
391	\N	na
392	\N	na
393	t	na
394	t	twenty
395	t	fifty
396	\N	na
397	t	sixty
398	t	twenty
399	t	twenty
400	t	forty
401	t	forty
402	t	twenty
403	t	twenty
404	t	fifty
405	t	twenty
406	t	forty
407	t	twenty
408	\N	twenty
409	f	thirty
410	t	ten
411	t	forty
412	t	forty
413	t	fifty
414	\N	na
415	t	thirty
416	t	fifty
417	t	sixty
418	t	thirty
419	t	forty
420	t	twenty
421	t	twenty
422	t	thirty
423	\N	twenty
424	t	twenty
425	\N	twenty
426	t	forty
427	f	forty
428	f	sixty
429	f	twenty
430	t	na
431	t	thirty
432	t	twenty
433	t	twenty
434	t	thirty
435	t	twenty
436	f	thirty
437	\N	na
438	t	twenty
439	t	thirty
440	t	thirty
441	t	twenty
442	t	twenty
443	t	twenty
444	t	forty
445	t	twenty
446	t	twenty
447	t	twenty
448	t	twenty
449	t	sixty
450	t	twenty
451	t	thirty
452	\N	na
453	t	twenty
454	t	twenty
455	t	twenty
456	t	thirty
457	\N	na
458	f	forty
459	t	forty
460	t	twenty
461	t	twenty
462	t	forty
463	t	twenty
464	\N	na
465	t	ten
466	t	forty
467	t	thirty
468	\N	na
469	t	seventy
470	t	forty
471	t	fifty
472	t	twenty
473	t	fifty
474	\N	twenty
475	t	twenty
476	t	twenty
477	\N	na
478	t	twenty
479	t	twenty
480	t	fifty
481	t	thirty
482	t	twenty
483	t	twenty
484	f	thirty
485	\N	na
486	\N	na
487	t	twenty
488	t	na
489	t	twenty
490	t	twenty
491	\N	na
492	\N	na
493	t	fifty
494	\N	na
495	f	twenty
496	t	thirty
497	f	na
498	t	twenty
499	t	ten
500	t	sixty
501	\N	na
502	t	forty
503	f	twenty
504	t	twenty
505	t	twenty
506	t	twenty
507	t	twenty
508	t	fifty
509	\N	na
510	t	twenty
511	t	twenty
512	t	thirty
513	t	forty
514	t	twenty
515	t	fifty
516	t	twenty
517	t	thirty
518	\N	na
519	t	forty
520	t	fifty
521	t	seventy
522	t	twenty
523	t	twenty
524	t	forty
525	t	fifty
526	t	thirty
527	t	twenty
528	t	twenty
529	t	na
530	t	twenty
531	f	fifty
532	t	forty
533	t	twenty
534	f	thirty
535	t	twenty
536	f	twenty
537	t	twenty
538	t	forty
539	t	thirty
540	f	forty
541	t	forty
542	t	thirty
543	t	twenty
544	t	thirty
545	t	thirty
546	t	thirty
547	t	seventy
548	t	twenty
549	t	twenty
550	t	twenty
551	t	twenty
552	t	forty
553	t	twenty
554	f	twenty
555	t	twenty
556	t	twenty
557	t	twenty
558	t	twenty
559	t	thirty
560	t	twenty
561	t	sixty
562	t	thirty
563	f	twenty
564	t	twenty
565	t	thirty
566	t	thirty
567	f	thirty
568	t	sixty
569	t	ten
570	t	fifty
571	t	thirty
572	t	thirty
573	t	sixty
574	f	forty
575	t	fifty
576	t	forty
577	f	thirty
578	t	twenty
579	f	twenty
580	t	fifty
581	t	thirty
582	t	twenty
583	t	forty
584	t	twenty
585	t	twenty
586	t	fifty
587	t	twenty
588	\N	na
589	t	twenty
590	t	twenty
591	t	twenty
592	t	thirty
593	f	thirty
594	f	twenty
595	t	twenty
596	t	sixty
597	t	thirty
598	f	twenty
599	f	twenty
600	t	forty
601	t	twenty
602	t	thirty
603	t	twenty
604	f	thirty
605	t	twenty
606	t	twenty
607	t	thirty
608	f	forty
609	f	twenty
610	t	twenty
611	\N	twenty
612	t	twenty
613	t	twenty
614	t	forty
615	t	sixty
616	t	twenty
617	t	twenty
618	t	fifty
619	t	fifty
620	t	twenty
621	t	thirty
622	f	twenty
623	t	twenty
624	t	twenty
625	t	thirty
626	\N	na
627	\N	na
628	t	thirty
629	f	fifty
630	f	twenty
631	t	thirty
632	\N	twenty
633	f	thirty
634	t	ten
635	t	thirty
636	\N	na
637	\N	na
638	t	twenty
639	t	fifty
640	t	twenty
641	\N	na
642	\N	na
643	f	twenty
644	\N	na
645	t	ten
646	t	twenty
647	t	forty
648	f	twenty
649	\N	na
650	t	twenty
651	f	twenty
652	\N	na
653	t	thirty
654	t	thirty
655	\N	na
656	t	thirty
657	t	thirty
658	\N	na
659	t	twenty
660	\N	na
661	f	twenty
662	t	twenty
663	\N	twenty
664	t	twenty
665	\N	na
666	t	thirty
667	t	forty
668	t	thirty
669	t	twenty
670	t	forty
671	t	fifty
672	t	forty
673	t	thirty
674	t	forty
675	t	thirty
676	\N	na
677	f	forty
678	t	twenty
679	t	twenty
680	t	twenty
681	t	thirty
682	t	twenty
683	\N	na
684	t	twenty
685	t	ten
686	t	fifty
687	t	twenty
688	t	twenty
689	\N	na
690	\N	na
691	t	thirty
692	f	twenty
693	f	thirty
694	f	na
695	f	forty
696	\N	twenty
697	t	thirty
698	f	twenty
699	t	twenty
700	t	na
701	t	sixty
702	t	thirty
703	t	twenty
704	t	twenty
705	f	forty
706	t	twenty
707	t	forty
708	t	sixty
709	t	twenty
710	t	thirty
711	t	twenty
712	f	twenty
713	t	twenty
714	t	twenty
715	t	twenty
716	\N	na
717	t	fifty
718	f	twenty
719	f	thirty
720	t	forty
721	f	twenty
722	t	twenty
723	t	twenty
724	f	twenty
725	\N	na
726	t	twenty
727	t	twenty
728	t	sixty
729	t	twenty
730	f	twenty
731	t	sixty
732	f	twenty
733	t	sixty
734	t	thirty
735	t	twenty
736	t	thirty
737	t	thirty
738	f	twenty
739	f	forty
740	t	thirty
741	f	twenty
742	\N	na
743	\N	na
744	\N	na
745	t	twenty
746	t	twenty
747	t	thirty
748	t	thirty
749	\N	na
750	\N	na
751	\N	na
752	t	twenty
753	t	twenty
754	t	thirty
755	\N	na
756	f	thirty
757	t	twenty
758	t	twenty
759	t	forty
760	f	twenty
761	t	thirty
762	t	twenty
763	f	twenty
764	t	fifty
765	\N	twenty
766	t	thirty
767	t	thirty
768	t	thirty
769	t	thirty
770	t	thirty
771	t	twenty
772	t	twenty
773	f	forty
774	\N	na
775	t	twenty
776	t	thirty
777	t	twenty
778	f	fifty
779	t	forty
780	t	thirty
781	t	twenty
782	t	twenty
783	\N	na
784	t	thirty
785	t	twenty
786	t	forty
787	\N	na
788	t	twenty
789	t	twenty
790	t	forty
791	t	sixty
792	t	twenty
793	\N	twenty
794	t	ten
795	t	forty
796	\N	twenty
797	t	fifty
798	f	twenty
799	f	forty
800	t	twenty
801	t	twenty
802	\N	na
803	f	twenty
804	t	thirty
805	f	forty
806	t	twenty
807	t	twenty
808	\N	na
809	t	fifty
810	t	thirty
811	t	thirty
812	t	fifty
813	t	twenty
814	t	forty
815	t	twenty
816	t	ten
817	t	twenty
818	\N	na
819	\N	na
820	t	twenty
821	t	thirty
822	\N	na
823	t	twenty
824	t	thirty
825	\N	na
826	t	thirty
827	t	twenty
828	t	thirty
829	t	na
830	t	twenty
831	t	twenty
832	\N	na
833	t	forty
834	t	thirty
835	t	thirty
836	t	sixty
837	t	thirty
838	\N	na
839	f	twenty
840	f	twenty
841	f	thirty
842	f	forty
843	t	twenty
844	\N	na
845	\N	na
846	t	twenty
847	f	thirty
848	f	twenty
849	f	twenty
850	t	twenty
851	t	twenty
852	f	twenty
853	\N	na
854	f	twenty
855	t	fifty
856	t	twenty
857	f	twenty
858	t	thirty
859	t	twenty
860	t	forty
861	f	thirty
862	t	forty
863	f	thirty
864	t	twenty
865	\N	na
866	t	twenty
867	t	twenty
868	t	ten
869	t	ten
870	t	twenty
871	f	twenty
872	t	twenty
873	f	thirty
874	\N	twenty
875	f	twenty
876	\N	twenty
877	f	twenty
878	t	thirty
879	\N	na
880	t	thirty
881	t	twenty
882	t	twenty
883	t	twenty
884	\N	na
885	\N	na
886	f	twenty
887	t	twenty
888	\N	na
889	t	twenty
890	t	twenty
891	t	twenty
892	t	forty
893	t	twenty
894	t	thirty
895	t	thirty
896	t	twenty
897	t	twenty
898	t	twenty
899	t	twenty
900	f	thirty
901	f	twenty
902	\N	na
903	t	twenty
904	t	twenty
905	f	thirty
906	t	twenty
907	\N	na
908	t	thirty
909	t	forty
910	t	thirty
911	t	twenty
912	t	twenty
913	t	fifty
914	t	sixty
915	\N	na
916	t	twenty
917	t	forty
918	t	twenty
919	\N	na
920	f	twenty
921	\N	na
922	t	thirty
923	t	thirty
924	t	sixty
925	\N	na
926	t	seventy
927	t	twenty
928	t	twenty
929	t	forty
930	t	twenty
931	t	fifty
932	t	twenty
933	t	thirty
934	\N	na
935	t	twenty
936	t	thirty
937	t	twenty
938	\N	na
939	\N	na
940	t	twenty
941	\N	na
942	t	thirty
943	t	twenty
944	t	twenty
945	t	thirty
946	\N	na
947	f	thirty
948	t	twenty
949	t	twenty
950	t	twenty
951	t	thirty
952	\N	na
953	t	forty
954	t	thirty
955	t	sixty
956	t	fifty
957	\N	na
958	t	thirty
959	\N	twenty
960	t	twenty
961	t	twenty
962	f	forty
963	t	twenty
964	t	twenty
965	t	twenty
966	t	twenty
967	f	thirty
968	t	twenty
969	t	sixty
970	t	twenty
971	f	twenty
972	\N	na
973	t	forty
974	t	twenty
975	t	forty
976	t	sixty
977	f	twenty
978	t	thirty
979	t	twenty
980	\N	na
981	t	ten
982	t	seventy
983	t	twenty
984	t	forty
985	\N	na
986	t	fifty
987	f	thirty
988	t	twenty
989	t	ten
990	f	twenty
991	t	thirty
992	t	thirty
993	t	twenty
994	\N	twenty
995	t	thirty
996	t	forty
997	t	thirty
998	t	twenty
999	t	forty
1000	t	twenty
1001	\N	na
1002	t	twenty
1003	\N	na
1004	t	forty
1005	f	sixty
1006	t	twenty
1007	t	sixty
1008	t	twenty
1009	t	forty
1010	t	twenty
1011	f	forty
1012	t	twenty
1013	f	twenty
1014	\N	na
1015	t	twenty
1016	t	twenty
1017	t	thirty
1018	t	forty
1019	\N	na
1020	t	thirty
1021	\N	na
1022	t	thirty
1023	f	twenty
1024	t	thirty
1025	t	forty
1026	t	forty
1027	t	thirty
1028	t	twenty
1029	t	twenty
1030	t	twenty
1031	t	twenty
1032	t	thirty
1033	t	forty
1034	t	na
1035	\N	na
1036	t	twenty
1037	t	forty
1038	t	twenty
1039	t	fifty
1040	\N	na
1041	t	thirty
1042	t	twenty
1043	t	twenty
1044	t	thirty
1045	\N	na
1046	t	fifty
1047	t	twenty
1048	t	twenty
1049	t	forty
1050	\N	na
1051	f	forty
1052	f	forty
1053	f	twenty
1054	\N	na
1055	t	forty
1056	t	twenty
1057	t	fifty
1058	t	twenty
1059	t	fifty
1060	\N	na
1061	t	twenty
1062	t	forty
1063	t	twenty
1064	t	thirty
1065	f	forty
1066	t	thirty
1067	t	forty
1068	t	fifty
1069	t	forty
1070	f	thirty
1071	t	twenty
1072	t	twenty
1073	t	thirty
1074	t	twenty
1075	\N	twenty
1076	\N	twenty
1077	t	thirty
1078	t	twenty
1079	t	thirty
1080	f	forty
1081	\N	na
1082	f	thirty
1083	t	forty
1084	t	twenty
1085	t	thirty
1086	t	twenty
1087	f	ten
1088	f	thirty
1089	t	forty
1090	\N	na
1091	f	forty
1092	f	thirty
1093	\N	na
1094	t	twenty
1095	\N	na
1096	t	na
1097	f	thirty
1098	t	thirty
1099	f	thirty
1100	t	thirty
1101	t	twenty
1102	t	twenty
1103	t	twenty
1104	t	fifty
1105	t	twenty
1106	t	twenty
1107	\N	na
1108	t	ten
1109	t	forty
1110	t	forty
1111	t	twenty
1112	f	forty
1113	t	fifty
1114	t	twenty
1115	t	thirty
1116	t	twenty
1117	t	na
1118	t	thirty
1119	t	twenty
1120	t	twenty
1121	t	thirty
1122	t	forty
1123	\N	na
1124	\N	na
1125	t	twenty
1126	f	thirty
1127	t	twenty
1128	\N	twenty
1129	t	thirty
1130	\N	na
1131	t	thirty
1132	t	twenty
1133	t	twenty
1134	f	twenty
1135	t	twenty
1136	t	twenty
1137	t	forty
1138	t	twenty
1139	t	twenty
1140	t	twenty
1141	t	twenty
1142	t	twenty
1143	f	fifty
1144	\N	na
1145	t	twenty
1146	\N	na
1147	t	forty
1148	f	ten
1149	\N	na
1150	t	forty
1151	t	fifty
1152	t	twenty
1153	t	na
1154	\N	na
1155	f	forty
1156	t	twenty
1157	\N	na
1158	t	twenty
1159	t	forty
1160	t	forty
1161	t	thirty
1162	t	twenty
1163	f	twenty
1164	t	twenty
1165	t	thirty
1166	\N	na
1167	t	twenty
1168	t	twenty
1169	\N	na
1170	f	twenty
1171	t	thirty
1172	t	thirty
1173	\N	na
1174	t	ten
1175	t	ten
1176	t	twenty
1177	t	twenty
1178	t	thirty
1179	f	thirty
1180	t	twenty
1181	\N	na
1182	t	thirty
1183	\N	na
1184	f	twenty
1185	t	thirty
1186	t	twenty
1187	t	thirty
1188	\N	na
1189	\N	na
1190	t	thirty
1191	t	twenty
1192	t	twenty
1193	t	thirty
1194	t	sixty
1195	t	forty
1196	t	forty
1197	t	twenty
1198	f	twenty
1199	t	twenty
1200	f	twenty
1201	t	forty
1202	f	twenty
1203	\N	na
1204	f	ten
1205	t	fifty
1206	t	twenty
1207	f	twenty
1208	t	twenty
1209	f	thirty
1210	t	twenty
1211	t	forty
1212	t	thirty
1213	\N	na
1214	t	twenty
1215	t	twenty
1216	t	twenty
1217	\N	twenty
1218	f	twenty
1219	\N	na
1220	t	twenty
1221	t	twenty
1222	t	fifty
1223	t	twenty
1224	t	twenty
1225	t	fifty
1226	\N	na
1227	t	fifty
1228	t	twenty
1229	t	twenty
1230	t	twenty
1231	t	fifty
1232	f	thirty
1233	t	twenty
1234	t	twenty
1235	\N	na
1236	t	sixty
1237	t	twenty
1238	t	twenty
1239	t	ten
1240	t	twenty
1241	t	ten
1242	f	forty
1243	\N	na
1244	t	twenty
1245	\N	na
1246	t	twenty
1247	\N	na
1248	t	forty
1249	\N	na
1250	t	forty
1251	t	thirty
1252	t	twenty
1253	t	twenty
1254	\N	na
1255	t	twenty
1256	t	twenty
1257	t	twenty
1258	t	twenty
1259	f	ten
1260	t	twenty
1261	t	thirty
1262	t	twenty
1263	t	thirty
1264	f	thirty
1265	t	twenty
1266	f	forty
1267	f	twenty
1268	\N	na
1269	t	thirty
1270	\N	na
1271	f	twenty
1272	f	thirty
1273	\N	na
1274	t	twenty
1275	t	twenty
1276	t	forty
1277	f	twenty
1278	f	twenty
1279	t	twenty
1280	t	forty
1281	t	twenty
1282	t	thirty
1283	t	twenty
1284	t	fifty
1285	t	thirty
1286	t	forty
1287	f	na
1288	f	thirty
1289	\N	twenty
1290	t	ten
1291	t	twenty
1292	f	sixty
1293	t	twenty
1294	t	forty
1295	t	twenty
1296	\N	na
1297	t	twenty
1298	t	thirty
1299	t	twenty
1300	t	thirty
1301	\N	na
1302	\N	na
1303	t	fifty
1304	t	twenty
1305	f	fifty
1306	\N	twenty
1307	f	twenty
1308	t	twenty
1309	t	thirty
1310	t	forty
1311	\N	twenty
1312	t	seventy
1313	t	thirty
1314	\N	twenty
1315	\N	twenty
1316	t	thirty
1317	t	ten
1318	f	twenty
1319	t	thirty
1320	t	twenty
1321	t	twenty
1322	f	twenty
1323	t	twenty
1324	t	twenty
1325	t	forty
1326	t	fifty
1327	t	thirty
1328	t	twenty
1329	t	thirty
1330	t	twenty
1331	f	twenty
1332	t	twenty
1333	f	thirty
1334	f	thirty
1717	\N	na
1335	t	twenty
1336	f	twenty
1337	f	sixty
1338	f	twenty
1339	t	thirty
1340	\N	na
1341	\N	twenty
1342	f	forty
1343	t	twenty
1344	\N	na
1345	\N	twenty
1346	\N	na
1347	f	twenty
1348	f	fifty
1349	t	twenty
1350	t	twenty
1351	t	thirty
1352	t	thirty
1353	t	forty
1354	\N	na
1355	t	forty
1356	t	fifty
1357	t	twenty
1358	t	thirty
1359	\N	na
1360	t	twenty
1361	\N	na
1362	t	twenty
1363	\N	na
1364	t	thirty
1365	t	twenty
1366	\N	na
1367	t	forty
1368	t	twenty
1369	\N	na
1370	t	twenty
1371	\N	na
1372	t	thirty
1373	t	fifty
1374	f	thirty
1375	f	fifty
1376	f	fifty
1377	f	twenty
1378	t	thirty
1379	t	forty
1380	f	twenty
1381	t	forty
1382	t	thirty
1383	t	forty
1384	\N	twenty
1385	t	twenty
1386	\N	na
1387	t	twenty
1388	f	thirty
1389	\N	na
1390	t	thirty
1391	\N	na
1392	t	twenty
1393	t	thirty
1394	t	twenty
1395	t	thirty
1396	\N	na
1397	t	twenty
1398	\N	na
1399	t	thirty
1400	\N	na
1401	\N	na
1402	t	thirty
1403	\N	na
1404	t	twenty
1405	t	twenty
1406	t	twenty
1407	t	twenty
1408	\N	twenty
1409	t	fifty
1410	t	twenty
1411	t	twenty
1412	t	twenty
1413	t	twenty
1414	t	thirty
1415	\N	na
1416	f	twenty
1417	t	thirty
1418	t	forty
1419	t	fifty
1420	t	thirty
1421	t	fifty
1422	\N	na
1423	f	twenty
1424	\N	na
1425	f	twenty
1426	t	thirty
1427	t	twenty
1428	t	twenty
1429	t	thirty
1430	t	ten
1431	t	twenty
1432	t	fifty
1433	f	twenty
1434	t	twenty
1435	\N	na
1436	f	forty
1437	f	forty
1438	t	ten
1439	t	thirty
1440	t	twenty
1441	f	twenty
1442	t	fifty
1443	t	forty
1444	\N	na
1445	f	forty
1446	t	twenty
1447	t	twenty
1448	f	twenty
1449	t	twenty
1450	\N	na
1451	t	forty
1452	\N	na
1453	f	fifty
1454	t	thirty
1455	t	forty
1456	t	twenty
1457	t	forty
1458	t	thirty
1459	t	twenty
1460	t	twenty
1461	t	fifty
1462	t	twenty
1463	t	thirty
1464	t	twenty
1465	f	twenty
1466	\N	na
1467	f	thirty
1468	t	twenty
1469	t	twenty
1470	f	twenty
1471	t	thirty
1472	t	twenty
1473	\N	na
1474	f	sixty
1475	\N	na
1476	t	twenty
1477	f	fifty
1478	t	fifty
1479	t	thirty
1480	t	twenty
1481	t	ten
1482	t	na
1483	t	twenty
1484	t	sixty
1485	\N	na
1486	\N	na
1487	t	twenty
1488	t	twenty
1489	t	twenty
1490	t	twenty
1491	t	forty
1492	f	forty
1493	t	thirty
1494	t	thirty
1495	t	thirty
1496	t	twenty
1497	t	twenty
1498	f	fifty
1499	\N	na
1500	\N	na
1501	f	thirty
1502	f	twenty
1503	t	forty
1504	t	thirty
1505	t	twenty
1506	\N	na
1507	t	forty
1508	\N	na
1509	t	twenty
1510	t	thirty
1511	\N	na
1512	t	sixty
1513	t	forty
1514	f	twenty
1515	t	thirty
1516	t	forty
1517	t	thirty
1518	t	forty
1519	f	thirty
1520	t	thirty
1521	f	twenty
1522	t	forty
1523	\N	twenty
1524	t	twenty
1525	f	forty
1526	t	na
2481	\N	na
1527	t	twenty
1528	t	na
1529	t	twenty
1530	f	twenty
1531	t	forty
1532	t	seventy
1533	\N	twenty
1534	t	thirty
1535	t	twenty
1536	t	ten
1537	\N	na
1538	f	thirty
1539	t	twenty
1540	t	twenty
1541	t	fifty
1542	t	sixty
1543	t	forty
1544	t	twenty
1545	t	thirty
1546	t	twenty
1547	t	seventy
1548	t	twenty
1549	\N	twenty
1550	f	twenty
1551	t	twenty
1552	t	na
1553	t	thirty
1554	t	thirty
1555	t	twenty
1556	t	thirty
1557	f	thirty
1558	t	twenty
1559	t	twenty
1560	t	forty
1561	t	twenty
1562	t	forty
1563	t	twenty
1564	\N	twenty
1565	f	twenty
1566	\N	na
1567	f	twenty
1568	\N	na
1569	t	thirty
1570	t	thirty
1571	t	forty
1572	\N	na
1573	t	twenty
1574	t	fifty
1575	t	thirty
1576	t	thirty
1577	t	forty
1578	t	twenty
1579	t	seventy
1580	\N	na
1581	\N	na
1582	t	ten
1583	t	forty
1584	f	thirty
1585	t	twenty
1586	\N	na
1587	t	forty
1588	t	ten
1589	t	twenty
1590	\N	na
1591	f	twenty
1592	t	twenty
1593	t	sixty
1594	t	fifty
1595	t	thirty
1596	t	twenty
1597	t	twenty
1598	t	twenty
1599	f	thirty
1600	t	twenty
1601	t	seventy
1602	t	thirty
1603	\N	na
1604	t	thirty
1605	t	fifty
1606	\N	na
1607	t	twenty
1608	t	twenty
1609	f	twenty
1610	t	forty
1611	t	thirty
1612	t	twenty
1613	t	thirty
1614	t	twenty
1615	\N	na
1616	t	thirty
1617	t	ten
1618	t	twenty
1619	\N	na
1620	\N	na
1621	t	twenty
1622	\N	na
1623	f	twenty
1624	f	twenty
1625	t	forty
1626	f	thirty
1627	\N	na
1628	t	twenty
1629	f	thirty
1630	f	twenty
1631	f	twenty
1632	t	thirty
1633	t	twenty
1634	t	twenty
1635	t	twenty
1636	t	thirty
1637	t	thirty
1638	t	twenty
1639	t	fifty
1640	t	twenty
1641	f	na
1642	t	thirty
1643	f	twenty
1644	f	twenty
1645	t	twenty
1646	t	twenty
1647	t	thirty
1648	t	twenty
1649	\N	na
1650	t	twenty
1651	t	thirty
1652	\N	na
1653	\N	na
1654	t	twenty
1655	t	twenty
1656	t	forty
1657	t	twenty
1658	t	forty
1659	t	fifty
1660	t	forty
1661	t	twenty
1662	t	twenty
1663	\N	na
1664	t	twenty
1665	f	fifty
1666	t	thirty
1667	t	thirty
1668	t	sixty
1669	t	forty
1670	\N	na
1671	\N	twenty
1672	t	sixty
1673	t	na
1674	t	fifty
1675	t	twenty
1676	f	twenty
1677	t	twenty
1678	t	twenty
1679	t	forty
1680	t	fifty
1681	f	forty
1682	t	twenty
1683	t	twenty
1684	\N	na
1685	f	thirty
1686	t	twenty
1687	t	fifty
1688	t	twenty
1689	t	forty
1690	t	twenty
1691	t	twenty
1692	t	twenty
1693	t	twenty
1694	t	twenty
1695	t	twenty
1696	f	twenty
1697	t	twenty
1698	t	twenty
1699	t	na
1700	t	twenty
1701	\N	na
1702	t	thirty
1703	t	twenty
1704	t	twenty
1705	t	twenty
1706	f	forty
1707	t	twenty
1708	f	twenty
1709	t	twenty
1710	t	forty
1711	t	ten
1712	t	na
1713	t	ten
1714	\N	na
1715	t	na
1716	\N	na
1718	t	twenty
1719	t	na
1720	t	forty
1721	\N	na
1722	t	twenty
1723	t	twenty
1724	t	thirty
1725	t	thirty
1726	\N	na
1727	\N	na
1728	t	twenty
1729	t	fifty
1730	t	na
1731	\N	na
1732	f	na
1733	t	twenty
1734	f	ten
1735	\N	na
1736	t	twenty
1737	\N	na
1738	t	twenty
1739	\N	na
1740	t	forty
1741	f	twenty
1742	t	thirty
1743	t	fifty
1744	t	thirty
1745	t	thirty
1746	t	na
1747	t	fifty
1748	t	ten
1749	\N	na
1750	t	twenty
1751	\N	na
1752	t	na
1753	t	twenty
1754	t	twenty
1755	\N	na
1756	t	na
1757	t	na
1758	\N	na
1759	t	twenty
1760	t	ten
1761	t	forty
1762	f	na
1763	t	sixty
1764	t	twenty
1765	\N	na
1766	\N	na
1767	t	fifty
1768	t	twenty
1769	t	na
1770	\N	na
1771	t	twenty
1772	t	na
1773	t	na
1774	t	forty
1775	t	sixty
1776	f	twenty
1777	f	twenty
1778	t	na
1779	\N	na
1780	t	forty
1781	t	twenty
1782	t	twenty
1783	t	ten
1784	t	thirty
1785	f	thirty
1786	t	na
1787	t	fifty
1788	t	twenty
1789	t	twenty
1790	f	thirty
1791	t	twenty
1792	t	twenty
1793	t	forty
1794	f	forty
1795	t	fifty
1796	t	thirty
1797	t	fifty
1798	f	forty
1799	t	forty
1800	t	forty
1801	t	fifty
1802	t	twenty
1803	t	ten
1804	t	ten
1805	f	fifty
1806	t	thirty
1807	t	thirty
1808	\N	na
1809	t	twenty
1810	f	twenty
1811	t	sixty
1812	t	na
1813	t	twenty
1814	t	sixty
1815	t	thirty
1816	f	twenty
1817	f	twenty
1818	\N	na
1819	t	forty
1820	t	forty
1821	f	twenty
1822	t	sixty
1823	\N	na
1824	t	twenty
1825	\N	na
1826	t	thirty
1827	t	thirty
1828	t	thirty
1829	\N	na
1830	t	twenty
1831	f	fifty
1832	t	twenty
1833	t	twenty
1834	t	fifty
1835	t	twenty
1836	f	twenty
1837	\N	na
1838	t	twenty
1839	\N	na
1840	f	fifty
1841	t	sixty
1842	t	fifty
1843	t	na
1844	t	fifty
1845	\N	na
1846	t	twenty
1847	t	forty
1848	\N	na
1849	t	forty
1850	f	na
1851	\N	na
1852	t	twenty
1853	t	twenty
1854	t	twenty
1855	t	thirty
1856	t	twenty
1857	f	thirty
1858	t	twenty
1859	t	twenty
1860	t	fifty
1861	\N	na
1862	f	twenty
1863	\N	na
1864	f	twenty
1865	t	sixty
1866	t	twenty
1867	t	twenty
1868	t	na
1869	t	sixty
1870	t	twenty
1871	t	thirty
1872	t	twenty
1873	\N	na
1874	t	fifty
1875	t	thirty
1876	f	forty
1877	t	ten
1878	\N	na
1879	\N	na
1880	f	forty
1881	\N	na
1882	\N	na
1883	t	thirty
1884	t	na
1885	f	forty
1886	t	fifty
1887	t	thirty
1888	t	thirty
1889	t	twenty
1890	t	forty
1891	t	twenty
1892	t	sixty
1893	t	twenty
1894	t	twenty
1895	t	thirty
1896	t	thirty
1897	t	twenty
1898	t	ten
1899	\N	na
1900	\N	na
1901	f	ten
1902	f	na
1903	t	forty
1904	t	thirty
1905	f	ten
1906	t	thirty
1907	t	twenty
1908	f	forty
1909	f	forty
1910	\N	na
1911	t	forty
1912	t	thirty
1913	f	thirty
1914	f	twenty
1915	t	twenty
1916	t	fifty
1917	t	twenty
1918	f	twenty
1919	t	twenty
1920	t	forty
1921	t	forty
1922	t	forty
1923	f	forty
1924	t	na
1925	t	twenty
1926	t	thirty
1927	t	forty
1928	t	ten
1929	t	twenty
1930	f	forty
1931	t	na
1932	t	sixty
1933	\N	na
1934	t	thirty
1935	t	forty
1936	t	na
1937	t	thirty
1938	f	forty
1939	t	na
1940	\N	na
1941	\N	na
1942	f	twenty
1943	t	forty
1944	t	twenty
1945	t	fifty
1946	f	forty
1947	\N	na
1948	f	twenty
1949	f	seventy
1950	t	thirty
1951	t	forty
1952	t	twenty
1953	t	ten
1954	\N	na
1955	t	twenty
1956	t	fifty
1957	\N	na
1958	t	twenty
1959	f	twenty
1960	t	twenty
1961	t	ten
1962	t	ten
1963	\N	na
1964	t	thirty
1965	t	twenty
1966	t	twenty
1967	t	thirty
1968	t	twenty
1969	t	thirty
1970	\N	na
1971	t	forty
1972	\N	na
1973	t	forty
1974	t	twenty
1975	t	twenty
1976	t	fifty
1977	t	forty
1978	\N	na
1979	f	forty
1980	t	twenty
1981	t	thirty
1982	t	na
1983	t	fifty
1984	t	forty
1985	t	twenty
1986	t	fifty
1987	t	thirty
1988	f	na
1989	t	ten
1990	t	twenty
1991	t	thirty
1992	t	thirty
1993	\N	na
1994	t	forty
1995	t	forty
1996	t	twenty
1997	t	thirty
1998	\N	na
1999	t	fifty
2000	t	twenty
2001	f	forty
2002	t	thirty
2003	\N	na
2004	f	fifty
2005	t	sixty
2006	f	forty
2007	t	twenty
2008	\N	na
2009	t	thirty
2010	\N	na
2011	\N	na
2012	t	twenty
2013	t	fifty
2014	f	thirty
2015	t	na
2016	t	twenty
2017	\N	na
2018	t	twenty
2019	t	thirty
2020	f	fifty
2021	f	thirty
2022	t	twenty
2023	f	twenty
2024	\N	na
2025	t	twenty
2026	\N	na
2027	t	seventy
2028	t	thirty
2029	t	fifty
2030	t	forty
2031	t	twenty
2032	f	twenty
2033	\N	na
2034	t	twenty
2035	t	forty
2036	t	twenty
2037	t	thirty
2038	f	sixty
2039	t	twenty
2040	t	na
2041	t	twenty
2042	f	thirty
2043	t	twenty
2044	t	ten
2045	t	twenty
2046	t	twenty
2047	\N	na
2048	\N	na
2049	t	twenty
2050	t	forty
2051	f	thirty
2052	t	thirty
2053	f	sixty
2054	\N	na
2055	\N	na
2056	t	twenty
2057	t	forty
2058	f	na
2059	t	thirty
2060	f	thirty
2061	t	twenty
2062	\N	na
2063	t	thirty
2064	t	twenty
2065	t	thirty
2066	t	twenty
2067	t	twenty
2068	t	twenty
2069	f	twenty
2070	t	na
2071	f	fifty
2072	t	twenty
2073	f	twenty
2074	\N	na
2075	t	na
2076	t	forty
2077	\N	na
2078	f	twenty
2079	\N	na
2080	f	forty
2081	f	fifty
2082	t	forty
2083	f	twenty
2084	f	fifty
2085	t	twenty
2086	t	thirty
2087	t	fifty
2088	\N	na
2089	f	thirty
2090	f	twenty
2091	t	twenty
2092	f	twenty
2093	f	thirty
2094	f	twenty
2095	f	thirty
2096	t	thirty
2097	t	twenty
2098	t	na
2099	f	thirty
2100	t	na
2101	t	na
2102	\N	na
2103	t	twenty
2104	\N	na
2105	t	twenty
2106	t	sixty
2107	t	twenty
2108	t	na
2109	\N	na
2110	f	twenty
2111	\N	na
2112	t	twenty
2113	t	twenty
2114	\N	na
2115	t	thirty
2116	t	forty
2117	t	thirty
2118	t	forty
2119	t	twenty
2120	t	twenty
2121	\N	na
2122	\N	na
2123	t	twenty
2124	t	twenty
2125	t	twenty
2126	t	seventy
2127	t	twenty
2128	t	thirty
2129	t	fifty
2130	t	twenty
2131	t	na
2132	t	twenty
2133	t	twenty
2134	t	forty
2135	f	thirty
2136	f	twenty
2137	t	thirty
2138	\N	na
2139	t	forty
2140	t	twenty
2141	t	thirty
2142	\N	na
2143	t	twenty
2144	t	ten
2145	t	ten
2146	f	forty
2147	t	fifty
2148	t	forty
2149	t	twenty
2150	t	twenty
2151	\N	na
2152	\N	na
2153	\N	na
2154	t	fifty
2155	t	twenty
2156	f	thirty
2157	t	na
2158	\N	na
2159	t	twenty
2160	t	twenty
2161	t	ten
2162	t	fifty
2163	f	twenty
2164	t	forty
2165	f	forty
2166	t	twenty
2167	t	fifty
2168	t	twenty
2169	f	thirty
2170	f	forty
2171	t	forty
2172	t	thirty
2173	t	thirty
2174	\N	na
2175	t	sixty
2176	\N	na
2177	t	thirty
2178	f	forty
2179	t	fifty
2180	t	thirty
2181	f	twenty
2182	t	forty
2183	f	twenty
2184	t	thirty
2185	t	thirty
2186	\N	na
2187	t	thirty
2188	t	twenty
2189	t	twenty
2190	t	thirty
2191	t	thirty
2192	\N	na
2193	\N	na
2194	t	thirty
2195	\N	na
2196	f	na
2197	t	na
2198	t	twenty
2199	\N	na
2200	\N	na
2201	\N	na
2202	t	forty
2203	t	forty
2204	t	twenty
2205	t	twenty
2206	t	forty
2207	\N	na
2208	t	twenty
2209	t	thirty
2210	t	twenty
2211	t	sixty
2212	t	twenty
2213	\N	na
2214	t	twenty
2215	t	twenty
2216	t	twenty
2217	t	sixty
2218	t	fifty
2219	t	na
2220	\N	na
2221	f	sixty
2222	\N	na
2223	t	twenty
2224	f	fifty
2225	t	twenty
2226	t	twenty
2227	t	twenty
2228	f	ten
2229	t	twenty
2230	t	na
2231	t	na
2232	\N	na
2233	t	sixty
2234	t	twenty
2235	t	twenty
2236	f	twenty
2237	t	thirty
2238	\N	na
2239	t	thirty
2240	t	thirty
2241	t	twenty
2242	f	thirty
2243	\N	na
2244	t	thirty
2245	t	twenty
2246	t	sixty
2247	t	forty
2248	t	thirty
2249	t	twenty
2250	\N	na
2251	t	forty
2252	t	sixty
2253	\N	na
2254	t	forty
2255	t	thirty
2256	t	fifty
2257	t	forty
2258	f	thirty
2259	t	twenty
2260	t	twenty
2261	\N	na
2262	t	thirty
2263	f	twenty
2264	t	thirty
2265	f	thirty
2266	t	thirty
2267	t	thirty
2268	f	thirty
2269	f	thirty
2270	t	forty
2271	f	sixty
2272	f	thirty
2273	t	thirty
2274	f	thirty
2275	f	thirty
2276	f	thirty
2277	t	forty
2278	t	thirty
2279	t	sixty
2280	t	thirty
2281	t	seventy
2282	t	twenty
2283	f	twenty
2284	t	ten
2285	f	thirty
2286	t	twenty
2287	t	thirty
2288	f	fifty
2289	t	twenty
2290	f	twenty
2291	t	forty
2292	t	twenty
2293	t	twenty
2294	t	thirty
2295	t	thirty
2296	f	forty
2297	t	seventy
2298	f	thirty
2299	t	twenty
2300	t	thirty
2301	f	forty
2302	f	forty
2303	t	na
2304	t	ten
2305	t	twenty
2306	t	seventy
2307	t	twenty
2308	\N	na
2309	t	thirty
2310	t	fifty
2311	f	twenty
2312	t	fifty
2313	t	twenty
2314	t	fifty
2315	\N	na
2316	\N	na
2317	t	forty
2318	f	thirty
2319	t	twenty
2320	t	thirty
2321	t	thirty
2322	t	sixty
2323	f	forty
2324	f	twenty
2325	t	thirty
2326	\N	na
2327	f	thirty
2328	\N	na
2329	\N	na
2330	t	twenty
2331	t	thirty
2332	t	twenty
2333	\N	na
2334	t	fifty
2335	t	forty
2336	t	thirty
2337	t	ten
2338	t	thirty
2339	\N	na
2340	\N	na
2341	t	thirty
2342	t	fifty
2343	\N	na
2344	f	fifty
2345	t	twenty
2346	t	sixty
2347	t	ten
2348	\N	na
2349	t	thirty
2350	t	thirty
2351	t	fifty
2352	f	thirty
2353	\N	na
2354	t	fifty
2355	t	twenty
2356	\N	na
2357	\N	na
2358	\N	na
2359	t	thirty
2360	t	twenty
2361	t	twenty
2362	\N	na
2363	t	twenty
2364	f	forty
2365	t	thirty
2366	t	thirty
2367	t	fifty
2368	t	fifty
2369	t	twenty
2370	t	thirty
2371	t	twenty
2372	f	twenty
2373	t	twenty
2374	t	thirty
2375	t	twenty
2376	\N	na
2377	t	fifty
2378	f	twenty
2379	t	twenty
2380	t	twenty
2381	f	twenty
2382	t	forty
2383	f	twenty
2384	t	forty
2385	f	twenty
2386	t	twenty
2387	f	twenty
2388	t	sixty
2389	f	forty
2390	t	forty
2391	t	fifty
2392	t	seventy
2393	t	fifty
2394	t	forty
2395	t	forty
2396	t	thirty
2397	t	na
2398	f	sixty
2399	t	twenty
2400	f	forty
2401	t	seventy
2402	t	fifty
2403	t	twenty
2404	t	twenty
2405	t	thirty
2406	t	thirty
2407	t	sixty
2408	f	thirty
2409	f	twenty
2410	f	fifty
2411	f	sixty
2412	t	thirty
2413	t	forty
2414	f	forty
2415	t	fifty
2416	\N	na
2417	\N	na
2418	t	thirty
2419	\N	na
2420	t	twenty
2421	t	thirty
2422	t	fifty
2423	f	twenty
2424	t	twenty
2425	f	twenty
2426	t	twenty
2427	t	twenty
2428	t	forty
2429	t	forty
2430	t	fifty
2431	t	fifty
2432	f	twenty
2433	t	twenty
2434	t	twenty
2435	\N	na
2436	f	fifty
2437	\N	na
2438	t	thirty
2439	t	forty
2440	t	thirty
2441	t	twenty
2442	f	ten
2443	\N	na
2444	t	twenty
2445	f	thirty
2446	f	twenty
2447	\N	na
2448	t	thirty
2449	f	twenty
2450	t	thirty
2451	t	twenty
2452	f	thirty
2453	t	twenty
2454	t	thirty
2455	t	twenty
2456	t	twenty
2457	t	sixty
2458	t	twenty
2459	t	fifty
2460	f	twenty
2461	t	fifty
2462	t	thirty
2463	t	twenty
2464	t	ten
2465	f	forty
2466	t	forty
2467	\N	na
2468	t	sixty
2469	t	thirty
2470	f	twenty
2471	t	fifty
2472	t	twenty
2473	t	twenty
2474	t	twenty
2475	t	fifty
2476	t	forty
2477	t	twenty
2478	t	thirty
2479	\N	na
2480	\N	na
2482	t	thirty
2483	t	sixty
2484	\N	na
2485	t	fifty
2486	\N	na
2487	t	twenty
2488	\N	na
2489	f	fifty
2490	t	twenty
2491	\N	na
2492	t	thirty
2493	t	twenty
2494	t	twenty
2495	t	twenty
2496	t	thirty
2497	t	thirty
2498	t	ten
2499	t	seventy
2500	t	forty
2501	f	twenty
2502	f	thirty
2503	t	fifty
2504	t	sixty
2505	t	forty
2506	t	thirty
2507	t	sixty
2508	t	forty
2509	t	twenty
2510	t	forty
2511	t	forty
2512	t	sixty
2513	t	twenty
2514	t	forty
2515	t	twenty
2516	t	forty
2517	t	twenty
2518	f	twenty
2519	f	thirty
2520	f	forty
2521	f	thirty
2522	f	twenty
2523	t	forty
2524	t	fifty
2525	t	twenty
2526	f	twenty
2527	f	sixty
2528	t	thirty
2529	f	fifty
2530	f	thirty
2531	t	twenty
2532	f	thirty
\.


--
-- Data for Name: alembic_version; Type: TABLE DATA; Schema: public; Owner: admin
--

COPY public.alembic_version (version_num) FROM stdin;
5b26872150f4
\.


--
-- Data for Name: brand; Type: TABLE DATA; Schema: public; Owner: admin
--

COPY public.brand (id, name) FROM stdin;
1	MERCEDESBENZ
2	GENERAL MOTORS
3	NISSAN
4	CHEVROLET
5	KTM
6	CHRYSLER
7	N.D.
8	VOLKSWAGEN
9	FIAT CHRYSLER
10	DODGE
11	MAZDA
12	KENWORTH
13	FORD
14	KIA
15	TOYOTA
16	CAMION
17	MAQUINARIA
18	AUDI
19	RENAULT
20	YAMAHA
21	PEUGEOT
22	HONDA
23	RAMBLER
24	BMW
25	LINCOLN
26	HONDA 
27	INTERNATIONAL
28	ITALIKA
29	OPEL
30	TOYOTA 
31	CARIBE
32	JEEP
33	ISUZU
34	DATSUN
35	HYUNDAI
36	CARABELA
37	SMART
38	NISSAN 
39	BAJAJ
40	PONTIAC
41	MITSUBISHI
42	SUZUKI
43	KEEWAY
44	KURAZAI
45	JAGUAR
46	FIAT
47	HERO POCH
48	BUICK
49	SYM
50	BENOTTO
51	SEAT
52	TRANSCRAFT
53	VOLVO
54	GREAT WALL
55	BLAZER
56	BAIC
57	CADILLAC
58	JAC
59	MOTO TAXI
60	BICICLETA
61	DODGE 
62	HURLEY
63	VENTO 
64	CAMIONES
65	BIMEX
66	BENELLI
67	KAWASAKI
\.


--
-- Data for Name: car; Type: TABLE DATA; Schema: public; Owner: admin
--

COPY public.car (id, model, brand_id, subbrand_id, car_type_id) FROM stdin;
1	2006	\N	\N	\N
2	2006	1	1	1
3	N.D.	2	2	2
4	2017	3	3	2
5	1996	4	4	2
6	N.D.	5	5	3
7	2006	6	6	2
8	1978	4	7	4
9	2014	7	8	5
10	1994	8	9	4
11	2018	1	10	3
12	1990	3	11	4
13	2014	3	12	4
14	1988	3	11	6
15	2015	4	13	7
16	N.D.	3	11	6
17	1994	4	14	4
18	1995	3	11	4
19	2005	9	15	2
20	1989	4	16	7
21	1992	4	17	7
22	2016	3	18	7
23	1990	10	19	7
24	2016	11	20	2
25	1999	4	21	4
26	1990	12	22	8
27	2018	13	23	4
28	N.D.	2	24	4
29	2006	14	25	4
30	2010	2	24	4
31	2001	6	26	4
32	2009	15	27	2
33	1993	16	28	1
34	2016	1	1	1
35	2019	3	29	4
36	N.D.	13	30	5
37	N.D.	7	31	9
38	2013	3	32	6
39	1990	13	33	4
40	1993	8	34	4
41	1976	16	35	5
42	1969	8	34	4
43	2014	17	36	7
44	2011	18	37	4
45	N.D.	3	38	7
46	2015	16	39	1
47	1997	3	11	4
48	1985	3	11	4
49	2006	8	40	4
50	2005	1	41	5
51	N.D.	19	42	4
52	N.D.	7	43	9
53	1999	8	44	4
54	2004	19	42	4
55	2016	20	45	3
56	2011	1	1	1
57	2019	21	46	4
58	2003	19	42	4
59	1996	3	11	4
60	N.D.	11	47	2
61	2001	8	34	4
62	2011	15	27	2
63	2000	3	11	4
64	2016	3	48	7
65	1995	2	49	2
66	1971	13	50	4
67	1990	20	51	3
68	1998	12	52	8
69	2019	8	53	2
70	2014	7	54	2
71	2018	3	11	4
72	1990	13	\N	7
73	1994	4	55	4
74	2015	2	56	7
75	N.D.	1	57	1
76	2007	10	58	2
77	1993	3	11	4
78	1984	4	59	2
79	2016	16	60	1
80	1997	8	61	4
81	2018	10	62	4
82	2016	3	29	4
83	1994	3	11	4
84	1999	13	63	7
85	2001	1	64	5
86	2001	22	65	4
87	N.D.	2	66	4
88	1979	4	67	7
89	1983	4	68	7
90	1992	4	13	7
91	2016	22	69	3
92	1990	8	61	4
93	N.D.	7	31	9
94	2017	3	29	4
95	1990	3	16	7
96	1979	8	34	4
97	2018	14	70	4
98	1991	8	71	7
99	1999	3	72	2
100	1995	3	11	6
101	N.D.	2	73	4
102	2019	4	66	4
103	2016	1	1	1
104	1999	3	11	6
105	2014	13	54	2
106	2001	12	52	8
107	2018	3	74	4
108	1995	4	63	7
109	1991	8	9	4
110	2016	14	75	2
111	N.D.	3	76	4
112	1964	13	77	5
113	1974	23	34	4
114	2013	24	78	6
115	1986	15	13	7
116	1991	3	79	7
117	2000	1	57	1
118	2018	3	80	4
119	N.D.	15	81	4
120	2006	25	82	4
121	2018	3	29	4
122	1991	3	63	7
123	2016	26	83	4
124	1968	27	16	5
125	N.D.	13	84	7
126	2019	28	69	3
127	2017	4	85	2
128	2013	22	86	2
129	1982	8	87	4
130	2013	1	1	1
131	N.D.	3	80	4
132	2000	8	69	3
133	1983	13	63	4
134	2015	11	20	2
135	1998	1	57	1
136	2015	4	13	7
137	2016	24	88	4
138	1968	29	34	4
139	2010	1	1	1
140	2015	22	89	2
141	1995	3	90	6
142	1990	14	91	4
143	2012	15	92	2
144	2015	1	1	1
145	2001	10	63	7
146	1977	4	21	4
147	1993	13	93	4
148	2018	11	94	4
149	N.D.	22	83	4
150	N.D.	13	13	7
151	N.D.	7	31	9
152	2002	3	11	4
153	N.D.	7	31	9
154	2018	14	34	4
155	2006	2	21	4
156	2016	30	95	7
157	1987	12	52	8
158	2010	3	96	5
159	2005	6	4	2
160	2007	2	97	4
161	2015	8	61	4
162	2019	13	98	4
163	1996	6	19	2
164	2007	19	42	4
165	2016	13	99	7
166	1985	3	63	7
167	2013	8	61	4
168	2018	4	55	4
169	1974	19	100	4
170	1994	3	11	4
171	1990	16	64	5
172	1977	31	101	4
173	2008	15	102	2
174	1988	32	63	7
175	2009	27	103	5
176	2016	13	104	4
177	2016	3	29	4
178	1994	13	93	4
179	2015	3	105	4
180	2000	4	21	4
181	1957	27	52	8
182	1997	13	13	7
183	N.D.	33	106	5
184	2014	16	107	5
185	1995	6	6	2
186	2017	3	108	2
187	1998	8	34	4
188	2011	15	92	2
189	1999	13	63	7
190	2011	11	34	4
191	2014	10	109	2
192	2018	15	95	7
193	2017	1	110	1
194	2018	11	111	2
195	2014	2	112	4
196	2012	16	64	5
197	2008	13	113	2
198	1990	8	114	4
199	2006	14	115	4
200	1995	6	116	2
201	1993	4	55	4
202	1993	16	28	1
203	1987	8	117	2
204	1982	8	118	4
205	1997	3	11	4
206	2005	16	119	1
207	1993	12	22	8
208	1992	3	64	7
209	2016	3	11	6
210	1982	8	118	4
211	1999	16	68	7
212	2016	15	120	4
213	2006	22	65	4
214	2011	1	57	1
215	1972	10	121	4
216	2018	11	122	4
217	2011	3	38	7
218	2012	13	123	4
219	1975	34	34	4
220	2019	8	114	4
221	2000	3	90	2
222	2017	35	124	4
223	1972	4	13	7
224	1999	3	11	4
225	1982	13	19	7
226	1994	36	125	3
227	2016	8	\N	4
228	1993	6	126	4
229	2016	2	127	7
230	2010	8	61	4
231	1992	6	128	4
232	2015	13	129	7
233	1999	3	13	7
234	1999	3	64	7
235	1990	2	127	7
236	2017	13	129	7
237	1999	3	11	6
238	1998	10	130	4
239	1986	13	131	7
240	1999	3	16	7
241	2012	4	34	4
242	2018	37	132	4
243	2016	16	1	1
244	1999	3	63	7
245	1992	13	129	7
246	1955	8	61	4
247	2018	13	\N	2
248	1999	3	133	4
249	2000	4	21	4
250	1995	10	134	7
251	2019	4	24	4
252	2007	16	35	1
253	1990	3	16	7
254	2016	8	114	4
255	2011	19	135	2
256	2016	13	98	4
257	1994	27	35	5
258	1990	8	114	4
259	1982	4	136	4
260	2017	15	81	4
261	2000	4	137	2
262	1995	1	28	1
263	2015	3	29	4
264	1978	4	138	2
265	2017	9	134	7
266	1968	13	34	4
267	2019	28	69	3
268	1997	8	101	4
269	1995	3	63	7
270	1991	16	52	8
271	1988	8	61	4
272	2006	16	139	1
273	2001	24	140	4
274	2002	4	141	4
275	2018	38	142	4
276	1995	3	11	4
277	1984	13	13	7
278	2008	22	65	4
279	2019	15	143	4
280	2014	8	144	2
281	2005	7	145	2
282	2017	22	5	3
283	2016	39	146	3
284	1998	16	57	1
285	2017	13	104	4
286	2008	1	34	4
287	1999	40	147	4
288	1990	13	148	2
289	2011	1	34	4
290	2008	6	34	4
291	1992	4	55	4
292	2017	2	149	4
293	2010	41	150	4
294	1990	3	11	6
295	1977	10	13	7
296	1981	3	11	4
297	1995	4	21	4
298	N.D.	7	31	9
299	2008	15	120	4
300	1999	8	9	4
301	2007	22	151	4
302	1987	8	61	4
303	2015	8	61	6
304	1985	3	11	4
305	2000	13	63	7
306	2018	35	124	4
307	1993	9	152	4
308	1990	8	34	4
309	1974	8	34	4
310	1990	2	153	7
311	2019	3	154	4
312	1974	13	50	4
313	2002	2	21	4
314	2000	12	8	5
315	1992	3	11	4
316	2017	13	129	7
317	1995	3	11	6
318	2006	3	133	4
319	1999	3	11	6
320	1990	8	61	4
321	1990	8	9	4
322	2002	3	72	2
323	1995	12	52	8
324	2005	3	155	2
325	1989	4	63	7
326	1994	3	156	4
327	1986	4	157	4
328	1998	8	34	4
329	2018	13	54	2
330	2019	8	114	4
331	1990	10	13	7
332	2018	3	108	2
333	2010	40	112	4
334	1990	3	29	4
335	2017	4	85	2
336	2015	2	127	7
337	1999	1	57	1
338	2011	8	158	2
339	1990	15	159	2
340	2016	13	104	4
341	N.D.	7	31	9
342	2012	3	133	4
343	2018	8	114	4
344	1986	22	69	3
345	2008	15	120	4
346	1992	6	160	4
347	2016	15	81	4
348	2006	3	133	4
349	1990	8	71	7
350	2019	3	48	7
351	2007	4	161	5
352	1983	13	162	4
353	2000	13	123	4
354	1993	3	163	7
355	1985	3	13	7
356	2017	13	98	4
357	2006	16	164	8
358	2012	22	89	4
359	1982	13	165	4
360	2000	1	41	5
361	1994	3	166	4
362	1987	8	118	4
363	1990	6	167	4
364	2000	12	52	8
365	2005	13	54	2
366	2013	10	168	4
367	2006	2	169	4
368	2016	3	29	4
369	1993	36	69	3
370	2019	15	170	4
371	1992	3	171	2
372	1997	4	172	4
373	2014	3	173	2
374	2017	15	120	4
375	2016	11	111	2
376	2006	13	174	7
377	2018	24	175	4
378	1989	22	176	3
379	2005	6	177	7
380	1998	4	178	4
381	N.D.	4	179	2
382	1990	42	180	4
383	1978	8	181	2
384	1990	3	16	7
385	2016	4	24	4
386	2018	13	98	4
387	2017	3	64	7
388	2012	9	182	4
389	2018	2	66	4
390	2013	15	183	7
391	1994	16	28	1
392	1990	38	29	4
393	N.D.	3	29	4
394	N.D.	7	184	3
395	2017	3	11	6
396	2011	1	35	1
397	2007	13	185	7
398	2016	6	34	4
399	2004	11	186	4
400	1997	3	11	4
401	2001	6	11	4
402	2017	21	46	4
403	1997	4	63	7
404	2006	3	166	4
405	2017	15	120	4
406	2009	15	120	4
407	2016	8	187	4
408	2018	3	29	4
409	2018	3	133	4
410	1985	3	34	4
411	2018	22	69	3
412	1996	3	133	4
413	2016	8	114	4
414	2017	10	69	7
415	N.D.	7	31	9
416	1979	13	188	4
417	1996	4	148	2
418	2016	16	189	1
419	1995	32	190	2
420	2015	3	29	4
421	1989	3	11	6
422	N.D.	8	34	4
423	1990	13	63	7
424	2018	1	191	7
425	2012	3	12	4
426	2005	14	13	7
427	2018	3	155	2
428	2018	42	34	4
429	1989	3	11	6
430	1999	7	3	2
431	N.D.	4	13	7
432	2006	3	166	4
433	1990	3	11	4
434	2013	3	11	6
435	2003	2	13	7
436	2017	13	104	4
437	1990	3	34	4
438	2016	27	57	1
439	1978	23	192	4
440	2002	8	44	4
441	2007	20	193	3
442	2008	9	134	7
443	1993	3	16	7
444	2006	3	133	4
445	2006	12	\N	5
446	2019	16	1	1
447	2015	13	104	4
448	2015	43	69	3
449	1994	22	69	3
450	1979	6	194	4
451	1981	16	195	5
452	2001	3	133	4
453	2008	3	155	2
454	2018	8	114	4
455	1973	1	19	7
456	1994	16	64	5
457	1990	8	9	4
458	1993	13	129	7
459	2017	4	24	4
460	2016	16	60	1
461	1981	4	34	4
462	2011	12	52	8
463	1982	10	121	4
464	2009	3	16	7
465	2018	43	196	3
466	N.D.	44	31	3
467	2015	3	12	6
468	2006	16	189	1
469	2008	22	197	4
470	2005	8	44	4
471	1992	3	11	6
472	2015	16	198	1
473	1999	13	19	7
474	2005	15	81	4
475	2016	3	34	6
476	2006	22	65	4
477	2014	3	29	4
478	N.D.	7	31	9
479	1994	8	34	4
480	2017	15	199	4
481	1989	10	134	2
482	1989	4	200	2
483	2002	22	201	2
484	1990	10	202	4
485	2016	3	203	2
486	2017	3	80	4
487	1990	8	61	4
488	1999	6	204	7
489	N.D.	16	28	1
490	1993	16	205	1
491	2018	45	206	4
492	1990	46	42	4
493	2013	8	207	2
494	2017	3	18	7
495	1999	13	208	4
496	1995	8	61	4
497	1977	8	34	4
498	N.D.	11	209	4
499	2018	8	61	4
500	1996	13	210	4
501	2016	28	69	3
502	2019	35	211	4
503	1993	8	34	4
504	2003	13	104	4
505	2017	10	168	4
506	2017	1	60	10
507	2007	3	166	4
508	1999	8	44	4
509	1992	13	8	7
510	N.D.	7	31	9
511	2003	13	212	4
512	1997	13	148	2
513	1990	4	71	4
514	1974	10	121	4
515	2018	3	80	4
516	2000	4	213	7
517	1992	10	214	7
518	1998	4	63	7
519	2014	3	48	7
520	2004	13	215	2
521	1990	3	34	4
522	2018	19	216	2
523	2004	22	217	2
524	1987	3	218	2
525	2000	2	219	2
526	2019	3	155	2
527	1989	12	52	8
528	1980	4	34	4
529	2013	2	149	4
530	1994	16	28	1
531	1998	3	11	4
532	1983	10	220	7
533	2007	13	54	2
534	2017	3	29	4
535	2017	8	221	4
536	2006	3	11	4
537	1992	4	222	4
538	1993	16	28	1
539	N.D.	15	143	4
540	1998	3	19	7
541	2018	14	223	4
542	2017	3	133	4
543	2016	15	183	7
544	2005	2	21	4
545	2018	11	20	2
546	1982	8	34	4
547	2012	9	224	6
548	2014	3	29	6
549	1999	27	205	1
550	2000	4	21	4
551	1997	4	55	4
552	2005	15	120	4
553	N.D.	1	\N	1
554	1977	4	21	4
555	2008	22	89	4
556	2009	3	11	6
557	1995	1	225	5
558	1975	11	226	1
559	1988	16	64	5
560	1990	8	34	4
561	1998	16	227	5
562	2012	2	112	4
563	2016	1	35	1
564	2004	13	212	4
565	1998	16	205	10
566	1983	13	13	7
567	2017	13	98	4
568	2018	3	155	2
569	2005	3	155	2
570	1964	10	228	5
571	2011	3	38	7
572	2019	8	114	4
573	1974	8	34	4
574	2001	3	133	4
575	2015	8	61	4
576	1985	4	229	6
577	1998	1	57	1
578	2000	4	21	4
579	2015	19	230	4
580	2012	6	4	2
581	1981	10	231	7
582	1982	8	34	4
583	2017	9	232	4
584	2000	13	233	2
585	2014	16	234	1
586	1996	13	129	7
587	2018	2	24	4
588	1998	3	11	4
589	2018	2	235	4
590	1974	27	52	8
591	1998	4	55	4
592	1968	13	36	7
593	1997	47	5	3
594	2000	3	34	4
595	2017	42	236	4
596	2000	3	11	6
597	2008	15	81	4
598	N.D.	8	237	7
599	2019	35	238	4
600	2001	8	44	4
601	2018	30	95	7
602	1998	6	134	2
603	2016	7	140	4
604	1987	8	9	4
605	2002	8	40	4
606	2017	28	69	3
607	1989	13	129	7
608	1999	4	239	4
609	2003	13	240	4
610	2016	15	120	4
611	1985	4	241	4
612	2008	32	242	2
613	1995	3	11	6
614	2016	8	61	4
615	2019	4	243	4
616	2016	8	114	4
617	1988	4	244	2
618	2014	19	216	2
619	2013	4	24	4
620	2000	2	21	4
621	2012	2	21	4
622	1993	13	245	7
623	2009	10	\N	4
624	2005	1	\N	4
625	1997	24	246	4
626	1978	4	247	4
627	N.D.	7	31	9
628	1977	8	118	4
629	2016	1	191	7
630	1980	6	160	4
631	1990	15	248	4
632	1964	12	52	8
633	2017	15	27	2
634	2016	24	249	2
635	2015	15	250	2
636	2002	8	40	4
637	2005	13	115	4
638	2011	41	63	7
639	1990	4	55	4
640	2017	8	9	4
641	1995	8	9	4
642	N.D.	7	31	9
643	2018	42	\N	4
644	2016	15	120	4
645	2018	3	80	4
646	1970	13	34	4
647	1983	8	34	4
648	2016	13	98	4
649	1998	6	251	4
650	N.D.	7	31	9
651	1994	8	61	4
652	1992	6	152	4
653	1990	4	97	4
654	1997	6	130	4
655	1981	48	34	4
656	N.D.	7	31	9
657	2016	3	29	4
658	2013	16	252	5
659	1990	8	253	4
660	1998	4	21	4
661	2006	2	235	4
662	2011	3	133	4
663	1994	3	63	7
664	2018	1	60	1
665	2000	13	254	7
666	2018	5	255	3
667	1999	4	55	4
668	2003	15	256	4
669	1996	2	257	2
670	2018	1	191	7
671	1993	4	258	2
672	2017	8	259	7
673	2000	3	133	6
674	1996	16	205	10
675	1991	12	16	5
676	1998	49	260	3
677	N.D.	7	31	9
678	1993	13	261	4
679	1979	4	63	7
680	1999	3	64	7
681	1993	13	262	4
682	1991	6	152	4
683	2007	4	127	7
684	2000	22	263	4
685	2006	8	61	4
686	1993	13	129	7
687	2019	3	29	4
688	2014	3	48	7
689	1998	8	34	4
690	2015	3	155	2
691	2008	7	54	2
692	2015	8	264	4
693	1989	13	261	4
694	1997	4	21	4
695	N.D.	4	21	4
696	N.D.	8	265	2
697	2018	4	73	4
698	2017	35	266	4
699	2000	6	141	4
700	1992	3	171	2
701	1976	6	216	4
702	1990	22	267	2
703	1995	10	130	4
704	2000	10	134	7
705	2002	8	9	4
706	2016	8	61	4
707	2015	12	35	5
708	2017	24	268	4
709	1993	6	269	2
710	1990	50	270	11
711	1996	10	19	7
712	2001	3	11	4
713	2001	8	61	4
714	2017	8	\N	7
715	1997	13	129	7
716	1988	20	69	3
717	2000	32	271	2
718	1992	6	128	4
719	2002	22	272	2
720	1990	34	34	4
721	2017	3	105	4
722	2016	2	149	4
723	2001	8	44	4
724	2015	48	273	4
725	2016	14	274	2
726	2016	10	168	4
727	1994	13	275	7
728	2018	22	45	3
729	2017	3	29	4
730	2008	13	276	7
731	1999	3	11	4
732	2001	3	72	2
733	2015	3	16	7
734	2013	3	80	4
735	1995	3	11	6
736	1997	10	64	7
737	1997	13	129	7
738	1988	8	61	4
739	2014	3	29	4
740	1994	4	277	4
741	2014	3	13	7
742	1992	3	278	7
743	1990	10	168	4
744	1990	2	13	7
745	2013	3	64	7
746	1993	1	231	5
747	2019	22	279	3
748	1997	3	11	4
749	1990	8	280	7
750	2018	14	223	4
751	N.D.	7	31	9
752	2017	22	281	2
753	2015	27	64	5
754	2015	11	34	4
755	1992	3	11	6
756	2018	11	94	4
757	1994	3	63	7
758	1999	4	64	7
759	2015	3	29	4
760	1998	13	19	7
761	2018	8	61	4
762	2016	3	155	2
763	2011	2	127	7
764	2011	22	34	4
765	1990	13	261	4
766	1990	19	216	2
767	1996	2	282	4
768	2015	1	94	4
769	1986	13	261	4
770	2018	3	29	4
771	1999	6	26	4
772	2000	1	57	1
773	2001	4	21	4
774	2015	1	60	1
775	N.D.	7	31	9
776	2016	20	69	3
777	2017	3	29	4
778	1999	1	57	1
779	2017	8	283	4
780	2013	16	35	1
781	1988	8	34	4
782	2018	22	281	2
783	2004	19	42	4
784	1999	32	284	2
785	2008	6	285	7
786	2017	9	168	4
787	1966	6	286	4
788	2012	2	21	4
789	2009	1	60	1
790	2009	16	287	1
791	2009	15	288	2
792	2015	3	11	6
793	2017	10	134	7
794	2011	1	289	1
795	1994	20	290	3
796	2004	3	11	4
797	2018	28	51	3
798	1984	11	226	1
799	1990	32	291	2
800	1998	13	292	2
801	2019	1	293	4
802	1994	11	13	7
803	2019	24	294	4
804	2013	24	295	4
805	1984	4	34	4
806	1985	10	121	4
807	1990	8	9	4
808	2017	4	149	4
809	2019	16	296	1
810	2008	22	197	4
811	1998	3	11	4
812	1998	10	297	7
813	1991	4	298	4
814	1996	4	56	7
815	1998	13	63	7
816	1993	13	63	7
817	1988	22	34	4
818	2016	2	24	4
819	2014	8	61	4
820	2007	22	197	3
821	1979	10	16	7
822	1999	4	55	4
823	2004	22	201	2
824	1990	3	11	6
825	2012	13	299	7
826	N.D.	7	31	9
827	1983	34	34	4
828	1998	27	300	5
829	2017	8	40	4
830	N.D.	4	127	7
831	1974	34	63	7
832	1992	6	34	4
833	2017	2	24	4
834	2009	13	145	2
835	2006	2	169	4
836	1992	3	11	6
837	1998	13	63	7
838	2001	32	291	2
839	2016	22	65	4
840	1983	8	118	4
841	2010	46	23	4
842	2003	2	301	4
843	2018	22	281	2
844	1994	13	93	4
845	2001	8	34	4
846	N.D.	22	197	4
847	N.D.	3	34	4
848	1999	2	21	4
849	2015	10	302	2
850	2003	3	166	4
851	1990	28	303	3
852	2018	22	69	3
853	2018	11	94	4
854	2018	15	\N	4
855	N.D.	51	304	4
856	2017	7	305	5
857	2017	19	306	2
858	2010	11	111	2
859	2017	22	83	4
860	2005	13	99	2
861	2016	28	45	3
862	1993	13	261	4
863	1986	3	11	4
864	2000	6	307	2
865	2009	10	308	4
866	2011	42	309	4
867	1994	16	28	1
868	1985	8	34	4
869	2012	2	310	4
870	1976	8	311	4
871	1972	8	34	4
872	2015	2	13	7
873	2017	3	80	4
874	1999	4	312	4
875	2018	39	313	3
876	1992	13	314	4
877	2016	24	315	4
878	2003	9	\N	4
879	1983	8	87	4
880	2009	16	60	1
881	1979	11	205	4
882	1997	4	21	4
883	1984	3	68	7
884	1998	13	63	7
885	2018	13	98	4
886	2016	4	258	2
887	2001	9	130	4
888	1994	4	298	4
889	2015	3	11	4
890	1995	13	208	4
891	1978	13	16	7
892	1994	13	210	4
893	2014	15	92	2
894	1980	8	280	7
895	1967	13	63	7
896	2015	4	56	7
897	1993	3	13	7
898	1975	13	13	7
899	1990	8	34	4
900	2000	4	316	4
901	1990	8	101	4
902	2000	3	11	4
903	2017	14	75	2
904	1979	12	228	5
905	2017	1	317	2
906	2014	2	24	4
907	2005	8	61	4
908	2017	14	274	2
909	2009	24	318	2
910	2008	8	61	4
911	2006	1	60	1
912	2004	15	319	2
913	1997	24	78	4
914	1997	8	61	4
915	2014	3	34	6
916	2011	2	56	7
917	2018	15	81	4
918	1998	3	105	4
919	1984	19	34	4
920	2016	2	85	2
921	2000	6	26	4
922	N.D.	7	31	9
923	2005	52	320	12
924	2017	15	120	4
925	2008	3	13	7
926	2011	28	321	3
927	N.D.	3	11	4
928	1990	13	262	2
929	2000	10	26	4
930	2016	3	80	4
931	1995	1	322	1
932	2017	4	310	4
933	1993	16	19	5
934	1990	15	183	7
935	N.D.	7	31	9
936	2002	4	215	2
937	2016	2	149	4
938	1991	6	323	4
939	2015	21	230	4
940	2007	3	11	6
941	1997	3	163	7
942	2016	39	324	3
943	1994	4	16	7
944	1974	8	280	2
945	2016	13	325	4
946	1999	1	57	1
947	N.D.	13	50	4
948	2000	3	72	2
949	1999	27	57	1
950	2017	28	69	3
951	1992	4	55	6
952	2017	3	80	4
953	N.D.	7	31	9
954	2002	9	326	2
955	2017	20	327	3
956	2014	3	11	6
957	2016	28	69	3
958	2007	3	155	2
959	1989	13	261	4
960	1990	22	69	3
961	2019	21	328	7
962	2000	3	34	4
963	1999	4	63	7
964	1982	3	329	4
965	2000	13	233	7
966	1990	3	68	7
967	2000	49	69	3
968	1993	3	11	4
969	2016	4	73	4
970	2005	2	330	4
971	2012	11	331	4
972	1994	3	11	4
973	2014	19	332	2
974	2000	3	133	4
975	1980	16	52	8
976	1987	2	333	7
977	1991	13	261	4
978	2013	19	34	4
979	1994	13	19	7
980	2010	8	334	4
981	2015	3	29	4
982	2013	3	29	4
983	2018	11	20	2
984	2000	13	19	7
985	2014	8	61	4
986	N.D.	7	31	9
987	2001	10	26	4
988	2019	42	335	4
989	1998	3	163	7
990	1995	3	336	7
991	2018	3	155	2
992	2018	3	29	6
993	2013	13	13	7
994	1990	4	157	4
995	2017	21	337	7
996	1979	23	338	4
997	1994	16	28	1
998	2015	2	149	4
999	1997	3	133	4
1000	1997	16	28	1
1001	2012	51	40	4
1002	N.D.	7	31	9
1003	2019	11	47	2
1004	N.D.	3	19	7
1005	1990	6	128	4
1006	2010	4	24	4
1007	2016	10	339	4
1008	1965	4	34	4
1009	2008	24	340	4
1010	2000	10	341	4
1011	1999	8	342	4
1012	2019	8	61	4
1013	1992	8	9	4
1014	2007	13	343	4
1015	2005	1	57	1
1016	2015	13	104	4
1017	2017	10	26	4
1018	1988	10	344	5
1019	2002	3	11	4
1020	2004	1	345	1
1021	2013	8	283	4
1022	N.D.	4	24	4
1023	1985	10	346	5
1024	2018	3	29	4
1025	2000	53	52	8
1026	1990	16	347	1
1027	2016	1	\N	4
1028	2014	3	38	7
1029	2017	3	29	4
1030	1997	3	133	4
1031	2001	27	57	1
1032	N.D.	8	31	4
1033	2003	13	215	2
1034	2008	22	86	2
1035	1976	10	16	7
1036	N.D.	3	11	4
1037	1981	4	348	7
1038	1998	3	11	6
1039	2008	8	349	4
1040	1998	4	297	7
1041	2012	54	350	7
1042	2016	35	34	4
1043	2002	2	21	4
1044	1990	13	\N	4
1045	1985	3	34	4
1046	2015	16	345	1
1047	2015	39	351	3
1048	1999	1	60	10
1049	2000	1	57	1
1050	1975	8	280	2
1051	2016	27	52	8
1052	2018	35	352	4
1053	2016	8	61	4
1054	1979	6	353	4
1055	2017	3	29	4
1056	2008	10	\N	7
1057	2017	1	60	10
1058	2017	3	29	4
1059	1995	16	57	1
1060	2017	3	107	7
1061	N.D.	7	31	9
1062	2016	16	1	1
1063	1991	10	354	5
1064	1999	8	61	4
1065	1996	3	355	7
1066	2015	16	64	1
1067	1999	4	21	4
1068	2017	4	73	4
1069	1999	7	19	5
1070	2017	15	95	7
1071	2009	2	21	4
1072	1985	8	118	4
1073	1996	4	63	7
1074	1989	13	63	7
1075	1980	10	121	4
1076	1990	32	13	7
1077	2017	39	69	3
1078	2017	39	313	3
1079	1989	4	356	4
1080	1988	3	11	6
1081	2014	2	24	4
1082	N.D.	7	31	9
1083	1997	55	330	2
1084	1990	3	357	6
1085	1997	3	11	4
1086	1995	4	13	7
1087	1994	8	61	4
1088	1989	8	9	4
1089	2018	15	148	2
1090	2016	42	358	3
1091	2017	56	359	2
1092	2017	3	155	2
1093	2009	11	111	2
1094	1991	8	9	4
1095	2019	20	360	3
1096	2012	42	361	4
1097	N.D.	10	255	7
1098	1997	3	133	4
1099	2014	11	47	2
1100	2017	11	47	2
1101	1994	10	134	2
1102	1990	3	16	7
1103	2009	16	60	1
1104	2017	3	34	4
1105	1983	13	138	2
1106	2016	3	38	7
1107	1974	10	16	7
1108	N.D.	18	362	2
1109	2017	21	34	4
1110	1996	13	363	2
1111	2017	3	48	7
1112	1992	3	16	7
1113	1993	6	152	4
1114	1979	4	34	4
1115	1995	3	63	7
1116	2000	2	364	7
1117	1998	8	34	4
1118	N.D.	19	365	2
1119	1988	8	71	7
1120	2013	3	11	6
1121	N.D.	15	120	4
1122	1998	4	21	4
1123	2017	41	232	4
1124	2018	16	35	5
1125	2002	2	21	4
1126	1997	4	21	4
1127	1989	8	87	4
1128	2015	16	366	1
1129	1990	15	367	2
1130	1991	10	134	2
1131	1999	24	368	4
1132	2017	53	369	4
1133	1969	16	16	7
1134	2011	1	370	4
1135	2018	3	133	4
1136	2016	11	111	2
1137	1990	6	128	4
1138	1990	3	166	4
1139	2018	35	371	4
1140	1999	13	16	7
1141	2016	13	174	7
1142	2016	13	98	4
1143	2017	4	149	4
1144	1990	15	367	2
1145	1990	45	372	2
1146	2013	18	373	4
1147	2018	14	223	4
1148	1975	34	218	2
1149	2002	8	34	4
1150	2004	10	374	4
1151	1991	8	9	4
1152	2018	10	134	7
1153	2013	3	64	7
1154	N.D.	13	129	7
1155	2016	13	98	6
1156	2014	6	167	4
1157	1993	3	16	7
1158	2008	15	375	4
1159	2017	2	73	4
1160	1998	8	9	4
1161	2018	3	29	4
1162	2013	8	61	4
1163	1988	3	11	4
1164	2014	13	215	2
1165	2000	4	63	7
1166	2017	22	376	3
1167	1990	3	29	4
1168	2013	4	73	4
1169	1991	6	6	2
1170	1976	19	34	4
1171	1999	13	129	7
1172	2017	3	29	6
1173	1982	10	13	7
1174	2018	3	133	4
1175	2018	3	29	6
1176	2015	22	89	2
1177	2017	15	199	4
1178	1999	16	377	7
1179	1998	16	57	1
1180	2000	3	11	4
1181	2017	13	36	7
1182	N.D.	13	104	4
1183	2019	4	378	2
1184	2000	10	109	2
1185	2017	3	155	2
1186	1996	16	205	1
1187	1992	13	9	4
1188	1995	12	64	5
1189	1990	10	379	2
1190	2016	16	60	1
1191	1992	3	11	6
1192	2018	8	207	4
1193	2019	3	29	4
1194	1986	13	129	7
1195	2014	11	209	4
1196	1993	6	152	4
1197	2015	24	\N	4
1198	1989	13	261	4
1199	2015	3	34	4
1200	2017	13	98	4
1201	2003	8	44	4
1202	2000	6	130	4
1203	2013	8	61	4
1204	1990	4	258	2
1205	2015	11	34	4
1206	1990	3	11	6
1207	2018	14	223	4
1208	2014	8	61	4
1209	2001	8	44	4
1210	2018	11	111	2
1211	2018	4	24	4
1212	2000	4	380	5
1213	2008	13	381	7
1214	2005	9	285	7
1215	1990	13	210	4
1216	1998	8	34	4
1217	1983	34	34	4
1218	1990	8	382	4
1219	1990	8	34	4
1220	2003	13	84	7
1221	1997	10	134	7
1222	1993	4	63	7
1223	2012	8	61	4
1224	2017	8	383	4
1225	2011	1	384	4
1226	2016	4	149	4
1227	1990	8	61	4
1228	1975	6	216	4
1229	1998	16	28	1
1230	2017	13	98	4
1231	1991	8	34	4
1232	2016	7	44	7
1233	2017	8	9	4
1234	1996	13	231	5
1235	2013	11	94	4
1236	1990	10	385	7
1237	1998	7	195	5
1238	2019	3	29	4
1239	1993	8	9	4
1240	1997	3	386	7
1241	2004	9	\N	7
1242	1998	3	11	4
1243	1970	8	34	4
1244	2018	28	69	3
1245	1998	3	3	2
1246	N.D.	7	31	9
1247	2015	28	173	3
1248	2015	8	61	4
1249	1992	3	11	6
1250	N.D.	28	387	3
1251	2012	8	388	4
1252	1997	1	322	1
1253	2019	28	279	3
1254	1998	6	130	4
1255	N.D.	39	389	3
1256	2011	11	186	4
1257	1984	13	261	4
1258	2003	14	104	4
1259	1986	8	87	4
1260	2018	11	390	2
1261	1999	3	11	4
1262	2010	2	21	4
1263	2008	22	391	4
1264	1993	13	129	7
1265	2011	3	133	4
1266	2017	24	392	4
1267	2019	3	29	4
1268	2011	3	133	4
1269	2012	42	236	4
1270	1979	13	188	4
1271	N.D.	8	\N	4
1272	1990	6	34	4
1273	2016	4	393	2
1274	2017	4	73	4
1275	1999	13	123	4
1276	2000	1	394	1
1277	2011	13	104	4
1278	2010	57	395	2
1279	2004	2	169	4
1280	2016	28	45	3
1281	2018	44	125	3
1282	2001	10	130	4
1283	1978	10	396	4
1284	1992	3	11	4
1285	1998	4	97	4
1286	1984	10	63	7
1287	1994	16	28	1
1288	2018	11	397	2
1289	1997	53	52	8
1290	2014	11	398	2
1291	1976	34	13	7
1292	1974	9	399	7
1293	1997	8	9	4
1294	2016	8	114	4
1295	1982	6	400	4
1296	1992	1	401	10
1297	1990	8	114	4
1298	2009	14	129	7
1299	2009	27	\N	5
1300	2006	22	65	4
1301	2019	35	34	4
1302	2017	8	207	4
1303	2011	16	345	1
1304	1994	3	11	6
1305	1983	34	34	4
1306	2016	15	120	4
1307	1990	8	114	4
1308	2017	22	281	2
1309	2017	1	\N	2
1310	2016	3	12	4
1311	2011	2	402	2
1312	2017	28	69	3
1313	2016	1	\N	4
1314	1980	34	16	7
1315	2012	22	86	2
1316	2012	16	403	1
1317	2018	8	114	4
1318	N.D.	7	270	11
1319	2015	22	65	4
1320	2017	1	60	1
1321	2000	1	366	1
1322	1985	4	16	7
1323	1982	8	118	4
1324	1999	13	231	7
1325	2013	3	38	7
1326	N.D.	3	34	6
1327	2018	8	283	4
1328	1994	10	19	7
1329	2013	13	84	7
1330	2016	13	98	4
1331	1993	16	28	1
1332	2015	8	61	4
1333	2016	3	48	7
1334	2000	10	26	4
1335	1999	13	404	7
1336	2008	22	201	2
1337	1998	3	133	4
1338	2016	9	168	4
1339	2013	22	151	4
1340	1989	3	148	6
1341	2019	58	405	2
1342	N.D.	7	113	2
1343	2001	3	133	4
1344	2003	2	\N	7
1345	1975	13	13	7
1346	2016	15	95	7
1347	2006	13	343	4
1348	2019	24	406	2
1349	2014	15	27	2
1350	2009	15	407	2
1351	1998	4	21	4
1352	1994	13	129	7
1353	1999	8	61	4
1354	2008	6	13	7
1355	1980	15	63	7
1356	2008	13	254	7
1357	1999	13	215	2
1358	1974	10	63	7
1359	2000	4	408	2
1360	1990	24	34	4
1361	1987	13	84	7
1362	2016	1	\N	1
1363	1973	12	52	8
1364	N.D.	15	288	2
1365	2008	16	64	1
1366	2001	8	44	4
1367	N.D.	7	31	9
1368	1994	3	11	6
1369	1982	10	121	4
1370	1999	9	\N	4
1371	2014	11	34	4
1372	2006	38	166	4
1373	1991	6	152	4
1374	1990	4	63	7
1375	2001	3	11	4
1376	2011	22	409	2
1377	2016	14	410	4
1378	2006	2	169	4
1379	2017	3	133	4
1380	2015	27	411	5
1381	2016	24	412	4
1382	2009	3	413	7
1383	2017	3	80	4
1384	1997	6	414	2
1385	2018	3	29	4
1386	2004	32	415	2
1387	N.D.	7	31	9
1388	1997	4	21	4
1389	1996	13	\N	2
1390	1990	22	69	3
1391	2015	22	69	3
1392	N.D.	7	31	9
1393	2017	53	416	4
1394	2017	35	34	4
1395	2000	3	11	4
1396	1998	6	6	2
1397	2018	15	120	4
1398	1987	3	68	7
1399	N.D.	3	29	4
1400	2018	14	70	4
1401	2017	3	29	4
1402	1990	15	92	2
1403	1985	8	87	4
1404	2013	11	94	4
1405	2016	3	80	4
1406	2014	22	69	3
1407	2014	22	86	2
1408	2017	15	95	7
1409	2018	3	48	7
1410	1996	3	11	6
1411	2012	13	104	4
1412	1983	8	87	4
1413	1998	3	48	7
1414	1994	10	134	7
1415	2000	11	28	1
1416	1990	8	9	4
1417	2018	46	\N	4
1418	N.D.	59	417	3
1419	2017	4	149	4
1420	1998	6	130	4
1421	2013	4	112	4
1422	1990	3	80	4
1423	N.D.	7	31	9
1424	1994	4	21	4
1425	2019	3	29	4
1426	2004	3	418	4
1427	1985	3	11	4
1428	1984	4	419	4
1429	1970	13	50	4
1430	2007	1	60	1
1431	1988	13	420	4
1432	2017	1	421	7
1433	1999	13	422	4
1434	2017	19	230	4
1435	1997	1	57	1
1436	N.D.	7	13	11
1437	1990	3	11	4
1438	1990	15	120	4
1439	1998	3	19	7
1440	2019	15	95	7
1441	2014	27	423	5
1442	1992	38	11	4
1443	1998	4	21	4
1444	2012	7	424	1
1445	2007	8	138	7
1446	2010	22	201	2
1447	2001	1	425	2
1448	1996	8	34	4
1449	2006	15	426	4
1450	1992	8	9	4
1451	2007	11	209	4
1452	1992	8	9	6
1453	2015	2	24	4
1454	2005	9	374	4
1455	1993	3	34	6
1456	1994	6	291	2
1457	1991	8	9	4
1458	2017	3	29	6
1459	2019	39	313	3
1460	1971	34	34	4
1461	2004	8	61	4
1462	1982	4	63	7
1463	2017	13	276	7
1464	2017	22	69	3
1465	2013	13	54	2
1466	2014	11	20	2
1467	2014	3	29	6
1468	2016	15	427	2
1469	2017	8	428	4
1470	1990	10	26	4
1471	2004	8	383	4
1472	2018	3	29	4
1473	1995	6	26	4
1474	2017	8	429	2
1475	2015	8	61	4
1476	N.D.	7	31	9
1477	2015	19	216	2
1478	2015	4	112	4
1479	2003	10	26	4
1480	1998	3	16	7
1481	1993	8	9	4
1482	1994	8	34	4
1483	2014	41	430	4
1484	1983	8	34	4
1485	2005	3	11	4
1486	2015	8	40	4
1487	2012	1	345	1
1488	1990	3	13	7
1489	1995	3	11	6
1490	1995	3	11	6
1491	1995	3	11	6
1492	2007	22	89	2
1493	2017	3	29	4
1494	1978	13	228	5
1495	2007	3	431	7
1496	2017	8	279	3
1497	2016	16	347	1
1498	1995	4	258	2
1499	2011	19	365	2
1500	2011	1	35	1
1501	N.D.	7	31	9
1502	2010	22	65	4
1503	1980	10	121	4
1504	2011	8	61	4
1505	2009	16	432	5
1506	2010	15	81	4
1507	2016	16	433	5
1508	1993	16	28	1
1509	2016	2	310	4
1510	1997	13	13	7
1511	2018	16	234	1
1512	1998	32	291	2
1513	2003	2	169	4
1514	1998	13	215	2
1515	2018	11	20	2
1516	2018	3	29	4
1517	2017	3	29	4
1518	2007	13	434	7
1519	1996	15	183	7
1520	2017	51	435	4
1521	1969	4	436	4
1522	1998	4	21	4
1523	1997	13	13	7
1524	2008	3	16	7
1525	2018	3	66	4
1526	2001	6	26	4
1527	2013	3	133	4
1528	2012	3	48	7
1529	N.D.	15	120	4
1530	1990	13	19	4
1531	2009	15	120	4
1532	2013	8	61	4
1533	1999	4	63	7
1534	2008	3	11	4
1535	2009	2	21	4
1536	2018	28	45	3
1537	1979	13	165	4
1538	2018	4	149	4
1539	2015	2	56	7
1540	1991	4	298	4
1541	2013	13	54	2
1542	2017	3	29	4
1543	1989	3	11	4
1544	2019	42	236	4
1545	2013	8	304	4
1546	1995	8	9	4
1547	2005	4	34	4
1548	1997	3	133	4
1549	2000	8	61	4
1550	1993	13	13	7
1551	N.D.	13	163	7
1552	1988	11	63	7
1553	N.D.	16	437	1
1554	1982	11	28	1
1555	2017	9	232	4
1556	1990	13	63	7
1557	1980	13	188	4
1558	2013	15	421	2
1559	1989	3	63	7
1560	1998	3	19	7
1561	1996	6	6	2
1562	1995	4	13	7
1563	2000	10	26	4
1564	1988	10	438	2
1565	2017	13	36	7
1566	1977	10	218	2
1567	2015	4	56	7
1568	2000	2	439	9
1569	2017	13	54	2
1570	2019	1	60	10
1571	2017	22	83	4
1572	1982	8	118	4
1573	N.D.	4	127	7
1574	1997	8	61	4
1575	2016	3	11	6
1576	2014	15	367	2
1577	1991	1	440	10
1578	1983	34	16	7
1579	1991	3	11	6
1580	2004	8	61	4
1581	1979	4	63	7
1582	1997	13	13	7
1583	2013	1	441	4
1584	1999	8	34	4
1585	1999	4	21	4
1586	1986	8	118	4
1587	2015	15	81	4
1588	1972	16	205	10
1589	2017	8	61	4
1590	1976	10	134	7
1591	2017	15	120	4
1592	2017	3	29	4
1593	1984	34	34	4
1594	1968	13	218	2
1595	1997	3	133	4
1596	1990	60	442	11
1597	1997	1	57	1
1598	2017	2	443	7
1599	2010	3	11	6
1600	1991	3	11	4
1601	2009	8	40	4
1602	2001	22	65	4
1603	2016	16	35	1
1604	2012	4	56	7
1605	1976	13	16	7
1606	1996	6	444	2
1607	2013	42	445	2
1608	2018	19	446	4
1609	1994	6	6	2
1610	1998	8	9	4
1611	2007	8	44	4
1612	1986	3	63	7
1613	2000	8	44	4
1614	2001	8	61	4
1615	1993	3	11	6
1616	2016	8	114	4
1617	2015	6	447	1
1618	2016	28	69	3
1619	2017	14	\N	4
1620	2017	13	98	4
1621	1990	13	129	7
1622	1987	6	6	2
1623	1990	8	44	4
1624	1994	8	61	4
1625	2016	3	29	4
1626	2012	8	283	4
1627	1994	8	34	4
1628	2015	8	221	4
1629	1990	4	298	4
1630	N.D.	4	55	4
1631	2017	3	133	4
1632	2017	11	34	4
1633	1992	13	261	4
1634	1992	13	448	4
1635	2010	11	331	4
1636	2006	15	183	7
1637	2010	8	61	4
1638	1989	16	205	10
1639	1991	16	60	10
1640	1992	3	11	6
1641	1998	3	19	7
1642	1979	8	34	4
1643	2005	22	86	2
1644	2009	13	54	2
1645	2000	11	28	1
1646	1984	13	34	4
1647	1999	2	107	7
1648	2017	9	449	7
1649	2009	27	\N	9
1650	1995	13	129	7
1651	1992	8	280	2
1652	1996	16	28	1
1653	2000	13	450	2
1654	2007	15	143	4
1655	2015	10	168	4
1656	2000	13	451	7
1657	2017	4	258	2
1658	2019	28	452	3
1659	2014	3	133	4
1660	1989	3	11	6
1661	2018	3	29	6
1662	1998	1	401	1
1663	1972	10	453	2
1664	2013	8	61	4
1665	2012	22	65	4
1666	2010	8	61	4
1667	1981	4	97	4
1668	2007	13	215	2
1669	1980	27	214	5
1670	2000	27	454	5
1671	2015	8	61	4
1672	2010	13	455	7
1673	2016	3	29	6
1674	N.D.	15	81	4
1675	2017	13	98	4
1676	1993	6	152	4
1677	2018	8	304	4
1678	1991	4	68	7
1679	1972	8	34	4
1680	2013	13	104	4
1681	1990	13	138	7
1682	N.D.	61	285	7
1683	1981	8	118	4
1684	2012	3	456	2
1685	1999	2	333	7
1686	2012	3	80	4
1687	2017	22	457	3
1688	2017	7	458	7
1689	1990	12	52	8
1690	1990	3	11	4
1691	1986	3	68	5
1692	2010	2	21	4
1693	2007	12	164	8
1694	2017	43	51	3
1695	1990	4	19	7
1696	1988	4	459	7
1697	2018	15	120	4
1698	1997	13	174	7
1699	2007	3	64	5
1700	N.D.	13	104	4
1701	2017	15	120	4
1702	N.D.	7	31	9
1703	2015	15	367	2
1704	1977	8	34	4
1705	2017	3	29	4
1706	1992	4	298	4
1707	2014	26	86	2
1708	1991	3	11	6
1709	2009	2	24	4
1710	2017	14	223	4
1711	2016	14	31	4
1712	1990	28	69	3
1713	1993	3	11	4
1714	2018	11	209	4
1715	2016	15	120	4
1716	N.D.	22	460	3
1717	N.D.	7	31	9
1718	1990	13	129	7
1719	2008	12	164	8
1720	N.D.	7	461	5
1721	2011	1	1	1
1722	1990	10	13	7
1723	1991	13	215	2
1724	1993	16	28	1
1725	1998	6	26	4
1726	1992	3	462	5
1727	N.D.	7	31	9
1728	2016	3	29	6
1729	1992	8	34	4
1730	N.D.	39	463	3
1731	N.D.	22	65	4
1732	2017	30	464	4
1733	N.D.	7	430	4
1734	2011	13	104	4
1735	N.D.	22	34	4
1736	2016	13	104	4
1737	1991	4	34	4
1738	2007	8	334	4
1739	1981	10	16	7
1740	2018	3	29	4
1741	1997	1	34	4
1742	2011	11	94	4
1743	2019	16	287	1
1744	1992	3	11	6
1745	1984	10	465	4
1746	1986	4	241	4
1747	N.D.	10	26	4
1748	1980	10	218	2
1749	2009	3	38	7
1750	2016	22	69	3
1751	1982	3	11	6
1752	N.D.	7	31	9
1753	N.D.	15	120	4
1754	1987	3	11	6
1755	2000	7	60	10
1756	N.D.	7	31	9
1757	N.D.	28	466	3
1758	N.D.	10	26	4
1759	2018	24	467	2
1760	N.D.	8	114	4
1761	1995	3	63	7
1762	2009	11	468	2
1763	2000	8	44	4
1764	1999	13	215	2
1765	2018	3	29	4
1766	2018	14	469	2
1767	2017	15	27	2
1768	2004	2	21	4
1769	2018	3	18	5
1770	N.D.	14	470	2
1771	1975	13	71	2
1772	2019	8	304	4
1773	N.D.	2	24	4
1774	N.D.	11	471	4
1775	2015	16	39	1
1776	2015	7	472	1
1777	2012	22	86	2
1778	1980	13	165	4
1779	N.D.	13	84	7
1780	N.D.	8	9	4
1781	2019	1	473	4
1782	2008	16	60	1
1783	1999	13	474	7
1784	1994	4	257	2
1785	2015	13	475	2
1786	2013	8	40	4
1787	N.D.	3	38	7
1788	2015	26	476	3
1789	1990	7	477	4
1790	2009	3	80	4
1791	2019	8	114	4
1792	2011	6	366	1
1793	1993	3	34	4
1794	2017	8	283	4
1795	2018	11	478	2
1796	N.D.	3	19	5
1797	1999	4	55	4
1798	2017	10	479	4
1799	2001	2	2	2
1800	2016	3	29	4
1801	1998	8	34	4
1802	2011	3	11	6
1803	2012	2	24	4
1804	1984	22	480	3
1805	2013	8	207	4
1806	2015	8	114	4
1807	2004	3	12	4
1808	2018	11	122	4
1809	2011	4	481	4
1810	2012	13	215	2
1811	2018	24	482	4
1812	2010	2	21	4
1813	N.D.	2	24	4
1814	2019	19	483	7
1815	1987	3	11	6
1816	2016	1	1	1
1817	2015	42	236	4
1818	1999	4	484	4
1819	2011	16	289	1
1820	2017	14	223	4
1821	1992	13	63	7
1822	2014	8	485	4
1823	2016	1	1	1
1824	N.D.	10	31	7
1825	1993	8	34	4
1826	2010	2	112	4
1827	2016	3	80	6
1828	1984	13	261	4
1829	1990	16	19	5
1830	1997	13	215	2
1831	1989	3	11	4
1832	2017	13	113	2
1833	1982	13	13	7
1834	2016	3	29	4
1835	2014	16	39	1
1836	2013	13	104	4
1837	2011	21	486	4
1838	2016	3	12	4
1839	2018	2	149	4
1840	2004	7	487	2
1841	2018	35	238	4
1842	2009	13	145	2
1843	2017	14	458	4
1844	N.D.	7	488	5
1845	2018	6	287	1
1846	N.D.	7	31	5
1847	2001	20	51	3
1848	1990	3	489	2
1849	1990	4	169	4
1850	N.D.	3	64	7
1851	N.D.	7	5	3
1852	2006	16	447	1
1853	1989	8	9	4
1854	1990	13	319	2
1855	1997	13	63	7
1856	N.D.	28	279	3
1857	1992	4	490	7
1858	2014	32	242	2
1859	N.D.	2	21	4
1860	1985	8	9	4
1861	2015	16	39	1
1862	2013	16	289	1
1863	2016	2	149	4
1864	N.D.	7	31	9
1865	1992	13	448	4
1866	N.D.	13	98	4
1867	1999	3	16	7
1868	2009	11	186	4
1869	N.D.	24	491	4
1870	2017	13	98	4
1871	2018	39	45	3
1872	1982	4	492	7
1873	1986	8	118	4
1874	1990	13	493	4
1875	1995	16	205	1
1876	1992	3	11	4
1877	N.D.	13	98	4
1878	N.D.	28	51	3
1879	1994	13	129	7
1880	2017	8	283	4
1881	1990	13	494	4
1882	1998	13	33	4
1883	2016	3	29	4
1884	2008	8	61	4
1885	N.D.	3	133	4
1886	2014	9	495	4
1887	2006	13	129	7
1888	N.D.	3	11	4
1889	2000	8	71	7
1890	2011	1	1	1
1891	1989	3	421	2
1892	1977	13	188	4
1893	1989	3	496	7
1894	2007	3	16	7
1895	2007	2	497	7
1896	2016	14	70	4
1897	2015	15	81	4
1898	1999	10	19	7
1899	1999	20	69	3
1900	2008	12	52	8
1901	2012	8	61	4
1902	1998	3	11	4
1903	N.D.	2	73	4
1904	2017	15	92	2
1905	1997	1	57	1
1906	2006	4	497	7
1907	2001	3	11	4
1908	1982	10	121	4
1909	2018	13	104	4
1910	2015	24	406	2
1911	N.D.	7	31	9
1912	1995	16	28	1
1913	1986	16	28	1
1914	1992	3	11	4
1915	2018	8	283	4
1916	2016	28	196	3
1917	2012	22	498	3
1918	1975	10	499	5
1919	1986	3	13	7
1920	2008	8	382	4
1921	2008	27	60	10
1922	2015	7	129	7
1923	1988	10	16	7
1924	2018	8	283	4
1925	N.D.	28	321	3
1926	2017	13	98	4
1927	2018	14	70	4
1928	2017	4	85	2
1929	1989	6	128	4
1930	2018	3	133	4
1931	2006	15	319	2
1932	N.D.	3	133	4
1933	2016	3	500	4
1934	N.D.	13	98	4
1935	2017	15	95	7
1936	2015	1	1	1
1937	N.D.	2	501	2
1938	2014	7	472	1
1939	1993	10	152	4
1940	N.D.	7	31	7
1941	N.D.	7	31	9
1942	N.D.	32	242	2
1943	1987	3	11	4
1944	2016	1	1	1
1945	1994	4	258	2
1946	1999	22	65	4
1947	2000	4	502	4
1948	1993	13	420	4
1949	2017	1	441	4
1950	N.D.	10	130	4
1951	2000	9	291	2
1952	N.D.	13	129	7
1953	2017	39	503	3
1954	1994	42	69	3
1955	2009	4	104	4
1956	2014	16	39	1
1957	2012	1	1	1
1958	2002	3	133	4
1959	1997	3	11	4
1960	2017	4	24	4
1961	2014	9	4	2
1962	2017	13	98	4
1963	2018	35	504	4
1964	1998	3	64	7
1965	2015	62	69	3
1966	1999	10	26	4
1967	1981	6	34	4
1968	1998	3	11	4
1969	2011	3	12	4
1970	2015	16	39	1
1971	1992	13	261	4
1972	2017	13	8	5
1973	2018	8	114	4
1974	1988	13	63	7
1975	2011	16	366	1
1976	2009	9	168	4
1977	1992	6	152	4
1978	2019	8	114	4
1979	N.D.	7	31	9
1980	2016	3	12	4
1981	2016	38	80	4
1982	2008	15	120	4
1983	N.D.	10	505	4
1984	N.D.	28	51	3
1985	2018	10	168	4
1986	1997	7	506	7
1987	1990	3	11	6
1988	N.D.	20	51	3
1989	N.D.	43	146	3
1990	2000	8	61	4
1991	1982	10	507	2
1992	2014	3	80	6
1993	2008	3	11	6
1994	N.D.	7	31	9
1995	2015	1	1	1
1996	2000	13	63	7
1997	1982	10	508	4
1998	2019	63	45	3
1999	1990	8	61	4
2000	N.D.	2	21	4
2001	2004	33	509	2
2002	2015	15	92	2
2003	2011	1	1	1
2004	2010	1	510	4
2005	2017	8	114	4
2006	2007	8	511	3
2007	2007	13	123	4
2008	1998	6	26	4
2009	N.D.	7	43	9
2010	2015	3	80	4
2011	2005	51	304	4
2012	N.D.	8	61	4
2013	1993	3	11	4
2014	2018	8	107	7
2015	2011	7	512	2
2016	1970	8	280	2
2017	2017	15	120	4
2018	N.D.	7	31	9
2019	2016	1	513	2
2020	1990	3	63	7
2021	2019	22	86	2
2022	1992	10	134	2
2023	1999	4	68	7
2024	2013	2	24	4
2025	2016	14	75	2
2026	2003	22	201	2
2027	2018	35	514	2
2028	1991	4	157	4
2029	2014	64	515	5
2030	1991	3	11	6
2031	1998	13	516	2
2032	2018	28	69	3
2033	2018	2	24	4
2034	1987	6	291	2
2035	2014	3	517	4
2036	1998	13	129	7
2037	2017	3	29	6
2038	1993	6	152	4
2039	2016	7	475	2
2040	2018	3	48	7
2041	1981	34	34	4
2042	1982	8	118	4
2043	2019	7	\N	4
2044	1982	34	34	4
2045	2019	28	69	3
2046	1999	3	163	5
2047	2016	28	\N	3
2048	2018	15	92	2
2049	2016	19	230	4
2050	2005	8	61	4
2051	N.D.	2	518	4
2052	2018	10	\N	7
2053	2005	2	21	4
2054	2018	22	86	2
2055	N.D.	7	31	13
2056	N.D.	7	31	9
2057	2009	16	\N	5
2058	1991	2	518	4
2059	N.D.	11	\N	4
2060	1979	13	488	7
2061	1999	3	3	2
2062	1981	3	102	7
2063	2017	14	75	2
2064	2017	35	124	4
2065	1997	3	13	7
2066	2012	8	382	4
2067	2016	28	360	3
2068	1980	7	13	7
2069	2018	8	519	4
2070	2014	1	520	2
2071	2019	13	208	4
2072	2009	11	94	4
2073	2018	39	146	3
2074	2018	4	66	4
2075	N.D.	7	43	4
2076	N.D.	65	31	11
2077	2013	2	112	4
2078	N.D.	7	43	9
2079	2018	3	80	4
2080	199	4	172	4
2081	2016	8	114	4
2082	2018	28	69	6
2083	1998	16	28	1
2084	1991	8	9	4
2085	2018	11	20	2
2086	2017	35	124	4
2087	1994	16	205	1
2088	2011	3	11	6
2089	1988	13	84	7
2090	2014	22	86	2
2091	1993	13	261	4
2092	1997	13	521	7
2093	N.D.	13	104	4
2094	N.D.	13	104	4
2095	2017	8	40	4
2096	1993	8	522	4
2097	2018	13	98	4
2098	2016	24	523	4
2099	N.D.	22	279	3
2100	2019	8	221	4
2101	N.D.	2	66	4
2102	2009	15	183	7
2103	2015	11	524	4
2104	2019	21	46	4
2105	2017	24	525	4
2106	2012	14	223	4
2107	2017	10	526	4
2108	1991	13	19	7
2109	N.D.	8	279	3
2110	2006	13	174	7
2111	1990	4	157	4
2112	2017	1	527	4
2113	2002	3	11	4
2114	2016	35	224	4
2115	N.D.	8	118	4
2116	2016	12	528	5
2117	1998	4	63	7
2118	1978	13	13	7
2119	2008	3	12	4
2120	2018	8	114	4
2121	1985	3	11	4
2122	2003	13	292	2
2123	1990	3	29	6
2124	1989	6	128	4
2125	1993	8	71	7
2126	1991	13	13	7
2127	2003	3	166	4
2128	1986	13	261	4
2129	2015	1	1	1
2130	N.D.	32	415	2
2131	N.D.	20	279	3
2132	2017	1	1	1
2133	N.D.	3	13	7
2134	2003	1	1	1
2135	2009	1	1	1
2136	1980	8	34	4
2137	N.D.	8	221	4
2138	2001	13	529	7
2139	N.D.	7	43	9
2140	2000	4	530	4
2141	1994	1	531	8
2142	2016	8	532	3
2143	1968	23	34	4
2144	1998	3	16	7
2145	2000	8	383	4
2146	2017	8	61	4
2147	2017	2	24	4
2148	2009	2	\N	4
2149	1992	13	13	7
2150	2007	3	18	5
2151	2019	3	29	6
2152	2019	1	533	4
2153	2019	38	29	4
2154	2017	14	70	4
2155	2000	1	57	1
2156	2012	20	51	3
2157	2015	2	378	2
2158	N.D.	66	534	3
2159	2005	8	61	4
2160	2000	3	214	7
2161	1999	3	11	4
2162	1984	13	261	4
2163	2006	3	133	4
2164	2013	24	535	4
2165	1995	16	28	1
2166	2018	42	236	4
2167	2000	67	536	3
2168	2017	4	24	4
2169	2013	8	537	7
2170	2016	35	266	4
2171	2012	3	538	4
2172	2016	22	65	4
2173	1990	42	236	4
2174	1990	8	280	2
2175	2018	2	24	4
2176	2016	13	104	4
2177	2018	1	539	5
2178	2013	4	24	4
2179	2017	3	29	4
2180	2005	2	540	4
2181	2013	3	29	4
2182	2000	4	21	4
2183	2009	1	1	1
2184	2016	15	288	2
2185	2012	16	39	1
2186	2008	1	1	1
2187	2018	13	54	2
2188	1993	3	11	4
2189	1994	3	11	6
2190	2003	21	541	4
2191	2012	8	40	4
2192	1990	7	542	7
2193	1997	8	61	4
2194	2015	16	287	1
2195	1997	10	326	2
2196	1990	15	13	7
2197	N.D.	3	11	4
2198	N.D.	28	279	3
2199	1982	4	63	7
2200	N.D.	32	543	2
2201	1999	2	544	7
2202	N.D.	7	31	9
2203	N.D.	32	545	4
2204	2005	8	61	4
2205	2014	8	114	4
2206	N.D.	15	427	2
2207	1999	6	130	4
2208	2019	15	546	7
2209	2015	44	360	3
2210	2017	35	514	2
2211	2016	2	172	4
2212	2008	2	63	7
2213	2001	3	11	4
2214	2019	4	24	4
2215	2006	15	120	4
2216	2019	3	133	4
2217	1981	4	63	7
2218	2019	15	95	7
2219	2000	8	34	4
2220	N.D.	28	51	3
2221	2007	10	547	4
2222	1999	4	21	4
2223	N.D.	7	31	9
2224	1990	22	69	3
2225	2011	22	548	2
2226	1982	16	16	5
2227	1997	3	133	4
2228	1999	4	21	4
2229	2013	8	549	4
2230	2019	22	550	3
2231	N.D.	7	31	8
2232	N.D.	39	146	3
2233	2017	64	551	5
2234	1985	8	552	4
2235	1994	8	34	4
2236	2000	13	68	7
2237	1994	13	261	4
2238	2002	22	65	4
2239	2008	2	21	4
2240	1999	13	84	7
2241	2002	22	65	4
2242	2011	3	11	6
2243	2017	14	410	2
2244	2009	3	16	5
2245	N.D.	4	127	7
2246	1983	13	63	7
2247	1999	4	484	4
2248	2015	16	39	1
2249	1995	2	200	2
2250	1970	6	34	4
2251	N.D.	7	31	9
2252	2012	10	285	7
2253	2005	13	54	2
2254	N.D.	7	31	9
2255	1999	13	129	7
2256	2018	11	20	4
2257	2016	13	98	4
2258	2019	14	70	4
2259	1980	13	553	4
2260	2010	16	289	1
2261	1991	3	11	4
2262	2007	19	42	4
2263	1992	3	11	6
2264	2008	3	458	4
2265	2018	14	554	2
2266	1998	4	21	4
2267	1969	16	64	5
2268	2005	8	44	4
2269	2010	30	120	2
2270	2017	30	120	2
2271	2019	4	149	4
2272	2015	13	210	4
2273	2017	3	31	4
2274	2018	3	11	6
2275	2008	30	319	2
2276	2018	2	66	4
2277	2014	51	304	4
2278	2018	3	80	4
2279	2014	8	114	4
2280	2000	67	555	3
2281	2018	51	264	4
2282	2006	30	92	2
2283	2009	8	556	2
2284	2012	3	557	4
2285	2011	3	11	6
2286	2013	3	29	4
2287	2017	28	69	3
2288	2018	8	9	4
2289	2018	26	86	2
2290	2005	8	558	4
2291	2010	11	186	4
2292	2015	2	149	4
2293	1994	3	11	6
2294	2008	11	186	4
2295	1964	27	16	5
2296	2018	4	66	4
2297	2016	13	104	4
2298	2014	3	105	4
2299	2016	15	120	2
2300	2016	3	29	4
2301	2017	3	29	4
2302	2017	13	98	4
2303	2018	8	114	4
2304	2014	28	69	3
2305	2017	1	559	2
2306	1987	8	34	4
2307	1994	13	261	4
2308	1996	13	68	7
2309	N.D.	7	31	9
2310	2012	4	310	4
2311	2015	6	444	2
2312	2014	4	34	4
2313	2003	13	34	4
2314	2001	12	52	8
2315	2015	16	234	1
2316	2017	8	114	6
2317	N.D.	7	31	9
2318	2017	13	215	2
2319	2000	4	55	4
2320	2011	3	12	4
2321	1990	3	11	6
2322	1990	3	133	4
2323	1990	3	34	6
2324	2014	22	83	4
2325	2016	8	560	2
2326	2009	13	34	4
2327	2013	3	133	4
2328	1998	4	21	4
2329	2008	13	123	4
2330	2013	2	561	2
2331	1996	1	562	1
2332	1980	13	208	4
2333	1982	3	462	7
2334	2017	39	69	3
2335	2017	15	120	4
2336	2015	3	12	4
2337	2016	13	98	4
2338	1980	6	563	4
2339	1982	13	165	4
2340	2017	15	\N	4
2341	2010	19	42	4
2342	1989	10	13	7
2343	1989	3	11	6
2344	1975	8	34	4
2345	2009	1	34	4
2346	1990	3	11	6
2347	1971	23	34	4
2348	2008	4	258	2
2349	N.D.	7	43	9
2350	2009	8	564	2
2351	2014	22	51	3
2352	2006	4	169	4
2353	2013	4	565	4
2354	2011	3	11	4
2355	1981	34	34	4
2356	1989	4	298	4
2357	2008	3	11	4
2358	1988	3	13	7
2359	2011	8	61	4
2360	1994	2	566	2
2361	1991	13	448	4
2362	1982	34	567	7
2363	2010	8	61	4
2364	2016	8	61	4
2365	1980	8	118	4
2366	1990	8	61	4
2367	2000	13	145	2
2368	1998	4	408	2
2369	2018	3	133	4
2370	2000	15	568	7
2371	1992	4	569	4
2372	2017	8	264	4
2373	2015	4	73	4
2374	1981	10	121	4
2375	2013	2	56	7
2376	1988	10	63	7
2377	N.D.	7	31	9
2378	1984	11	63	7
2379	1990	4	55	4
2380	2000	4	19	7
2381	1990	3	11	6
2382	1989	3	570	4
2383	2018	35	571	2
2384	2008	15	120	4
2385	N.D.	7	458	7
2386	2006	8	221	4
2387	2018	22	65	4
2388	2013	11	458	4
2389	1999	6	572	2
2390	2005	15	92	2
2391	2001	8	44	4
2392	2017	3	108	2
2393	2018	3	29	6
2394	2019	22	548	2
2395	2016	7	472	1
2396	1998	16	205	1
2397	N.D.	3	12	4
2398	2004	26	65	4
2399	2003	6	26	4
2400	2018	8	114	4
2401	2018	8	53	2
2402	1998	3	11	4
2403	2018	10	62	4
2404	2018	3	80	4
2405	2006	13	113	2
2406	2016	3	29	4
2407	2018	4	66	4
2408	2018	3	29	4
2409	2012	19	573	4
2410	2017	3	133	4
2411	2013	8	283	4
2412	2018	26	83	7
2413	2017	21	46	4
2414	2014	3	11	6
2415	2010	3	574	7
2416	1992	3	11	4
2417	2014	8	61	4
2418	1979	6	13	7
2419	1993	8	34	4
2420	2017	11	47	2
2421	1999	13	68	7
2422	2013	13	13	7
2423	1983	16	39	5
2424	1989	6	128	4
2425	1990	16	28	1
2426	2012	51	304	4
2427	2000	1	28	1
2428	1989	3	63	7
2429	2019	22	65	4
2430	2019	35	504	4
2431	1979	13	188	4
2432	2014	8	61	4
2433	2016	11	94	4
2434	2005	8	221	4
2435	2010	8	334	4
2436	1990	8	61	4
2437	2010	22	86	2
2438	2005	16	119	1
2439	1990	4	13	7
2440	1999	6	575	2
2441	1996	10	130	4
2442	1994	4	19	7
2443	2013	3	29	4
2444	2019	8	114	4
2445	1988	8	61	4
2446	1989	3	11	4
2447	2013	22	86	2
2448	1989	4	576	4
2449	1999	16	28	1
2450	1989	13	261	4
2451	2016	20	69	3
2452	2019	8	114	4
2453	2017	22	34	4
2454	2000	3	64	5
2455	2017	8	34	4
2456	1997	16	488	7
2457	2018	3	29	4
2458	1994	7	19	5
2459	2002	4	141	4
2460	1989	8	61	4
2461	1983	13	208	4
2462	2018	3	29	6
2463	2013	4	138	7
2464	1994	6	152	4
2465	2003	3	105	4
2466	2013	13	54	2
2467	1977	10	138	2
2468	1990	10	326	2
2469	1988	13	138	2
2470	1980	6	353	4
2471	2000	25	577	4
2472	1977	4	63	7
2473	1993	13	129	7
2474	1976	12	578	5
2475	2000	22	65	4
2476	N.D.	28	579	3
2477	1991	16	28	1
2478	1989	4	298	4
2479	2009	2	127	7
2480	2007	22	86	2
2481	2008	15	120	4
2482	N.D.	7	31	9
2483	2017	15	120	4
2484	2001	2	21	4
2485	2016	13	98	4
2486	2008	15	81	4
2487	N.D.	7	31	9
2488	1987	13	13	7
2489	2018	3	29	6
2490	2001	13	13	7
2491	2018	35	514	2
2492	2014	8	61	4
2493	N.D.	4	24	6
2494	2017	4	149	4
2495	2014	3	29	4
2496	2004	8	44	4
2497	2015	4	85	2
2498	2017	3	29	4
2499	2009	22	86	2
2500	2014	2	24	4
2501	2007	13	113	2
2502	N.D.	32	242	2
2503	2015	32	458	2
2504	2002	3	155	2
2505	2018	15	120	4
2506	2015	3	29	6
2507	2013	3	11	6
2508	2017	3	29	4
2509	2005	4	21	4
2510	2016	18	580	4
2511	2018	3	29	4
2512	2018	3	29	4
2513	2016	16	35	5
2514	2016	22	83	4
2515	2019	4	66	4
2516	2013	3	80	4
2517	2013	15	458	7
2518	2016	8	458	4
2519	2019	22	581	3
2520	2004	19	582	4
2521	2014	13	104	4
2522	2018	22	83	4
2523	2017	22	83	4
2524	2018	35	514	2
2525	2012	3	133	4
2526	2000	22	65	4
2527	2008	8	61	4
2528	2010	13	54	2
2529	2015	3	12	4
2530	N.D.	8	114	4
2531	2016	8	114	4
2532	N.D.	11	583	4
2533	2017	15	120	4
\.


--
-- Data for Name: car_type; Type: TABLE DATA; Schema: public; Owner: admin
--

COPY public.car_type (id, name) FROM stdin;
1	TRANSPORTE PUBLICO
2	CAMIONETA DE PASAJEROS
3	MOTOCICLETA
4	AUTOMOVIL
5	CAMION DE CARGA
6	TAXI
7	CAMIONETA DE CARGA
8	TRAILER
9	N.D.
10	FORANEO
11	BICICLETA
12	OTRO
13	FERROCARRIL
\.


--
-- Data for Name: cause; Type: TABLE DATA; Schema: public; Owner: admin
--

COPY public.cause (id, name) FROM stdin;
1	VIRAR  INDEBIDAMENTE
2	SIN ELEMENTOS
3	EXCEDER LIMITE DE VELOCIDAD
4	NO RESPETAR ALTO DE SEMAFORO
5	NO GUARDAR DISTANCIA DE SEGURIDAD
6	OTRO
7	VEHICULO EN REVERSA
8	SE RESERVA A PERITOS DEL I J C F
9	ARRANCAR CON PASAJE BAJANDO O SUBIENDO
10	NO RESPETAR SEALAMIENTO
11	REBASAR INDEBIDAMENTE
12	INVADIR CARRIL CONTRARIO
13	FALLA MECANICA
\.


--
-- Data for Name: detail; Type: TABLE DATA; Schema: public; Owner: admin
--

COPY public.detail (id, belt, alcohol, amount, injured, consec, conse_g, conse_m, conse_sem, _merge) FROM stdin;
1	\N	\N	\N	\N	\N	750	1530	8642	matched 3
2	\N	\N	\N	\N	\N	\N	2420	24981	matched 3
3	2	\N	\N	\N	\N	32080	33410	16090	matched 3
4	2	\N	\N	\N	15740	15840	17360	1734	matched 3
5	\N	\N	\N	muerto	\N	270	190	12768	matched 3
6	1	\N	\N	\N	\N	6140	7960	13545	matched 3
7	1	\N	\N	\N	\N	30360	31740	15923	matched 3
8	2	\N	\N	\N	\N	32350	33620	16111	matched 3
9	1	\N	\N	\N	\N	2300	4240	13173	matched 3
10	2	\N	\N	\N	15720	15830	16450	22517	matched 3
11	1	\N	\N	\N	\N	24750	26250	15374	matched 3
12	2	\N	\N	\N	\N	29260	30650	15814	matched 3
13	2	\N	\N	\N	17740	17860	18480	22720	matched 3
14	2	\N	\N	herido	\N	4390	6290	13378	matched 3
15	2	\N	\N	\N	\N	11880	13650	14114	matched 3
16	1	\N	\N	\N	\N	22750	24330	15182	matched 3
17	1	\N	\N	\N	\N	26690	28130	15562	matched 3
18	2	\N	\N	\N	12970	13060	13710	22243	matched 3
19	2	\N	\N	\N	19950	20090	20670	22939	matched 3
20	1	\N	\N	\N	25510	25670	26190	23487	matched 3
21	\N	\N	103000	\N	\N	630	39390	3937	matched 3
22	1	\N	\N	\N	\N	6590	8400	13589	matched 3
23	2	\N	\N	\N	1380	1380	2100	21092	matched 3
24	1	\N	\N	\N	19290	19430	20010	22873	matched 3
25	2	\N	\N	\N	29470	29620	30100	23878	matched 3
26	\N	\N	258220	\N	\N	1130	39890	3987	matched 3
27	\N	\N	\N	\N	\N	10	10	8490	matched 3
28	2	\N	\N	\N	6870	6890	7570	21635	matched 3
29	2	\N	\N	\N	16000	16110	16730	22545	matched 3
30	2	\N	\N	\N	31700	31800	32280	24096	matched 3
31	2	\N	\N	\N	19560	19700	20280	22900	matched 3
32	2	\N	\N	\N	28240	28390	28870	23755	matched 3
33	\N	\N	\N	\N	\N	350	940	94	matched 3
34	\N	\N	50000	\N	\N	1350	40110	4009	matched 3
35	\N	\N	\N	\N	\N	690	330	4049	matched 3
36	2	\N	\N	\N	\N	6760	8570	13606	matched 3
37	2	\N	\N	\N	\N	13360	15090	14258	matched 3
38	2	\N	\N	\N	\N	21650	23220	15071	matched 3
39	2	\N	\N	\N	\N	22980	24560	15205	matched 3
40	2	\N	\N	\N	\N	28360	29740	15723	matched 3
41	1	\N	\N	\N	\N	29080	30470	15796	matched 3
42	2	\N	\N	\N	\N	29480	30870	15836	matched 3
43	2	\N	\N	\N	\N	29530	30920	15841	matched 3
44	\N	\N	\N	\N	\N	50	10	16410	matched 3
45	\N	\N	\N	\N	\N	250	370	20921	matched 3
46	2	\N	\N	\N	640	650	1370	21021	matched 3
47	1	\N	\N	\N	27630	27790	28270	23695	matched 3
48	2	\N	\N	\N	33110	33220	33700	24237	matched 3
49	2	\N	\N	\N	35270	35380	35840	24446	matched 3
50	\N	\N	\N	\N	\N	\N	1530	24896	matched 3
51	\N	\N	\N	\N	\N	2450	4390	13188	matched 3
52	1	\N	\N	\N	26050	26210	26730	23541	matched 3
53	2	\N	\N	\N	19990	20130	20710	22943	matched 3
54	2	\N	\N	herido	\N	19440	21020	14851	matched 3
55	\N	\N	\N	\N	\N	150	800	16495	matched 3
56	\N	\N	190000	\N	\N	10	42720	20687	master only 1
57	2	\N	\N	\N	550	550	1270	21011	matched 3
58	2	\N	\N	\N	32890	33000	33480	24215	matched 3
59	\N	\N	\N	\N	\N	\N	1190	24866	matched 3
60	2	\N	\N	\N	33700	33810	34290	24296	matched 3
61	2	\N	\N	\N	31760	31860	32340	24102	matched 3
62	2	\N	\N	\N	35990	36110	36570	24520	matched 3
63	\N	\N	190240	\N	\N	1170	39930	3991	matched 3
64	\N	\N	\N	\N	\N	\N	41970	12686	matched 3
65	1	\N	\N	\N	\N	7850	9640	13713	matched 3
66	2	\N	\N	\N	\N	23730	25320	15281	matched 3
67	1	\N	\N	\N	\N	26890	28340	15583	matched 3
68	2	\N	\N	\N	15800	15910	16530	22525	matched 3
69	2	\N	\N	\N	21940	22090	22670	23139	matched 3
70	\N	\N	\N	herido	\N	\N	2720	25011	matched 3
71	2	\N	\N	\N	\N	21570	23140	15063	matched 3
72	1	\N	\N	\N	\N	25560	27030	15452	matched 3
73	2	\N	\N	\N	1670	1640	2360	21118	matched 3
74	\N	\N	\N	\N	\N	900	530	8542	matched 3
75	2	\N	\N	\N	2510	2510	3230	21201	matched 3
76	2	\N	\N	\N	23650	23810	24370	23309	matched 3
77	1	\N	\N	\N	\N	7150	8960	13645	matched 3
78	2	\N	\N	\N	\N	29860	31260	15875	matched 3
79	2	\N	\N	\N	2490	2490	3210	21199	matched 3
80	\N	\N	212810	\N	\N	110	38870	3885	matched 3
81	2	\N	\N	\N	\N	22450	24030	15152	matched 3
82	1	\N	\N	herido	\N	26850	28300	15579	matched 3
83	2	\N	\N	\N	3150	3140	3860	21264	matched 3
84	2	\N	\N	\N	32320	32430	32910	24159	matched 3
85	2	\N	\N	\N	33890	34000	34480	24315	matched 3
86	\N	\N	\N	\N	\N	\N	2440	24983	matched 3
87	1	\N	\N	\N	30470	30590	31070	23975	matched 3
88	2	\N	\N	\N	\N	6510	8320	13581	matched 3
89	1	\N	\N	\N	\N	29040	30430	15792	matched 3
90	2	\N	\N	muerto	\N	9880	11670	13916	master only 1
91	2	\N	\N	\N	17050	17170	17790	22651	matched 3
92	\N	\N	\N	\N	33250	33360	33840	24251	matched 3
93	\N	\N	399090	\N	\N	1490	44190	20834	matched 3
94	1	\N	\N	\N	\N	17050	18660	14615	matched 3
95	1	\N	\N	\N	1320	1320	2040	21086	matched 3
96	2	\N	\N	\N	\N	6630	8440	13593	matched 3
97	1	\N	\N	\N	880	880	1600	21044	matched 3
98	1	\N	\N	\N	3560	3550	4270	21305	matched 3
99	1	\N	\N	\N	24810	24970	25530	23425	matched 3
100	\N	\N	\N	herido	\N	\N	1890	24930	matched 3
101	2	\N	\N	\N	22790	22950	23510	23223	matched 3
102	\N	\N	\N	\N	\N	970	1750	175	matched 3
103	2	\N	\N	\N	19020	19160	19740	22846	matched 3
104	\N	\N	320100	\N	\N	70	38830	3881	matched 3
105	1	\N	\N	\N	\N	3390	5330	13282	matched 3
106	2	\N	\N	\N	\N	19310	20890	14838	matched 3
107	2	\N	\N	\N	25380	25540	26060	23474	matched 3
108	1	\N	\N	\N	21290	21440	22020	23074	matched 3
109	2	\N	\N	\N	\N	7740	9530	13702	matched 3
110	\N	\N	\N	\N	\N	490	180	16427	matched 3
111	1	\N	\N	\N	29530	29680	30160	23884	matched 3
112	1	\N	\N	\N	\N	32040	33370	16086	matched 3
113	\N	\N	168000	\N	\N	70	37060	24569	matched 3
114	2	\N	\N	\N	\N	7580	9390	13688	matched 3
115	2	\N	\N	\N	\N	28920	30310	15780	matched 3
116	2	\N	\N	\N	\N	28940	30330	15782	matched 3
117	2	\N	\N	\N	34370	34480	34940	24361	matched 3
118	\N	\N	\N	herido	\N	\N	2620	25001	matched 3
119	2	\N	\N	\N	\N	10610	12400	13989	matched 3
120	2	\N	\N	\N	31860	31960	32440	24112	matched 3
121	2	\N	\N	herido	\N	2040	3980	13147	matched 3
122	\N	\N	59000	\N	\N	1430	44130	20828	matched 3
123	1	\N	\N	\N	\N	21240	22810	15030	matched 3
124	\N	\N	\N	\N	\N	\N	140	24774	matched 3
125	\N	\N	91380	\N	\N	1250	40010	3999	matched 3
126	2	\N	\N	\N	\N	5210	7060	13455	matched 3
127	2	\N	\N	\N	\N	26340	27810	15530	matched 3
128	1	\N	\N	\N	\N	33260	34490	16198	master only 1
129	\N	\N	\N	\N	\N	190	840	16499	matched 3
130	2	\N	\N	\N	12270	12360	13010	22173	matched 3
131	2	\N	\N	\N	\N	2810	4750	13224	matched 3
132	2	\N	\N	\N	\N	29020	30410	15790	matched 3
133	2	\N	\N	\N	\N	32900	34130	16162	matched 3
134	2	\N	\N	\N	21340	21490	22070	23079	matched 3
135	2	\N	\N	\N	26980	27140	27660	23634	matched 3
136	2	\N	\N	\N	32250	32360	32840	24152	matched 3
137	2	\N	\N	\N	11430	11530	12180	22090	matched 3
138	\N	\N	\N	\N	\N	200	810	12830	matched 3
139	2	\N	\N	\N	\N	1590	3530	13102	matched 3
140	2	\N	\N	\N	\N	10380	12170	13966	matched 3
141	2	\N	\N	\N	\N	19480	21060	14855	matched 3
142	2	\N	\N	\N	\N	28390	29770	15726	matched 3
143	\N	\N	\N	\N	\N	10	630	16478	matched 3
144	1	\N	\N	\N	22680	22840	23400	23212	matched 3
145	1	\N	\N	\N	23200	23360	23920	23264	matched 3
146	1	\N	\N	\N	25750	25910	26430	23511	matched 3
147	2	\N	\N	\N	35120	35230	35690	24431	matched 3
148	\N	\N	\N	herido	\N	\N	250	24783	matched 3
149	\N	\N	\N	\N	\N	\N	2550	24994	matched 3
150	\N	\N	\N	\N	\N	470	320	12781	matched 3
151	2	\N	\N	\N	\N	9060	10850	13834	matched 3
152	\N	\N	\N	\N	\N	11380	13150	14064	matched 3
153	2	\N	\N	\N	\N	11420	13190	14068	matched 3
154	2	\N	\N	\N	\N	16460	18110	14560	matched 3
155	2	\N	\N	\N	\N	24710	26210	15370	matched 3
156	2	\N	\N	\N	20290	20430	21010	22973	matched 3
157	2	\N	\N	\N	25790	25950	26470	23515	matched 3
158	2	\N	\N	\N	28310	28460	28940	23762	matched 3
159	2	\N	\N	\N	36370	36490	36950	24558	matched 3
160	2	\N	\N	\N	15500	15590	17110	1709	matched 3
161	2	\N	\N	\N	1630	1650	3410	341	matched 3
162	1	\N	\N	\N	18210	18320	19840	1982	matched 3
163	2	\N	\N	\N	18940	19050	20530	2051	matched 3
164	2	\N	\N	\N	19180	19290	20770	2075	matched 3
165	2	\N	\N	\N	19670	19780	21260	2124	matched 3
166	2	\N	\N	\N	28340	28510	29830	2981	matched 3
167	2	\N	\N	\N	28380	28550	29870	2985	matched 3
168	2	\N	\N	\N	33230	33400	34680	3466	matched 3
169	2	\N	\N	\N	33270	33440	34720	3470	matched 3
170	\N	\N	\N	\N	17210	17190	18580	10347	matched 3
171	1	\N	\N	\N	18750	18860	20340	2032	matched 3
172	2	\N	\N	\N	31950	32140	33420	3340	matched 3
173	2	\N	\N	\N	37070	37250	38370	3835	matched 3
174	2	\N	\N	\N	\N	13030	14570	5473	matched 3
175	\N	\N	\N	\N	30120	30210	31270	11616	matched 3
176	\N	\N	\N	\N	33050	33150	34200	11909	master only 1
177	\N	\N	\N	\N	4330	4280	5830	9072	matched 3
178	\N	\N	\N	\N	20960	20980	22260	10715	matched 3
179	1	\N	\N	\N	1350	1390	2630	16678	matched 3
180	2	\N	\N	\N	1370	1410	2650	16680	matched 3
181	\N	\N	\N	\N	33130	33230	34280	11917	matched 3
182	\N	\N	\N	muerto	760	770	2050	16620	matched 3
183	2	\N	\N	\N	18410	18500	19570	18373	matched 3
184	1	\N	\N	\N	23480	23450	24400	18856	master only 1
185	2	\N	\N	herido	41830	41570	42470	20662	matched 3
186	1	\N	\N	\N	13930	14020	15540	1552	matched 3
187	2	\N	\N	\N	28520	28700	30020	3000	matched 3
188	2	\N	\N	\N	29590	29780	31100	3108	matched 3
189	2	\N	\N	\N	35880	36050	37210	3719	matched 3
190	1	\N	\N	\N	\N	4610	6220	4638	matched 3
191	2	\N	\N	\N	\N	9800	11380	5154	matched 3
192	\N	\N	\N	\N	37150	37240	38310	12320	matched 3
193	2	\N	\N	\N	10320	10360	11520	17567	matched 3
194	\N	\N	\N	\N	37470	37560	38630	12352	matched 3
195	2	\N	\N	\N	20010	19980	21010	18517	master only 1
196	2	\N	\N	\N	14770	14830	15990	18014	matched 3
197	2	\N	\N	\N	19460	19570	21050	2103	matched 3
198	2	\N	\N	\N	2080	2100	3860	384	matched 3
199	1	\N	\N	\N	5640	5670	7430	741	matched 3
200	2	\N	\N	\N	29460	29650	30970	3095	master only 1
201	2	\N	\N	\N	\N	9970	11550	5171	matched 3
202	1	\N	\N	\N	\N	10010	11590	5175	matched 3
203	1	\N	\N	\N	\N	13230	14770	5493	matched 3
204	2	\N	\N	\N	\N	17120	18640	5880	matched 3
205	2	\N	\N	\N	\N	18570	20110	6027	matched 3
206	2	\N	\N	\N	\N	18610	20150	6031	matched 3
207	1	\N	\N	\N	\N	20090	21630	6179	matched 3
208	2	\N	\N	\N	\N	28230	29720	6988	matched 3
209	1	\N	\N	\N	\N	37360	38790	7895	matched 3
210	2	\N	\N	\N	\N	38260	39660	7982	matched 3
211	2	\N	\N	\N	\N	38280	39680	7984	master only 1
212	\N	\N	\N	\N	13280	13280	14720	9961	matched 3
213	\N	\N	\N	\N	18810	18800	20190	10508	master only 1
214	\N	\N	\N	\N	21450	21470	22720	10761	matched 3
215	\N	\N	\N	\N	25980	26040	27150	11204	matched 3
216	\N	\N	\N	\N	37070	37160	38230	12312	matched 3
217	2	\N	\N	\N	10640	10680	11840	17599	matched 3
218	1	\N	\N	\N	13040	13090	14250	17840	matched 3
219	2	\N	\N	\N	14630	14690	15850	18000	matched 3
220	1	\N	\N	\N	15750	15840	16980	18113	matched 3
221	1	\N	\N	\N	19540	19520	20550	18471	matched 3
222	1	\N	\N	\N	22840	22810	23760	18792	matched 3
223	2	\N	\N	\N	24210	24180	25130	18929	matched 3
224	1	\N	\N	\N	38770	38450	39350	20350	matched 3
225	2	\N	\N	\N	\N	22550	24060	6422	matched 3
226	2	\N	\N	\N	29530	29720	31040	3102	matched 3
227	1	\N	\N	\N	34010	34180	35410	3539	matched 3
228	2	\N	\N	\N	\N	16160	17680	5784	matched 3
229	\N	\N	\N	\N	750	750	2330	8722	matched 3
230	\N	\N	\N	\N	8940	8900	10380	9527	matched 3
231	\N	\N	\N	\N	16560	16530	17920	10281	matched 3
232	1	\N	\N	\N	16370	16480	18000	1798	matched 3
233	2	\N	\N	\N	\N	30730	32180	7234	matched 3
234	\N	\N	\N	\N	13530	13530	14970	9986	matched 3
235	2	\N	\N	\N	14350	14410	15570	17972	matched 3
236	1	\N	\N	\N	24030	24190	25510	2549	matched 3
237	1	\N	\N	\N	26200	26360	27680	2766	matched 3
238	2	\N	\N	\N	36550	36720	37880	3786	matched 3
239	1	\N	\N	\N	\N	10980	12580	5274	matched 3
240	2	\N	\N	\N	\N	26290	27830	6799	matched 3
241	2	\N	\N	\N	\N	28830	30330	7049	matched 3
242	2	\N	\N	\N	\N	41160	42490	8265	matched 3
243	\N	\N	\N	\N	640	640	2220	8711	master only 1
244	\N	\N	\N	\N	9660	9620	11110	9600	matched 3
245	\N	\N	\N	\N	13650	13650	15090	9998	matched 3
246	\N	\N	\N	\N	14450	14400	15830	10072	matched 3
247	\N	\N	\N	\N	31450	31550	32600	11749	matched 3
248	\N	\N	\N	\N	33240	33340	34430	11932	matched 3
249	\N	\N	\N	\N	35940	36030	37100	12199	matched 3
250	2	\N	\N	\N	11590	11630	12790	17694	matched 3
251	2	\N	\N	\N	28130	28020	28930	19309	master only 1
252	1	\N	\N	\N	3470	3490	5250	523	matched 3
253	2	\N	\N	\N	5480	5510	7270	725	matched 3
254	2	\N	\N	\N	21430	21560	22950	2293	matched 3
255	2	\N	\N	\N	\N	17880	19410	5957	matched 3
256	\N	\N	\N	\N	9420	9380	10860	9575	matched 3
257	\N	\N	\N	\N	12130	12130	13580	9847	matched 3
258	\N	\N	\N	\N	25360	25400	26540	11143	master only 1
259	\N	\N	\N	\N	35000	35100	36170	12106	master only 1
260	1	\N	\N	\N	9020	9060	10220	17437	matched 3
261	1	\N	\N	\N	10930	10970	12130	17628	matched 3
262	2	\N	\N	\N	11980	12020	13180	17733	matched 3
263	1	\N	\N	\N	14920	14980	16140	18029	matched 3
264	2	\N	\N	\N	17010	17090	18200	18235	matched 3
265	2	\N	\N	\N	27510	27430	28340	19250	matched 3
266	2	\N	\N	\N	32030	31800	32700	19686	matched 3
267	2	\N	\N	\N	34950	34630	35530	19969	matched 3
268	1	\N	\N	\N	37190	36870	37770	20191	matched 3
269	2	\N	\N	\N	37200	36880	37780	20192	matched 3
270	2	\N	\N	muerto	14540	14600	15760	17991	matched 3
271	2	\N	\N	\N	30780	30970	32250	3223	matched 3
272	2	\N	\N	\N	\N	35480	36940	7710	matched 3
273	2	\N	\N	herido	5410	5440	7200	718	matched 3
274	2	\N	\N	\N	\N	35720	37180	7734	matched 3
275	2	\N	\N	\N	\N	38200	39600	7976	matched 3
276	\N	\N	\N	\N	700	700	2280	8717	matched 3
277	\N	\N	\N	\N	2860	2870	4440	8933	master only 1
278	\N	\N	\N	\N	5020	4960	6510	9140	matched 3
279	2	\N	\N	\N	8070	8090	9290	17344	master only 1
280	2	\N	\N	\N	22580	22550	23500	18766	matched 3
281	1	\N	\N	\N	13480	13570	15090	1507	master only 1
282	2	\N	\N	\N	18790	18900	20380	2036	matched 3
283	2	\N	\N	\N	30520	30710	31990	3197	matched 3
284	2	\N	\N	\N	\N	3560	5150	4531	matched 3
285	2	\N	\N	\N	\N	17500	19020	5918	matched 3
286	1	\N	\N	\N	\N	29580	31060	7122	matched 3
287	\N	\N	\N	\N	2250	2260	3830	8872	matched 3
288	\N	\N	\N	\N	17390	17370	18760	10365	matched 3
289	2	\N	\N	\N	4530	4600	5800	16995	matched 3
290	2	\N	\N	\N	22460	22430	23380	18754	matched 3
291	2	\N	\N	\N	24690	24630	25580	18974	matched 3
292	2	\N	\N	\N	28410	28270	29180	19334	matched 3
293	2	\N	\N	\N	38040	37720	38620	20276	matched 3
294	\N	\N	\N	\N	23130	23140	24360	10925	matched 3
295	\N	\N	\N	\N	15300	15250	16640	10153	master only 1
296	\N	\N	\N	\N	36130	36220	37290	12218	master only 1
297	2	\N	\N	\N	6300	6310	7510	17166	matched 3
298	2	\N	\N	\N	11580	11660	13220	1320	matched 3
299	2	\N	\N	\N	17210	17320	18840	1882	matched 3
300	2	\N	\N	\N	\N	2430	3990	4415	matched 3
301	2	\N	\N	\N	\N	11190	12790	5295	matched 3
302	2	\N	\N	\N	\N	18960	20500	6066	matched 3
303	2	\N	\N	\N	\N	27170	28710	6887	matched 3
304	1	\N	\N	\N	\N	30330	31830	7199	matched 3
305	2	\N	\N	\N	\N	30700	32150	7231	matched 3
306	2	\N	\N	\N	\N	30780	32230	7239	matched 3
307	\N	\N	\N	\N	28380	28460	29520	11441	matched 3
308	2	\N	\N	\N	7940	7960	9160	17331	matched 3
309	2	\N	\N	\N	9710	9740	10900	17505	matched 3
310	2	\N	\N	\N	20530	20500	21490	18565	matched 3
311	1	\N	\N	\N	20760	20730	21680	18584	matched 3
312	2	\N	\N	\N	23520	23490	24440	18860	matched 3
313	2	\N	\N	\N	34260	33960	34860	19902	matched 3
314	1	\N	\N	\N	39020	38700	39600	20375	matched 3
315	2	\N	\N	\N	\N	2220	3780	4394	matched 3
316	\N	\N	\N	\N	26020	26080	27170	11206	matched 3
317	2	\N	\N	\N	19860	19830	20860	18502	matched 3
318	1	\N	\N	\N	21850	21810	22760	18692	matched 3
319	2	\N	\N	\N	33760	33460	34360	19852	matched 3
320	2	\N	\N	\N	41970	41710	42610	20676	matched 3
321	2	\N	\N	\N	2540	2560	4320	430	matched 3
322	1	\N	\N	\N	13610	13700	15220	1520	matched 3
323	2	\N	\N	\N	34120	34290	35520	3550	matched 3
324	1	\N	\N	\N	37130	37310	38430	3841	matched 3
325	1	\N	\N	\N	\N	1580	3180	4334	matched 3
326	1	\N	\N	\N	\N	2150	3710	4387	matched 3
327	2	\N	\N	\N	\N	6480	8090	4825	matched 3
328	2	\N	\N	\N	\N	8620	10210	5037	matched 3
329	2	\N	\N	\N	\N	17800	19330	5949	matched 3
330	2	\N	\N	\N	\N	18280	19810	5997	matched 3
331	2	\N	\N	\N	\N	18300	19830	5999	matched 3
332	2	\N	\N	\N	\N	19750	21300	6146	matched 3
333	2	\N	\N	\N	\N	27050	28590	6875	matched 3
334	2	\N	\N	\N	\N	29250	30750	7091	matched 3
335	2	\N	\N	\N	\N	32970	34410	7457	matched 3
336	2	\N	\N	\N	\N	33190	34630	7479	matched 3
337	2	\N	\N	\N	\N	33890	35340	7550	matched 3
338	2	\N	\N	\N	\N	35440	36900	7706	matched 3
339	2	\N	\N	\N	\N	41890	43230	8339	matched 3
340	\N	\N	\N	\N	9990	9960	11440	9633	matched 3
341	\N	\N	\N	\N	19700	19690	21010	10590	matched 3
342	\N	\N	\N	\N	26470	26540	27640	11253	matched 3
343	\N	\N	\N	\N	27760	27840	28940	11383	matched 3
344	\N	\N	\N	\N	37700	37790	38860	12375	matched 3
345	1	\N	\N	\N	3950	4020	5220	16937	matched 3
346	2	\N	\N	\N	27190	27110	28020	19218	matched 3
347	2	\N	\N	\N	30970	30730	31600	19576	matched 3
348	1	\N	\N	\N	38120	37800	38700	20284	matched 3
349	2	\N	\N	\N	39470	39150	40050	20420	matched 3
350	2	\N	\N	\N	24310	24470	25790	2577	matched 3
351	1	\N	\N	\N	24870	25030	26350	2633	matched 3
352	1	\N	\N	\N	\N	12820	14360	5452	matched 3
353	1	\N	\N	\N	\N	17810	19340	5950	matched 3
354	2	\N	\N	\N	\N	21660	23210	6337	matched 3
355	2	\N	\N	\N	\N	21700	23250	6341	matched 3
356	2	\N	\N	\N	\N	30640	32090	7225	matched 3
357	2	\N	\N	herido	\N	31420	32880	7304	matched 3
358	1	\N	\N	\N	\N	39320	40700	8086	matched 3
359	2	\N	\N	\N	\N	40860	42200	8236	matched 3
360	\N	\N	\N	\N	2150	2160	3730	8862	matched 3
361	\N	\N	\N	\N	2200	2210	3780	8867	matched 3
362	\N	\N	\N	\N	13110	13110	14550	9944	matched 3
363	\N	\N	\N	\N	24540	24570	25790	11068	master only 1
364	\N	\N	\N	\N	26500	26580	27680	11257	matched 3
365	2	\N	\N	\N	2970	3030	4270	16842	matched 3
366	2	\N	\N	\N	8740	8770	9930	17408	matched 3
367	2	\N	\N	\N	11310	11350	12510	17666	matched 3
368	2	\N	\N	\N	20460	20430	21420	18558	matched 3
369	2	\N	\N	\N	36040	35720	36620	20078	matched 3
370	1	\N	\N	\N	41510	41240	42140	20629	matched 3
371	2	\N	\N	\N	41550	41280	42180	20633	matched 3
372	2	\N	\N	\N	3060	3080	4840	482	matched 3
373	2	\N	\N	\N	\N	23420	24950	6511	matched 3
374	\N	\N	\N	\N	17690	17670	19060	10395	matched 3
375	2	\N	\N	\N	35800	35480	36380	20054	matched 3
376	1	\N	\N	\N	3980	4000	5760	574	matched 3
377	2	\N	\N	\N	\N	6950	8560	4872	matched 3
378	2	\N	\N	\N	\N	14850	16370	5653	matched 3
379	\N	\N	\N	\N	20010	20010	21290	10618	matched 3
380	\N	\N	\N	\N	2330	2370	3610	16776	matched 3
381	2	\N	\N	\N	17330	17440	18960	1894	matched 3
382	2	\N	\N	\N	20160	20270	21750	2173	matched 3
383	2	\N	\N	\N	34650	34330	35230	19939	matched 3
384	2	\N	\N	\N	\N	36850	38280	7844	matched 3
385	2	\N	\N	\N	29980	29720	30630	19479	master only 1
386	2	\N	\N	\N	3360	3380	5140	512	matched 3
387	2	\N	\N	\N	31120	31310	32590	3257	matched 3
388	2	\N	\N	\N	\N	7590	9180	4934	matched 3
389	2	\N	\N	\N	\N	18650	20190	6035	matched 3
390	2	\N	\N	\N	\N	22870	24390	6455	matched 3
391	2	\N	\N	\N	\N	25180	26700	6686	matched 3
392	\N	\N	\N	\N	\N	26060	27610	6777	matched 3
393	\N	\N	\N	herido	\N	40330	41680	8184	master only 1
394	2	\N	\N	\N	\N	41360	42700	8286	matched 3
395	\N	\N	\N	\N	1260	1270	2840	8773	matched 3
396	\N	\N	\N	\N	11640	11620	13100	9799	matched 3
397	\N	\N	\N	\N	12740	12740	14190	9908	matched 3
398	\N	\N	\N	\N	21830	21830	23040	10793	matched 3
399	\N	\N	\N	\N	26610	26690	27790	11268	matched 3
400	1	\N	\N	\N	1450	1490	2730	16688	matched 3
401	2	\N	\N	\N	8980	9020	10180	17433	matched 3
402	1	\N	\N	\N	11770	11810	12970	17712	matched 3
403	2	\N	\N	\N	35840	35520	36420	20058	matched 3
404	2	\N	\N	\N	40050	39740	40640	20479	matched 3
405	2	\N	\N	\N	20890	21020	22410	2239	matched 3
406	2	\N	\N	\N	\N	20380	21920	6208	master only 1
407	\N	\N	\N	\N	32950	33050	34100	11899	matched 3
408	2	\N	\N	\N	20930	20900	21850	18601	matched 3
409	1	\N	\N	\N	24520	24490	25440	18960	master only 1
410	\N	\N	\N	\N	2680	2690	4260	8915	matched 3
411	2	\N	\N	\N	5560	5590	7350	733	matched 3
412	2	\N	\N	\N	19510	19620	21100	2108	master only 1
413	2	\N	\N	\N	36100	36270	37430	3741	matched 3
414	\N	\N	\N	\N	\N	12420	13960	5412	matched 3
415	2	\N	\N	\N	\N	16030	17550	5771	matched 3
416	2	\N	\N	\N	\N	17000	18520	5868	matched 3
417	2	\N	\N	\N	\N	20210	21750	6191	matched 3
418	2	\N	\N	\N	\N	38350	39750	7991	matched 3
419	\N	\N	\N	\N	20210	20220	21500	10639	matched 3
420	\N	\N	\N	\N	37860	37950	39020	12391	matched 3
421	1	\N	\N	\N	320	320	1600	16575	matched 3
422	2	\N	\N	\N	1720	1760	3000	16715	master only 1
423	2	\N	\N	\N	9480	9510	10670	17482	matched 3
424	2	\N	\N	\N	15570	15660	16800	18095	matched 3
425	2	\N	\N	\N	18050	18120	19190	18335	matched 3
426	2	\N	\N	\N	20810	20940	22330	2231	matched 3
427	2	\N	\N	\N	28650	28830	30150	3013	matched 3
428	1	\N	\N	\N	12450	12490	13650	17780	matched 3
429	1	\N	\N	\N	\N	12570	14110	5427	matched 3
430	\N	\N	\N	herido	\N	13680	15220	5538	matched 3
431	2	\N	\N	\N	\N	22200	23710	6387	matched 3
432	\N	\N	\N	\N	31090	31200	32240	11713	matched 3
433	2	\N	\N	herido	11490	11570	13130	1311	matched 3
434	2	\N	\N	\N	21880	22020	23360	2334	matched 3
435	\N	\N	\N	\N	10230	10210	11690	9658	master only 1
436	\N	\N	\N	\N	16680	16650	18040	10293	matched 3
437	2	\N	\N	\N	1410	1430	3190	319	matched 3
438	2	\N	\N	\N	1500	1520	3280	328	matched 3
439	2	\N	\N	\N	2310	2330	4090	407	matched 3
440	2	\N	\N	\N	3280	3300	5060	504	matched 3
441	2	\N	\N	\N	8060	8110	9800	978	matched 3
442	2	\N	\N	\N	8180	8230	9920	990	matched 3
443	2	\N	\N	\N	8540	8590	10280	1026	matched 3
444	2	\N	\N	\N	18090	18200	19720	1970	matched 3
445	2	\N	\N	\N	18360	18470	19950	1993	matched 3
446	2	\N	\N	\N	19870	19980	21460	2144	matched 3
447	2	\N	\N	\N	19990	20100	21580	2156	matched 3
448	2	\N	\N	herido	20030	20140	21620	2160	matched 3
449	2	\N	\N	\N	21150	21280	22670	2265	matched 3
450	2	\N	\N	\N	21580	21710	23100	2308	matched 3
451	2	\N	\N	\N	26020	26180	27500	2748	matched 3
452	2	\N	\N	\N	\N	5220	6830	4699	matched 3
453	2	\N	\N	\N	\N	18690	20230	6039	matched 3
454	2	\N	\N	\N	\N	20010	21550	6171	matched 3
455	2	\N	\N	\N	\N	32790	34230	7439	matched 3
456	2	\N	\N	\N	\N	35630	37090	7725	matched 3
457	2	\N	\N	\N	\N	36580	38010	7817	matched 3
458	\N	\N	\N	\N	2560	2570	4140	8903	matched 3
459	\N	\N	\N	\N	3870	3820	5370	9026	matched 3
460	\N	\N	\N	\N	3910	3860	5410	9030	matched 3
461	\N	\N	\N	\N	7930	7890	9370	9426	matched 3
462	\N	\N	\N	\N	11540	11520	13000	9789	matched 3
463	\N	\N	\N	\N	14490	14440	15870	10076	matched 3
464	\N	\N	\N	\N	18920	18910	20300	10519	matched 3
465	\N	\N	\N	herido	19790	19780	21100	10599	master only 1
466	\N	\N	\N	\N	23080	23090	24310	10920	matched 3
467	\N	\N	\N	\N	30280	30390	31450	11634	matched 3
468	\N	\N	\N	\N	30320	30430	31490	11638	matched 3
469	\N	\N	\N	\N	34660	34760	35830	12072	matched 3
470	\N	\N	\N	\N	39780	39880	40910	12580	matched 3
471	2	\N	\N	\N	19260	19240	20270	18443	matched 3
472	2	\N	\N	\N	26110	26050	26960	19112	matched 3
473	2	\N	\N	\N	30590	30330	31240	19540	matched 3
474	2	\N	\N	\N	33930	33630	34530	19869	matched 3
475	2	\N	\N	\N	36200	35880	36780	20094	matched 3
476	2	\N	\N	\N	39110	38790	39690	20384	matched 3
477	\N	\N	\N	\N	21720	21680	22630	18679	matched 3
478	1	\N	\N	\N	\N	38160	39560	7972	matched 3
479	2	\N	\N	\N	7100	7110	8310	17246	matched 3
480	1	\N	\N	\N	29260	29000	29910	19407	matched 3
481	2	\N	\N	\N	23930	24090	25410	2539	matched 3
482	2	\N	\N	\N	\N	3330	4910	4507	matched 3
483	2	\N	\N	herido	\N	18350	19880	6004	matched 3
484	2	\N	\N	\N	\N	31830	33290	7345	matched 3
485	\N	\N	\N	\N	26370	26440	27540	11243	matched 3
486	2	\N	\N	\N	31250	31440	32720	3270	matched 3
487	2	\N	\N	\N	7560	7610	9300	928	master only 1
488	2	\N	\N	\N	2630	2650	4410	439	matched 3
489	2	\N	\N	\N	15300	15390	16910	1689	matched 3
490	2	\N	\N	\N	35420	35590	36820	3680	matched 3
491	2	\N	\N	\N	\N	70	1660	4182	matched 3
492	2	\N	\N	\N	\N	10170	11750	5191	matched 3
493	2	\N	\N	\N	\N	26210	27750	6791	matched 3
494	2	\N	\N	\N	\N	29080	30580	7074	matched 3
495	2	\N	\N	\N	\N	39280	40660	8082	matched 3
496	\N	\N	\N	\N	34810	34910	35980	12087	matched 3
497	\N	\N	\N	\N	2350	2390	3650	16780	matched 3
498	2	\N	\N	\N	22940	23090	24410	2439	matched 3
499	2	\N	\N	\N	2500	2520	4280	426	matched 3
500	2	\N	\N	herido	7780	7830	9520	950	matched 3
501	2	\N	\N	\N	24410	24570	25890	2587	matched 3
502	2	\N	\N	\N	\N	11610	13210	5337	matched 3
503	\N	\N	\N	\N	4270	4220	5770	9066	matched 3
504	\N	\N	\N	herido	5310	5250	6770	9166	matched 3
505	\N	\N	\N	\N	19810	19800	21120	10601	matched 3
506	\N	\N	\N	\N	25040	25080	26220	11111	matched 3
507	\N	\N	\N	\N	32830	32930	33980	11887	matched 3
508	\N	\N	\N	\N	33270	33370	34460	11935	matched 3
509	\N	\N	\N	\N	39430	39110	40010	20416	matched 3
510	2	\N	\N	\N	\N	19980	21520	6168	matched 3
511	2	\N	\N	\N	10140	10210	11860	1184	matched 3
512	2	\N	\N	herido	\N	4010	5610	4577	matched 3
513	2	\N	\N	\N	\N	37160	38590	7875	matched 3
514	2	\N	\N	herido	31610	31380	32250	19641	matched 3
515	1	\N	\N	\N	37280	36960	37860	20200	matched 3
516	2	\N	\N	\N	30640	30380	31290	19545	matched 3
517	2	\N	\N	\N	980	1000	2760	276	matched 3
518	2	\N	\N	\N	28250	28420	29740	2972	matched 3
519	2	\N	\N	\N	\N	7550	9140	4930	master only 1
520	2	\N	\N	\N	\N	17950	19480	5964	matched 3
521	\N	\N	\N	\N	6400	6340	7840	9273	matched 3
522	\N	\N	\N	\N	6620	6560	8060	9295	master only 1
523	\N	\N	\N	\N	12510	12510	13960	9885	matched 3
524	\N	\N	\N	\N	13640	13640	15080	9997	matched 3
525	\N	\N	\N	\N	19420	19410	20730	10562	matched 3
526	\N	\N	\N	\N	25520	25570	26710	11160	matched 3
527	\N	\N	\N	\N	25580	25630	26770	11166	matched 3
528	\N	\N	\N	\N	27030	27110	28210	11310	matched 3
529	\N	\N	\N	\N	27880	27960	29060	11395	matched 3
530	2	\N	\N	\N	\N	1490	3090	4325	matched 3
531	1	\N	\N	\N	7860	7910	9600	958	matched 3
532	\N	\N	\N	\N	10040	10010	11490	9638	matched 3
533	2	\N	\N	\N	\N	3540	5130	4529	matched 3
534	2	\N	\N	\N	\N	17420	18940	5910	matched 3
535	\N	\N	\N	\N	19820	19810	21130	10602	matched 3
536	\N	\N	\N	\N	23870	23900	25120	11001	matched 3
537	2	\N	\N	\N	18730	18770	19840	18400	matched 3
538	2	\N	\N	\N	22980	22950	23900	18806	matched 3
539	2	\N	\N	\N	7440	7490	9180	916	matched 3
540	2	\N	\N	\N	\N	12470	14010	5417	matched 3
541	2	\N	\N	\N	\N	18130	19660	5982	matched 3
542	2	\N	\N	\N	16040	16140	17660	1764	master only 1
543	2	\N	\N	\N	\N	9580	11160	5132	matched 3
544	\N	\N	\N	\N	5940	5880	7400	9229	matched 3
545	2	\N	\N	herido	34740	34840	35910	12080	matched 3
546	2	\N	\N	\N	4780	4850	6050	17020	matched 3
547	1	\N	\N	\N	13350	13440	14960	1494	master only 1
548	2	\N	\N	\N	4060	4130	5330	16948	matched 3
549	2	\N	\N	\N	32150	31920	32820	19698	matched 3
550	1	\N	\N	herido	\N	33650	35100	7526	matched 3
551	2	\N	\N	\N	30290	30480	31800	3178	matched 3
552	\N	\N	\N	\N	39680	39780	40810	12570	master only 1
553	1	\N	\N	\N	22090	22050	23000	18716	matched 3
554	2	\N	\N	\N	38190	37870	38770	20292	matched 3
555	2	\N	\N	\N	\N	6270	7880	4804	matched 3
556	2	\N	\N	\N	\N	18230	19760	5992	matched 3
557	2	\N	\N	\N	\N	20170	21710	6187	matched 3
558	2	\N	\N	\N	\N	31000	32450	7261	matched 3
559	2	\N	\N	\N	\N	31470	32930	7309	matched 3
560	2	\N	\N	\N	\N	38870	40270	8043	matched 3
561	\N	\N	\N	\N	14770	14720	16150	10104	matched 3
562	\N	\N	\N	\N	16490	16460	17850	10274	matched 3
563	\N	\N	\N	\N	18910	18900	20290	10518	matched 3
564	\N	\N	\N	\N	19580	19570	20890	10578	matched 3
565	\N	\N	\N	\N	20330	20340	21620	10651	matched 3
566	\N	\N	\N	\N	20890	20910	22190	10708	matched 3
567	\N	\N	\N	\N	23000	23010	24230	10912	matched 3
568	\N	\N	\N	\N	23310	23320	24540	10943	matched 3
569	\N	\N	\N	\N	29550	29640	30700	11559	matched 3
570	2	\N	\N	\N	19160	19140	20170	18433	matched 3
571	2	\N	\N	\N	32280	32060	32960	19712	matched 3
572	1	\N	\N	\N	2150	2170	3930	391	matched 3
573	2	\N	\N	\N	3310	3330	5090	507	matched 3
574	2	\N	\N	\N	17790	17900	19420	1940	matched 3
575	1	\N	\N	\N	20560	20670	22080	2206	matched 3
576	2	\N	\N	\N	24900	25060	26380	2636	matched 3
577	1	\N	\N	\N	26850	27010	28330	2831	matched 3
578	2	\N	\N	\N	27910	28080	29400	2938	matched 3
579	2	\N	\N	\N	27950	28120	29440	2942	matched 3
580	2	\N	\N	\N	33480	33650	34930	3491	matched 3
581	1	\N	\N	\N	34400	34570	35800	3578	matched 3
582	2	\N	\N	\N	34470	34640	35870	3585	matched 3
583	2	\N	\N	\N	\N	23700	25230	6539	matched 3
584	2	\N	\N	\N	\N	27010	28550	6871	matched 3
585	\N	\N	\N	\N	15770	15720	17110	10200	matched 3
586	\N	\N	\N	\N	20280	20290	21570	10646	matched 3
587	\N	\N	\N	\N	20300	20310	21590	10648	matched 3
588	\N	\N	\N	\N	33190	33290	34380	11927	matched 3
589	\N	\N	\N	\N	33540	33640	34730	11962	matched 3
590	\N	\N	\N	\N	33670	33770	34860	11975	matched 3
591	\N	\N	\N	\N	34280	34380	35470	12036	matched 3
592	\N	\N	\N	\N	35040	35140	36210	12110	matched 3
593	\N	\N	\N	\N	36320	36410	37480	12237	matched 3
594	2	\N	\N	\N	3200	3270	4510	16866	matched 3
595	2	\N	\N	\N	6230	6240	7440	17159	matched 3
596	2	\N	\N	\N	7620	7630	8830	17298	matched 3
597	2	\N	\N	\N	11410	11450	12610	17676	matched 3
598	2	\N	\N	\N	18020	18090	19160	18332	matched 3
599	1	\N	\N	\N	25860	25800	26710	19087	matched 3
600	2	\N	\N	\N	29850	29590	30500	19466	matched 3
601	2	\N	\N	\N	38410	38090	38990	20314	matched 3
602	2	\N	\N	\N	5600	5630	7390	737	matched 3
603	2	\N	\N	\N	11240	11320	12880	1286	matched 3
604	2	\N	\N	\N	24610	24770	26090	2607	matched 3
605	2	\N	\N	\N	28420	28590	29910	2989	matched 3
606	2	\N	\N	\N	\N	4300	5910	4607	matched 3
607	2	\N	\N	\N	\N	20890	22440	6260	matched 3
608	2	\N	\N	\N	\N	27250	28790	6895	matched 3
609	\N	\N	\N	\N	30260	30370	31430	11632	matched 3
610	2	\N	\N	\N	34400	34100	35000	19916	matched 3
611	2	\N	\N	\N	36880	36560	37460	20162	matched 3
612	1	\N	\N	\N	550	560	2320	232	matched 3
613	2	\N	\N	\N	8270	8320	10010	999	matched 3
614	2	\N	\N	\N	9140	9200	10850	1083	matched 3
615	2	\N	\N	\N	9560	9620	11270	1125	matched 3
616	2	\N	\N	\N	26220	26380	27700	2768	matched 3
617	2	\N	\N	\N	29710	29900	31220	3120	matched 3
618	2	\N	\N	\N	36780	36960	38120	3810	matched 3
619	2	\N	\N	\N	\N	4930	6540	4670	matched 3
620	2	\N	\N	\N	\N	6080	7690	4785	matched 3
621	2	\N	\N	\N	\N	15850	17370	5753	matched 3
622	2	\N	\N	\N	\N	29400	30900	7106	matched 3
623	2	\N	\N	\N	\N	41080	42410	8257	matched 3
624	\N	\N	\N	\N	170	170	1750	8664	matched 3
625	\N	\N	\N	\N	15550	15500	16890	10178	matched 3
626	\N	\N	\N	\N	38260	38350	39400	12429	matched 3
627	2	\N	\N	\N	4320	4390	5590	16974	matched 3
628	2	\N	\N	\N	15320	15410	16550	18070	matched 3
629	1	\N	\N	\N	20260	20230	21220	18538	matched 3
630	2	\N	\N	\N	34130	33830	34730	19889	matched 3
631	2	\N	\N	\N	37260	36940	37840	20198	matched 3
632	2	\N	\N	\N	34600	34280	35180	19934	matched 3
633	2	\N	\N	\N	19490	19600	21080	2106	master only 1
634	1	\N	\N	herido	20860	20990	22380	2236	matched 3
635	2	\N	\N	\N	\N	6900	8510	4867	matched 3
636	2	\N	\N	\N	\N	25760	27290	6745	matched 3
637	\N	\N	\N	\N	28160	28240	29300	11419	matched 3
638	2	\N	\N	\N	4060	4080	5840	582	matched 3
639	2	\N	\N	\N	21560	21690	23080	2306	matched 3
640	2	\N	\N	\N	22900	23050	24370	2435	matched 3
641	2	\N	\N	\N	\N	4630	6240	4640	matched 3
642	2	\N	\N	\N	\N	33230	34670	7483	matched 3
643	\N	\N	\N	\N	9050	9010	10490	9538	matched 3
644	\N	\N	\N	\N	19140	19130	20520	10541	matched 3
645	\N	\N	\N	\N	28080	28160	29220	11411	matched 3
646	1	\N	\N	\N	10170	10210	11370	17552	matched 3
647	\N	\N	\N	\N	17370	17350	18740	10363	matched 3
648	2	\N	\N	\N	2230	2250	4010	399	matched 3
649	\N	\N	\N	\N	26140	26300	27620	2760	master only 1
650	2	\N	\N	\N	\N	6980	8590	4875	master only 1
651	2	\N	\N	\N	\N	15120	16640	5680	matched 3
652	2	\N	\N	\N	\N	19180	20720	6088	matched 3
653	1	\N	\N	\N	\N	24110	25640	6580	matched 3
654	1	\N	\N	\N	\N	24380	25910	6607	master only 1
655	\N	\N	\N	\N	4890	4830	6380	9127	matched 3
656	\N	\N	\N	\N	5220	5160	6680	9157	matched 3
657	\N	\N	\N	\N	7860	7820	9290	9418	matched 3
658	\N	\N	\N	\N	11400	11380	12860	9775	matched 3
659	\N	\N	\N	\N	21890	21890	23100	10799	matched 3
660	\N	\N	\N	\N	29890	29980	31040	11593	matched 3
661	2	\N	\N	\N	2820	2880	4120	16827	matched 3
662	2	\N	\N	\N	16600	16680	17820	18197	matched 3
663	2	\N	\N	\N	36760	36440	37340	20150	matched 3
664	2	\N	\N	\N	\N	40990	42320	8248	matched 3
665	\N	\N	\N	\N	13170	13170	14610	9950	matched 3
666	\N	\N	\N	\N	19000	18990	20380	10527	matched 3
667	2	\N	\N	\N	5170	5240	6440	17059	matched 3
668	2	\N	\N	\N	7050	7060	8260	17241	matched 3
669	2	\N	\N	\N	11160	11200	12360	17651	matched 3
670	1	\N	\N	\N	12880	12920	14080	17823	matched 3
671	2	\N	\N	\N	10700	10770	12380	1236	matched 3
672	1	\N	\N	\N	10000	10030	11190	17534	matched 3
673	1	\N	\N	\N	32550	32330	33230	19739	matched 3
674	2	\N	\N	\N	\N	37700	39130	7929	matched 3
675	\N	\N	\N	\N	15810	15760	17150	10204	matched 3
676	\N	\N	\N	\N	5760	5760	6960	17111	matched 3
677	1	\N	\N	\N	8900	8940	10100	17425	matched 3
678	2	\N	\N	\N	12290	12330	13490	17764	matched 3
679	1	\N	\N	\N	2200	2220	3980	396	matched 3
680	2	\N	\N	\N	5900	5930	7690	767	matched 3
681	1	\N	\N	\N	11400	11480	13040	1302	matched 3
682	2	\N	\N	\N	19140	19250	20730	2071	matched 3
683	2	\N	\N	\N	\N	12450	13990	5415	matched 3
684	2	\N	\N	\N	\N	16400	17920	5808	matched 3
685	1	\N	\N	\N	\N	18040	19570	5973	matched 3
686	2	\N	\N	\N	\N	18070	19600	5976	matched 3
687	2	\N	\N	\N	\N	19660	21210	6137	matched 3
688	2	\N	\N	\N	\N	22120	23630	6379	matched 3
689	\N	\N	\N	\N	18280	18260	19650	10454	matched 3
690	\N	\N	\N	\N	18330	18310	19700	10459	matched 3
691	\N	\N	\N	\N	20500	20510	21790	10668	matched 3
692	\N	\N	\N	\N	24020	24050	25270	11016	matched 3
693	\N	\N	\N	\N	38850	38950	40000	12489	matched 3
694	\N	\N	\N	\N	39010	39110	40160	12505	matched 3
695	\N	\N	\N	\N	17590	17670	18780	18294	matched 3
696	2	\N	\N	\N	24180	24150	25100	18926	matched 3
697	2	\N	\N	\N	32860	32590	33490	19765	matched 3
698	1	\N	\N	\N	\N	10760	12360	5252	matched 3
699	\N	\N	\N	\N	30490	30600	31660	11655	matched 3
700	2	\N	\N	\N	6670	6680	7880	17203	matched 3
701	\N	\N	\N	\N	35380	35480	36550	12144	matched 3
702	1	\N	\N	\N	20040	20010	21040	18520	matched 3
703	2	\N	\N	\N	30560	30750	32030	3201	matched 3
704	2	\N	\N	\N	640	650	2410	241	master only 1
705	2	\N	\N	\N	2280	2300	4060	404	matched 3
706	2	\N	\N	\N	8620	8670	10360	1034	matched 3
707	2	\N	\N	\N	17420	17530	19050	1903	matched 3
708	1	\N	\N	\N	35930	36100	37260	3724	matched 3
709	2	\N	\N	\N	\N	11030	12630	5279	matched 3
710	1	\N	\N	\N	\N	19140	20680	6084	matched 3
711	2	\N	\N	\N	\N	23940	25470	6563	matched 3
712	\N	\N	\N	\N	8780	8740	10220	9511	matched 3
713	2	\N	\N	\N	27070	26990	27900	19206	matched 3
714	2	\N	\N	\N	20650	20760	22170	2215	matched 3
715	2	\N	\N	\N	24660	24820	26140	2612	matched 3
716	2	\N	\N	\N	29080	29270	30590	3057	matched 3
717	1	\N	\N	\N	34530	34700	35930	3591	matched 3
718	\N	\N	\N	\N	4650	4610	6160	9105	matched 3
719	\N	\N	\N	\N	6020	5960	7480	9237	matched 3
720	\N	\N	\N	\N	7780	7740	9210	9410	matched 3
721	\N	\N	\N	\N	8820	8780	10260	9515	matched 3
722	\N	\N	\N	\N	19750	19740	21060	10595	matched 3
723	\N	\N	\N	\N	27840	27920	29020	11391	matched 3
724	\N	\N	\N	\N	27920	28000	29100	11399	matched 3
725	\N	\N	\N	\N	30040	30130	31190	11608	matched 3
726	2	\N	\N	\N	480	490	2250	225	matched 3
727	2	\N	\N	\N	15060	15150	16670	1665	matched 3
728	\N	\N	\N	\N	2930	2940	4510	8940	matched 3
729	2	\N	\N	\N	12840	12880	14040	17819	matched 3
730	2	\N	\N	\N	20400	20510	21920	2190	matched 3
731	2	\N	\N	\N	24120	24280	25600	2558	matched 3
732	2	\N	\N	\N	32750	32920	34200	3418	matched 3
733	\N	\N	\N	\N	14160	14110	15540	10043	matched 3
734	1	\N	\N	\N	35570	35250	36150	20031	matched 3
735	1	\N	\N	\N	18710	18820	20300	2028	matched 3
736	1	\N	\N	\N	24270	24430	25750	2573	matched 3
737	1	\N	\N	\N	\N	2070	3630	4379	matched 3
738	2	\N	\N	\N	\N	3600	5190	4535	matched 3
739	1	\N	\N	\N	\N	3720	5310	4547	matched 3
740	2	\N	\N	\N	\N	16620	18140	5830	matched 3
741	2	\N	\N	\N	\N	19580	21130	6129	matched 3
742	2	\N	\N	muerto	\N	35940	37360	7752	matched 3
743	2	\N	\N	\N	\N	37950	39380	7954	matched 3
744	\N	\N	\N	\N	14080	14030	15460	10035	matched 3
745	\N	\N	\N	\N	20360	20370	21650	10654	matched 3
746	\N	\N	\N	\N	27680	27760	28860	11375	matched 3
747	1	\N	\N	\N	5980	5990	7190	17134	matched 3
748	1	\N	\N	\N	41590	41320	42220	20637	matched 3
749	2	\N	\N	\N	\N	9240	10820	5098	matched 3
750	\N	\N	\N	\N	\N	20	1610	4177	master only 1
751	2	\N	\N	\N	\N	1310	2910	4307	master only 1
752	\N	\N	\N	\N	14320	14270	15700	10059	matched 3
753	\N	\N	\N	\N	23750	23780	25000	10989	matched 3
754	\N	\N	\N	\N	23790	23820	25040	10993	matched 3
755	\N	\N	\N	\N	26230	26300	27400	11229	matched 3
756	\N	\N	\N	\N	26750	26830	27930	11282	matched 3
757	\N	\N	\N	\N	38980	39080	40130	12502	matched 3
758	\N	\N	\N	\N	16360	16330	17720	10261	matched 3
759	\N	\N	\N	\N	39380	39480	40510	12540	matched 3
760	2	\N	\N	\N	15270	15360	16500	18065	matched 3
761	2	\N	\N	\N	\N	3450	5040	4520	matched 3
762	\N	\N	\N	\N	29210	29310	30370	11526	matched 3
763	\N	\N	\N	\N	32780	32880	33930	11882	matched 3
764	1	\N	\N	\N	16320	16420	17560	18171	matched 3
765	2	\N	\N	\N	24950	24890	25840	19000	matched 3
766	1	\N	\N	\N	29600	29340	30250	19441	matched 3
767	2	\N	\N	\N	\N	14410	15960	5612	matched 3
768	\N	\N	\N	\N	33340	33440	34530	11942	matched 3
769	2	\N	\N	\N	5120	5190	6390	17054	matched 3
770	1	\N	\N	\N	8600	8630	9790	17394	matched 3
771	2	\N	\N	\N	11620	11700	13260	1324	matched 3
772	\N	\N	\N	\N	18830	18820	20210	10510	matched 3
773	2	\N	\N	\N	16710	16820	18340	1832	matched 3
774	2	\N	\N	\N	28780	28960	30280	3026	matched 3
775	2	\N	\N	\N	36460	36630	37790	3777	matched 3
776	2	\N	\N	\N	\N	12430	13970	5413	matched 3
777	1	\N	\N	\N	\N	15890	17410	5757	matched 3
778	2	\N	\N	\N	\N	26790	28330	6849	matched 3
779	2	\N	\N	\N	\N	26930	28470	6863	matched 3
780	2	\N	\N	\N	\N	30060	31550	7171	matched 3
781	2	\N	\N	\N	\N	30140	31630	7179	matched 3
782	2	\N	\N	\N	\N	30220	31710	7187	matched 3
783	2	\N	\N	\N	\N	39590	40970	8113	matched 3
784	\N	\N	\N	herido	1360	1370	2940	8783	matched 3
785	\N	\N	\N	\N	8040	8000	9480	9437	matched 3
786	\N	\N	\N	\N	8980	8940	10420	9531	matched 3
787	\N	\N	\N	\N	9180	9140	10620	9551	matched 3
788	\N	\N	\N	\N	17350	17330	18720	10361	matched 3
789	\N	\N	\N	\N	19400	19390	20710	10560	matched 3
790	2	\N	\N	\N	13800	13860	15020	17917	matched 3
791	2	\N	\N	\N	15680	15770	16910	18106	matched 3
792	2	\N	\N	\N	19220	19200	20230	18439	matched 3
793	2	\N	\N	\N	20000	19970	21000	18516	matched 3
794	1	\N	\N	\N	21180	21140	22090	18625	matched 3
795	2	\N	\N	\N	23600	23570	24520	18868	matched 3
796	2	\N	\N	\N	38850	38530	39430	20358	matched 3
797	2	\N	\N	\N	\N	23040	24570	6473	matched 3
798	2	\N	\N	\N	\N	31080	32530	7269	matched 3
799	\N	\N	\N	\N	4380	4330	5880	9077	matched 3
800	2	\N	\N	\N	5140	5170	6930	691	matched 3
801	\N	\N	\N	\N	250	250	1830	8672	matched 3
802	\N	\N	\N	\N	13800	13800	15240	10013	matched 3
803	\N	\N	\N	\N	27410	27490	28590	11348	matched 3
804	\N	\N	\N	\N	37410	37500	38570	12346	matched 3
805	1	\N	\N	\N	16660	16740	17880	18203	matched 3
806	2	\N	\N	\N	7930	7980	9670	965	master only 1
807	\N	\N	\N	\N	8100	8060	9540	9443	matched 3
808	\N	\N	\N	\N	14120	14070	15500	10039	matched 3
809	\N	\N	\N	\N	20830	20850	22130	10702	matched 3
810	2	\N	\N	\N	4010	4080	5280	16943	matched 3
811	1	\N	\N	\N	19380	19490	20970	2095	matched 3
812	1	\N	\N	\N	34320	34490	35720	3570	matched 3
813	2	\N	\N	\N	8220	8270	9960	994	master only 1
814	2	\N	\N	\N	\N	3840	5430	4559	matched 3
815	2	\N	\N	herido	\N	17660	19180	5934	matched 3
816	1	\N	\N	\N	19830	19940	21420	2140	matched 3
817	2	\N	\N	\N	\N	31600	33060	7322	matched 3
818	\N	\N	\N	\N	18480	18460	19850	10474	matched 3
819	\N	\N	\N	\N	9510	9470	10950	9584	matched 3
820	2	\N	\N	\N	17590	17700	19220	1920	matched 3
821	1	\N	\N	\N	\N	2180	3740	4390	matched 3
822	\N	\N	\N	\N	7680	7640	9110	9400	matched 3
823	\N	\N	\N	\N	16800	16770	18160	10305	matched 3
824	\N	\N	\N	\N	33310	33410	34500	11939	matched 3
825	\N	\N	\N	\N	21730	21690	22640	18680	matched 3
826	2	\N	\N	\N	25990	25930	26840	19100	matched 3
827	1	\N	\N	\N	150	150	1910	191	matched 3
828	2	\N	\N	\N	4780	4800	6560	654	matched 3
829	\N	\N	\N	\N	31080	31270	32550	3253	matched 3
830	2	\N	\N	\N	35960	35640	36540	20070	matched 3
831	2	\N	\N	\N	26950	27110	28430	2841	matched 3
832	2	\N	\N	\N	\N	28570	30070	7023	matched 3
833	2	\N	\N	\N	\N	38460	39860	8002	matched 3
834	\N	\N	\N	\N	34410	34510	35600	12049	matched 3
835	2	\N	\N	\N	\N	37610	39040	7920	matched 3
836	2	\N	\N	\N	12490	12530	13690	17784	matched 3
837	2	\N	\N	\N	\N	770	2360	4252	matched 3
838	2	\N	\N	\N	\N	9320	10900	5106	matched 3
839	2	\N	\N	\N	\N	13150	14690	5485	matched 3
840	2	\N	\N	\N	\N	15250	16770	5693	matched 3
841	2	\N	\N	\N	\N	16640	18160	5832	matched 3
842	2	\N	\N	\N	\N	29310	30810	7097	matched 3
843	1	\N	\N	\N	\N	37320	38750	7891	matched 3
844	2	\N	\N	\N	10100	10130	11290	17544	matched 3
845	\N	\N	\N	\N	820	830	2590	259	matched 3
846	2	\N	\N	\N	8100	8150	9840	982	matched 3
847	2	\N	\N	\N	14590	14680	16200	1618	matched 3
848	2	\N	\N	\N	15020	15110	16630	1661	matched 3
849	2	\N	\N	\N	19100	19210	20690	2067	matched 3
850	2	\N	\N	\N	\N	810	2400	4256	matched 3
851	2	\N	\N	\N	\N	32130	33590	7375	matched 3
852	2	\N	\N	\N	\N	36220	37650	7781	matched 3
853	2	\N	\N	\N	\N	36450	37880	7804	matched 3
854	\N	\N	\N	\N	3090	3080	4650	8954	matched 3
855	\N	\N	\N	\N	6220	6160	7680	9257	matched 3
856	\N	\N	\N	\N	21850	21850	23060	10795	matched 3
857	\N	\N	\N	\N	26710	26790	27890	11278	matched 3
858	\N	\N	\N	\N	34550	34650	35710	12060	matched 3
859	2	\N	\N	\N	10820	10860	12020	17617	matched 3
860	2	\N	\N	herido	28540	28410	29320	19348	matched 3
861	1	\N	\N	\N	36800	36480	37380	20154	matched 3
862	1	\N	\N	\N	\N	6830	8440	4860	matched 3
863	1	\N	\N	\N	\N	15200	16720	5688	matched 3
864	\N	\N	\N	\N	14260	14210	15640	10053	matched 3
865	\N	\N	\N	\N	21140	21160	22410	10730	matched 3
866	\N	\N	\N	\N	22860	22870	24080	10897	matched 3
867	\N	\N	\N	\N	22900	22910	24120	10901	matched 3
868	\N	\N	\N	\N	24770	24800	26020	11091	matched 3
869	\N	\N	\N	\N	28420	28500	29560	11445	matched 3
870	\N	\N	\N	\N	31660	31760	32810	11770	matched 3
871	\N	\N	\N	herido	31760	31860	32910	11780	matched 3
872	\N	\N	\N	\N	36780	36870	37940	12283	matched 3
873	1	\N	\N	\N	\N	11960	13500	5366	matched 3
874	2	\N	\N	\N	34580	34260	35160	19932	matched 3
875	\N	\N	\N	\N	23910	23940	25160	11005	matched 3
876	2	\N	\N	\N	33790	33490	34390	19855	master only 1
877	\N	\N	\N	\N	25960	26020	27130	11202	matched 3
878	1	\N	\N	\N	26910	26830	27740	19190	matched 3
879	2	\N	\N	\N	6700	6730	8430	841	matched 3
880	2	\N	\N	\N	23360	23520	24840	2482	matched 3
881	2	\N	\N	\N	26930	27090	28410	2839	matched 3
882	2	\N	\N	\N	\N	270	1860	4202	matched 3
883	2	\N	\N	\N	\N	8160	9750	4991	matched 3
884	2	\N	\N	\N	\N	28490	29990	7015	matched 3
885	2	\N	\N	\N	\N	28530	30030	7019	matched 3
886	2	\N	\N	\N	\N	29910	31390	7155	matched 3
887	\N	\N	\N	\N	1170	1180	2760	8765	matched 3
888	\N	\N	\N	\N	9400	9360	10840	9573	matched 3
889	\N	\N	\N	\N	13450	13450	14890	9978	matched 3
890	\N	\N	\N	\N	13490	13490	14930	9982	matched 3
891	\N	\N	\N	\N	18200	18180	19570	10446	matched 3
892	\N	\N	\N	\N	21620	21640	22890	10778	matched 3
893	\N	\N	\N	\N	26990	27070	28170	11306	matched 3
894	\N	\N	\N	\N	31780	31880	32930	11782	matched 3
895	2	\N	\N	herido	550	560	1840	16599	matched 3
896	2	\N	\N	\N	7300	7310	8510	17266	matched 3
897	1	\N	\N	\N	8940	8980	10140	17429	matched 3
898	2	\N	\N	\N	26720	26630	27540	19170	matched 3
899	2	\N	\N	\N	37290	36970	37870	20201	matched 3
900	1	\N	\N	\N	22150	22290	23600	2358	matched 3
901	2	\N	\N	\N	\N	31680	33140	7330	matched 3
902	2	\N	\N	\N	\N	36560	37990	7815	matched 3
903	2	\N	\N	\N	\N	24220	25750	6591	matched 3
904	\N	\N	\N	\N	3370	3320	4870	8976	matched 3
905	2	\N	\N	\N	31950	31720	32620	19678	matched 3
906	2	\N	\N	\N	32370	32150	33050	19721	matched 3
907	2	\N	\N	\N	\N	8910	10500	5066	matched 3
908	2	\N	\N	\N	9630	9660	10820	17497	master only 1
909	2	\N	\N	\N	23430	23400	24350	18851	master only 1
910	\N	\N	\N	\N	4850	4790	6340	9123	matched 3
911	\N	\N	\N	\N	39740	39840	40870	12576	matched 3
912	2	\N	\N	\N	8960	9020	10670	1065	matched 3
913	1	\N	\N	\N	10760	10830	12440	1242	matched 3
914	2	\N	\N	\N	20700	20820	22230	2221	matched 3
915	2	\N	\N	\N	21540	21670	23060	2304	matched 3
916	2	\N	\N	\N	22860	23010	24330	2431	matched 3
917	2	\N	\N	\N	30330	30520	31840	3182	matched 3
918	1	\N	\N	\N	35400	35570	36800	3678	matched 3
919	2	\N	\N	\N	\N	1530	3130	4329	matched 3
920	1	\N	\N	\N	\N	27330	28870	6903	matched 3
921	\N	\N	\N	\N	11350	11330	12810	9770	matched 3
922	\N	\N	\N	\N	21500	21520	22770	10766	matched 3
923	2	\N	\N	\N	39310	38990	39890	20404	matched 3
924	2	\N	\N	\N	40770	40490	41390	20554	matched 3
925	2	\N	\N	\N	\N	14290	15840	5600	matched 3
926	\N	\N	\N	\N	4420	4370	5920	9081	matched 3
927	\N	\N	\N	\N	11890	11880	13360	9825	matched 3
928	1	\N	\N	\N	5800	5800	7000	17115	matched 3
929	2	\N	\N	\N	6870	6880	8080	17223	matched 3
930	2	\N	\N	\N	18050	18160	19680	1966	matched 3
931	2	\N	\N	\N	27990	28160	29480	2946	matched 3
932	\N	\N	\N	\N	5620	5560	7080	9197	matched 3
933	\N	\N	\N	\N	11930	11920	13400	9829	matched 3
934	\N	\N	\N	\N	25980	26140	27460	2744	matched 3
935	2	\N	\N	\N	2890	2910	4670	465	matched 3
936	\N	\N	\N	\N	5870	5810	7330	9222	matched 3
937	\N	\N	\N	\N	17970	17950	19340	10423	matched 3
938	2	\N	\N	\N	\N	10370	11960	5212	matched 3
939	2	\N	\N	\N	\N	28910	30410	7057	matched 3
940	2	\N	\N	\N	\N	31310	32770	7293	matched 3
941	2	\N	\N	\N	\N	37910	39340	7950	matched 3
942	\N	\N	\N	\N	1570	1570	3140	8803	matched 3
943	\N	\N	\N	\N	21990	21990	23200	10809	matched 3
944	\N	\N	\N	\N	31250	31360	32400	11729	matched 3
945	1	\N	\N	\N	15000	15070	16200	18035	matched 3
946	\N	\N	\N	\N	15130	15200	16330	18048	matched 3
947	2	\N	\N	\N	15530	15620	16760	18091	matched 3
948	2	\N	\N	\N	28150	28040	28950	19311	matched 3
949	2	\N	\N	\N	41750	41490	42390	20654	master only 1
950	\N	\N	\N	\N	13540	13540	14980	9987	matched 3
951	2	\N	\N	\N	28060	28230	29550	2953	matched 3
952	\N	\N	\N	\N	32420	32590	33870	3385	matched 3
953	2	\N	\N	\N	33130	33300	34580	3456	matched 3
954	1	\N	\N	herido	9890	9960	11610	1159	matched 3
955	\N	\N	\N	\N	33150	33250	34300	11919	matched 3
956	2	\N	\N	\N	15410	15500	16640	18079	matched 3
957	\N	\N	\N	\N	21410	21430	22680	10757	matched 3
958	\N	\N	\N	\N	36850	36940	38010	12290	matched 3
959	2	\N	\N	\N	25000	24940	25890	19005	matched 3
960	2	\N	\N	\N	110	110	1870	187	matched 3
961	2	\N	\N	\N	12210	12290	13850	1383	matched 3
962	2	\N	\N	\N	14820	14910	16430	1641	matched 3
963	1	\N	\N	\N	20520	20630	22040	2202	matched 3
964	2	\N	\N	\N	30030	30220	31540	3152	matched 3
965	2	\N	\N	\N	\N	3970	5570	4573	matched 3
966	2	\N	\N	\N	\N	5180	6790	4695	matched 3
967	1	\N	\N	\N	\N	7800	9390	4955	matched 3
968	2	\N	\N	\N	\N	7840	9430	4959	matched 3
969	2	\N	\N	\N	\N	7880	9470	4963	matched 3
970	2	\N	\N	\N	\N	20720	22260	6242	matched 3
971	1	\N	\N	\N	\N	24260	25790	6595	matched 3
972	2	\N	\N	\N	\N	25620	27150	6731	master only 1
973	1	\N	\N	\N	\N	32560	34020	7418	matched 3
974	2	\N	\N	\N	\N	40140	41520	8168	matched 3
975	2	\N	\N	\N	\N	40520	41840	8200	matched 3
976	1	\N	\N	\N	\N	41830	43170	8333	matched 3
977	\N	\N	\N	\N	1120	1130	2710	8760	matched 3
978	2	\N	\N	herido	1890	1890	3460	8835	matched 3
979	\N	\N	\N	\N	8730	8690	10170	9506	matched 3
980	\N	\N	\N	\N	17650	17630	19020	10391	matched 3
981	\N	\N	\N	\N	20540	20550	21830	10672	matched 3
982	\N	\N	\N	\N	20570	20580	21860	10675	matched 3
983	\N	\N	\N	\N	22580	22590	23800	10869	matched 3
984	\N	\N	\N	\N	25340	25380	26520	11141	matched 3
985	\N	\N	\N	\N	29800	29890	30950	11584	matched 3
986	\N	\N	\N	\N	37500	37590	38660	12355	matched 3
987	\N	\N	\N	\N	39260	39360	40390	12528	matched 3
988	2	\N	\N	\N	1240	1280	2520	16667	matched 3
989	2	\N	\N	\N	7220	7230	8430	17258	matched 3
990	2	\N	\N	\N	10850	10890	12050	17620	matched 3
991	2	\N	\N	\N	11630	11670	12830	17698	matched 3
992	2	\N	\N	\N	15970	16060	17200	18135	matched 3
993	1	\N	\N	\N	18460	18550	19620	18378	matched 3
994	2	\N	\N	\N	24630	24570	25520	18968	matched 3
995	1	\N	\N	\N	25910	25850	26760	19092	matched 3
996	2	\N	\N	\N	37930	37600	38500	20264	matched 3
997	2	\N	\N	\N	4920	4940	6700	668	matched 3
998	2	\N	\N	\N	4960	4980	6740	672	matched 3
999	2	\N	\N	\N	\N	9210	10790	5095	matched 3
1000	2	\N	\N	\N	31420	31610	32890	3287	matched 3
1001	2	\N	\N	\N	\N	10310	11890	5205	matched 3
1002	2	\N	\N	herido	\N	13710	15250	5541	matched 3
1003	\N	\N	\N	\N	\N	24890	26430	6659	matched 3
1004	1	\N	\N	\N	\N	39240	40620	8078	matched 3
1005	\N	\N	\N	\N	28200	28280	29340	11423	master only 1
1006	1	\N	\N	\N	6370	6400	8080	806	matched 3
1007	1	\N	\N	herido	33750	33920	35200	3518	matched 3
1008	2	\N	\N	\N	\N	6120	7730	4789	matched 3
1009	1	\N	\N	\N	\N	17150	18670	5883	matched 3
1010	2	\N	\N	\N	\N	18520	20060	6022	matched 3
1011	2	\N	\N	\N	\N	22350	23860	6402	matched 3
1012	2	\N	\N	\N	\N	30820	32270	7243	matched 3
1013	2	\N	\N	\N	\N	30860	32310	7247	matched 3
1014	2	\N	\N	\N	\N	32540	34000	7416	matched 3
1015	2	\N	\N	\N	\N	32740	34200	7436	matched 3
1016	2	\N	\N	\N	\N	40580	41900	8206	matched 3
1017	\N	\N	\N	\N	3830	3780	5330	9022	matched 3
1018	\N	\N	\N	\N	4790	4730	6280	9117	matched 3
1019	\N	\N	\N	\N	6240	6180	7700	9259	matched 3
1020	\N	\N	\N	\N	9150	9110	10590	9548	matched 3
1021	\N	\N	\N	\N	9950	9910	11390	9628	matched 3
1022	\N	\N	\N	\N	15590	15540	16930	10182	matched 3
1023	\N	\N	\N	\N	16240	16210	17600	10249	matched 3
1024	\N	\N	\N	\N	18050	18030	19420	10431	matched 3
1025	\N	\N	\N	\N	21540	21560	22810	10770	matched 3
1026	\N	\N	\N	\N	32300	32400	33450	11834	matched 3
1027	\N	\N	\N	\N	32330	32430	33480	11837	matched 3
1028	\N	\N	\N	\N	38690	38780	39830	12472	matched 3
1029	1	\N	\N	\N	7860	7880	9080	17323	matched 3
1030	2	\N	\N	\N	7900	7920	9120	17327	matched 3
1031	\N	\N	\N	\N	15020	15090	16220	18037	matched 3
1032	2	\N	\N	\N	22760	22730	23680	18784	matched 3
1033	2	\N	\N	\N	23390	23360	24310	18847	matched 3
1034	2	\N	\N	\N	23690	23660	24610	18877	matched 3
1035	\N	\N	\N	\N	23830	23800	24750	18891	matched 3
1036	2	\N	\N	\N	39850	39540	40440	20459	matched 3
1037	\N	\N	\N	\N	10330	10310	11790	9668	matched 3
1038	\N	\N	\N	\N	15870	15820	17210	10210	matched 3
1039	2	\N	\N	\N	3430	3450	5210	519	master only 1
1040	1	\N	\N	\N	32310	32480	33760	3374	matched 3
1041	2	\N	\N	\N	37410	37590	38710	3869	matched 3
1042	2	\N	\N	\N	\N	3250	4830	4499	matched 3
1043	2	\N	\N	\N	\N	14330	15880	5604	matched 3
1044	2	\N	\N	\N	\N	21490	23040	6320	matched 3
1045	2	\N	\N	\N	\N	28790	30290	7045	matched 3
1046	2	\N	\N	herido	\N	36340	37770	7793	matched 3
1047	\N	\N	\N	\N	12790	12790	14230	9912	matched 3
1048	\N	\N	\N	\N	38310	38400	39450	12434	matched 3
1049	2	\N	\N	\N	1040	1060	2820	282	matched 3
1050	2	\N	\N	\N	1460	1480	3240	324	matched 3
1051	2	\N	\N	\N	2980	3000	4760	474	matched 3
1052	1	\N	\N	\N	4000	4020	5780	576	matched 3
1053	2	\N	\N	\N	4160	4180	5940	592	matched 3
1054	2	\N	\N	\N	6950	6990	8690	867	matched 3
1055	2	\N	\N	\N	10530	10600	12210	1219	matched 3
1056	2	\N	\N	\N	11220	11300	12860	1284	matched 3
1057	1	\N	\N	\N	13880	13970	15490	1547	matched 3
1058	2	\N	\N	\N	18610	18720	20200	2018	matched 3
1059	2	\N	\N	\N	20460	20570	21980	2196	matched 3
1060	\N	\N	\N	\N	25970	26130	27450	2743	matched 3
1061	2	\N	\N	\N	26620	26780	28100	2808	matched 3
1062	2	\N	\N	\N	30710	30900	32180	3216	matched 3
1063	1	\N	\N	\N	31460	31650	32930	3291	matched 3
1064	1	\N	\N	\N	33060	33230	34510	3449	matched 3
1065	2	\N	\N	\N	\N	8200	9790	4995	matched 3
1066	1	\N	\N	\N	\N	13270	14810	5497	matched 3
1067	2	\N	\N	herido	\N	25520	27050	6721	matched 3
1068	2	\N	\N	\N	\N	26170	27710	6787	matched 3
1069	2	\N	\N	\N	\N	34510	35960	7612	matched 3
1070	\N	\N	\N	\N	4940	4880	6430	9132	matched 3
1071	\N	\N	\N	\N	6700	6640	8140	9303	matched 3
1072	\N	\N	\N	\N	13900	13900	15340	10023	matched 3
1073	\N	\N	\N	\N	23710	23740	24960	10985	matched 3
1074	1	\N	\N	\N	6400	6410	7610	17176	matched 3
1075	2	\N	\N	\N	6430	6440	7640	17179	matched 3
1076	2	\N	\N	\N	17750	17810	18910	18307	matched 3
1077	2	\N	\N	\N	26880	26800	27710	19187	matched 3
1078	1	\N	\N	\N	870	890	2170	16632	master only 1
1079	\N	\N	\N	\N	39850	39950	40980	12587	matched 3
1080	2	\N	\N	\N	42020	41760	42660	20681	master only 1
1081	2	\N	\N	\N	9220	9280	10930	1091	matched 3
1082	1	\N	\N	\N	12690	12780	14340	1432	matched 3
1083	1	\N	\N	\N	\N	15990	17510	5767	master only 1
1084	2	\N	\N	\N	\N	25400	26930	6709	matched 3
1085	2	\N	\N	muerto	\N	26540	28080	6824	matched 3
1086	\N	\N	\N	\N	8640	8600	10080	9497	matched 3
1087	\N	\N	\N	\N	15060	15010	16400	10129	matched 3
1088	\N	\N	\N	\N	24080	24110	25330	11022	matched 3
1089	\N	\N	\N	\N	38010	38100	39170	12406	matched 3
1090	\N	\N	\N	\N	38150	38240	39310	12420	matched 3
1091	2	\N	\N	\N	23020	22990	23940	18810	matched 3
1092	2	\N	\N	\N	18950	18930	20000	18416	matched 3
1093	\N	\N	\N	\N	9210	9170	10650	9554	matched 3
1094	2	\N	\N	\N	23680	23650	24600	18876	matched 3
1095	2	\N	\N	\N	1650	1670	3430	343	matched 3
1096	\N	\N	\N	\N	7760	7810	9500	948	matched 3
1097	1	\N	\N	\N	\N	6560	8170	4833	matched 3
1098	2	\N	\N	\N	\N	21070	22620	6278	matched 3
1099	2	\N	\N	\N	\N	24960	26500	6666	matched 3
1100	\N	\N	\N	\N	2120	2130	3700	8859	matched 3
1101	\N	\N	\N	\N	7420	7370	8840	9373	matched 3
1102	\N	\N	\N	\N	9030	8990	10470	9536	matched 3
1103	\N	\N	\N	\N	10210	10190	11670	9656	matched 3
1104	\N	\N	\N	\N	18140	18120	19510	10440	matched 3
1105	\N	\N	\N	\N	19770	19760	21080	10597	matched 3
1106	2	\N	\N	\N	7150	7160	8360	17251	matched 3
1107	\N	\N	\N	\N	34060	34230	35460	3544	matched 3
1108	2	\N	\N	\N	\N	17460	18980	5914	matched 3
1109	2	\N	\N	\N	\N	34740	36190	7635	matched 3
1110	2	\N	\N	\N	\N	35810	37250	7741	matched 3
1111	\N	\N	\N	\N	10740	10720	12200	9709	matched 3
1112	1	\N	\N	\N	36440	36120	37020	20118	matched 3
1113	2	\N	\N	\N	1890	1910	3670	365	matched 3
1114	2	\N	\N	\N	32610	32780	34060	3404	matched 3
1115	2	\N	\N	\N	31180	31370	32650	3263	matched 3
1116	1	\N	\N	herido	\N	14760	16280	5644	matched 3
1117	\N	\N	\N	herido	\N	40350	41700	8186	matched 3
1118	1	\N	\N	\N	\N	40880	42220	8238	matched 3
1119	2	\N	\N	\N	\N	29330	30830	7099	matched 3
1120	\N	\N	\N	herido	15430	15520	17040	1702	master only 1
1121	1	\N	\N	\N	32690	32860	34140	3412	matched 3
1122	\N	\N	\N	\N	11340	11320	12800	9769	matched 3
1123	2	\N	\N	\N	7610	7660	9350	933	matched 3
1124	2	\N	\N	\N	28690	28870	30190	3017	matched 3
1125	2	\N	\N	\N	\N	21530	23080	6324	matched 3
1126	\N	\N	\N	\N	26380	26450	27550	11244	matched 3
1127	2	\N	\N	\N	3990	4060	5260	16941	matched 3
1128	2	\N	\N	\N	28450	28310	29220	19338	matched 3
1129	1	\N	\N	\N	37530	37200	38100	20224	matched 3
1130	2	\N	\N	\N	\N	9040	10630	5079	matched 3
1131	2	\N	\N	\N	\N	39370	40750	8091	matched 3
1132	2	\N	\N	\N	14450	14540	16060	1604	matched 3
1133	2	\N	\N	\N	18990	19100	20580	2056	matched 3
1134	2	\N	\N	\N	20290	20400	21810	2179	matched 3
1135	2	\N	\N	\N	22260	22400	23720	2370	matched 3
1136	2	\N	\N	\N	23300	23460	24780	2476	matched 3
1137	2	\N	\N	\N	28540	28720	30040	3002	matched 3
1138	2	\N	\N	\N	35070	35240	36470	3645	matched 3
1139	2	\N	\N	\N	35970	36140	37300	3728	matched 3
1140	2	\N	\N	\N	\N	2110	3670	4383	matched 3
1141	2	\N	\N	\N	\N	6340	7950	4811	matched 3
1142	2	\N	\N	\N	\N	11480	13080	5324	matched 3
1143	2	\N	\N	\N	\N	21900	23420	6358	matched 3
1144	2	\N	\N	\N	\N	28620	30120	7028	matched 3
1145	2	\N	\N	\N	\N	29350	30850	7101	matched 3
1146	2	\N	\N	\N	\N	32410	33870	7403	matched 3
1147	2	\N	\N	herido	\N	41190	42520	8268	matched 3
1148	2	\N	\N	\N	\N	41400	42740	8290	matched 3
1149	2	\N	\N	\N	\N	41910	43250	8341	matched 3
1150	\N	\N	\N	\N	1720	1720	3290	8818	matched 3
1151	\N	\N	\N	\N	4210	4160	5710	9060	matched 3
1152	\N	\N	\N	\N	4540	4500	6050	9094	matched 3
1153	\N	\N	\N	herido	4630	4590	6140	9103	matched 3
1154	\N	\N	\N	\N	13580	13580	15020	9991	matched 3
1155	\N	\N	\N	\N	17570	17550	18940	10383	matched 3
1156	1	\N	\N	herido	18370	18350	19740	10463	matched 3
1157	\N	\N	\N	\N	25110	25150	26290	11118	matched 3
1158	\N	\N	\N	\N	27660	27740	28840	11373	matched 3
1159	\N	\N	\N	\N	37950	38040	39110	12400	matched 3
1160	2	\N	\N	\N	8110	8130	9330	17348	matched 3
1161	2	\N	\N	\N	12190	12230	13390	17754	matched 3
1162	2	\N	\N	\N	28760	28610	29520	19368	matched 3
1163	2	\N	\N	\N	35410	35090	35990	20015	matched 3
1164	2	\N	\N	\N	29110	29300	30620	3060	matched 3
1165	2	\N	\N	\N	33140	33310	34590	3457	matched 3
1166	2	\N	\N	\N	\N	34040	35490	7565	matched 3
1167	2	\N	\N	\N	22820	22970	24290	2427	matched 3
1168	\N	\N	\N	\N	38480	38570	39620	12451	matched 3
1169	2	\N	\N	\N	15220	15300	16440	18059	matched 3
1170	1	\N	\N	\N	26150	26310	27630	2761	matched 3
1171	2	\N	\N	\N	\N	4250	5860	4602	matched 3
1172	1	\N	\N	\N	\N	26850	28390	6855	matched 3
1173	\N	\N	\N	\N	13330	13330	14770	9966	matched 3
1174	\N	\N	\N	herido	32060	32160	33210	11810	matched 3
1175	\N	\N	\N	\N	35960	36050	37120	12201	matched 3
1176	2	\N	\N	\N	8460	8510	10200	1018	matched 3
1177	2	\N	\N	\N	12450	12530	14090	1407	matched 3
1178	2	\N	\N	\N	16730	16840	18360	1834	matched 3
1179	1	\N	\N	\N	18400	18510	19990	1997	matched 3
1180	2	\N	\N	\N	26700	26860	28180	2816	matched 3
1181	\N	\N	\N	\N	28860	29040	30360	3034	matched 3
1182	2	\N	\N	\N	28890	29070	30390	3037	matched 3
1183	2	\N	\N	\N	33970	34140	35370	3535	matched 3
1184	2	\N	\N	\N	34440	34610	35840	3582	matched 3
1185	2	\N	\N	\N	\N	1360	2960	4312	matched 3
1186	2	\N	\N	\N	\N	9740	11320	5148	matched 3
1187	2	\N	\N	\N	\N	13190	14730	5489	matched 3
1188	2	\N	\N	\N	\N	19490	21040	6120	matched 3
1189	2	\N	\N	\N	\N	38220	39620	7978	matched 3
1190	\N	\N	\N	\N	10830	10810	12290	9718	matched 3
1191	\N	\N	\N	\N	16080	16040	17430	10232	matched 3
1192	\N	\N	\N	\N	29600	29690	30750	11564	matched 3
1193	1	\N	\N	\N	19590	19570	20600	18476	matched 3
1194	2	\N	\N	\N	41670	41410	42310	20646	matched 3
1195	1	\N	\N	\N	\N	21220	22770	6293	matched 3
1196	2	\N	\N	\N	\N	23590	25120	6528	matched 3
1197	2	\N	\N	\N	\N	39890	41270	8143	matched 3
1198	\N	\N	\N	\N	17420	17400	18790	10368	matched 3
1199	\N	\N	\N	\N	25060	25100	26240	11113	matched 3
1200	2	\N	\N	\N	910	930	2210	16636	matched 3
1201	1	\N	\N	\N	3920	3990	5190	16934	matched 3
1202	\N	\N	\N	\N	150	150	1730	8662	matched 3
1203	\N	\N	\N	\N	6440	6380	7880	9277	matched 3
1204	\N	\N	\N	\N	16340	16310	17700	10259	matched 3
1205	\N	\N	\N	\N	19440	19430	20750	10564	matched 3
1206	\N	\N	\N	\N	33110	33210	34260	11915	master only 1
1207	\N	\N	\N	\N	34370	34470	35560	12045	matched 3
1208	2	\N	\N	\N	10510	10550	11710	17586	matched 3
1209	2	\N	\N	\N	16620	16700	17840	18199	matched 3
1210	2	\N	\N	\N	18140	18230	19300	18346	matched 3
1211	2	\N	\N	\N	34750	34430	35330	19949	matched 3
1212	2	\N	\N	\N	36390	36070	36970	20113	matched 3
1213	2	\N	\N	\N	\N	1270	2870	4303	master only 1
1214	1	\N	\N	\N	9970	10040	11690	1167	matched 3
1215	2	\N	\N	\N	9190	9250	10900	1088	matched 3
1216	1	\N	\N	\N	15720	15810	16950	18110	matched 3
1217	2	\N	\N	\N	20090	20060	21090	18525	matched 3
1218	2	\N	\N	\N	35490	35170	36070	20023	matched 3
1219	2	\N	\N	\N	300	300	2060	206	matched 3
1220	1	\N	\N	\N	32480	32260	33160	19732	matched 3
1221	2	\N	\N	\N	15180	15270	16790	1677	matched 3
1222	2	\N	\N	\N	30490	30230	31140	19530	matched 3
1223	2	\N	\N	\N	38490	38170	39070	20322	matched 3
1224	1	\N	\N	\N	\N	13820	15370	5553	matched 3
1225	\N	\N	\N	\N	31620	31720	32770	11766	matched 3
1226	2	\N	\N	\N	\N	4570	6180	4634	matched 3
1227	\N	\N	\N	\N	2310	2320	3890	8878	matched 3
1228	\N	\N	\N	\N	7480	7440	8910	9380	matched 3
1229	2	\N	\N	\N	8360	8380	9540	17369	matched 3
1230	1	\N	\N	\N	17550	17660	19180	1916	matched 3
1231	2	\N	\N	\N	24390	24550	25870	2585	matched 3
1232	2	\N	\N	\N	28920	29100	30420	3040	matched 3
1233	1	\N	\N	\N	29420	29610	30930	3091	matched 3
1234	2	\N	\N	\N	32460	32630	33910	3389	matched 3
1235	2	\N	\N	\N	\N	35560	37020	7718	matched 3
1236	\N	\N	\N	\N	5910	5850	7370	9226	matched 3
1237	\N	\N	\N	\N	8350	8310	9790	9468	matched 3
1238	\N	\N	\N	\N	32630	32730	33780	11867	matched 3
1239	1	\N	\N	\N	7190	7200	8400	17255	matched 3
1240	2	\N	\N	\N	30940	30700	31570	19573	matched 3
1241	1	\N	\N	\N	36100	35780	36680	20084	matched 3
1242	2	\N	\N	herido	8660	8710	10400	1038	matched 3
1243	2	\N	\N	\N	\N	350	1940	4210	matched 3
1244	\N	\N	\N	\N	22090	22090	23300	10819	matched 3
1245	2	\N	\N	\N	4600	4620	6380	636	matched 3
1246	2	\N	\N	\N	11430	11510	13070	1305	matched 3
1247	2	\N	\N	\N	12150	12230	13790	1377	matched 3
1248	1	\N	\N	\N	20980	21110	22500	2248	matched 3
1249	\N	\N	\N	herido	21850	21990	23340	2332	matched 3
1250	2	\N	\N	\N	23060	23210	24530	2451	matched 3
1251	2	\N	\N	\N	24080	24240	25560	2554	matched 3
1252	2	\N	\N	\N	27190	27350	28670	2865	matched 3
1253	1	\N	\N	\N	29930	30120	31440	3142	matched 3
1254	\N	\N	\N	herido	32250	32440	33720	3370	matched 3
1255	2	\N	\N	\N	34690	34860	36090	3607	matched 3
1256	2	\N	\N	\N	36060	36230	37390	3737	matched 3
1257	2	\N	\N	\N	\N	12260	13800	5396	matched 3
1258	1	\N	\N	\N	\N	13980	15530	5569	matched 3
1259	2	\N	\N	\N	\N	14910	16430	5659	matched 3
1260	1	\N	\N	\N	\N	15570	17090	5725	matched 3
1261	2	\N	\N	\N	\N	20290	21830	6199	matched 3
1262	2	\N	\N	\N	\N	22310	23820	6398	matched 3
1263	2	\N	\N	herido	\N	23520	25050	6521	matched 3
1264	2	\N	\N	\N	\N	26220	27760	6792	matched 3
1265	2	\N	\N	\N	\N	35310	36770	7693	matched 3
1266	\N	\N	\N	herido	4490	4440	5990	9088	matched 3
1267	\N	\N	\N	\N	14240	14190	15620	10051	matched 3
1268	\N	\N	\N	\N	16380	16350	17740	10263	matched 3
1269	\N	\N	\N	\N	17500	17480	18870	10376	matched 3
1270	\N	\N	\N	\N	20440	20450	21730	10662	matched 3
1271	2	\N	\N	herido	27580	27660	28760	11365	master only 1
1272	\N	\N	\N	\N	29850	29940	31000	11589	matched 3
1273	\N	\N	\N	\N	30340	30450	31510	11640	matched 3
1274	\N	\N	\N	\N	31700	31800	32850	11774	matched 3
1275	\N	\N	\N	\N	32240	32340	33390	11828	matched 3
1276	\N	\N	\N	\N	36360	36450	37520	12241	matched 3
1277	\N	\N	\N	\N	37640	37730	38800	12369	matched 3
1278	\N	\N	\N	\N	38620	38710	39760	12465	matched 3
1279	2	\N	\N	herido	16970	17050	18160	18231	matched 3
1280	2	\N	\N	\N	25820	25760	26670	19083	matched 3
1281	1	\N	\N	\N	37760	37430	38330	20247	matched 3
1282	1	\N	\N	\N	37790	37460	38360	20250	matched 3
1283	2	\N	\N	\N	39270	38950	39850	20400	matched 3
1284	1	\N	\N	\N	28990	29180	30500	3048	matched 3
1285	2	\N	\N	\N	34820	34990	36220	3620	matched 3
1286	\N	\N	\N	\N	30830	30940	31980	11687	matched 3
1287	\N	\N	\N	\N	30940	31050	32090	11698	matched 3
1288	2	\N	\N	\N	19670	19650	20680	18484	matched 3
1289	2	\N	\N	\N	35040	34720	35620	19978	master only 1
1290	1	\N	\N	\N	37830	37500	38400	20254	matched 3
1291	2	\N	\N	\N	20340	20450	21860	2184	matched 3
1292	1	\N	\N	\N	\N	5130	6740	4690	matched 3
1293	2	\N	\N	\N	\N	11390	12990	5315	matched 3
1294	1	\N	\N	\N	27360	27280	28190	19235	matched 3
1295	2	\N	\N	\N	3500	3520	5280	526	matched 3
1296	2	\N	\N	herido	4090	4110	5870	585	matched 3
1297	2	\N	\N	\N	8010	8060	9750	973	matched 3
1298	2	\N	\N	\N	11650	11730	13290	1327	matched 3
1299	2	\N	\N	\N	15120	15210	16730	1671	matched 3
1300	2	\N	\N	\N	27740	27910	29230	2921	matched 3
1301	2	\N	\N	\N	\N	39430	40810	8097	matched 3
1302	\N	\N	\N	\N	6320	6260	7760	9265	matched 3
1303	\N	\N	\N	\N	32990	33090	34140	11903	matched 3
1304	2	\N	\N	\N	250	250	1530	16568	matched 3
1305	2	\N	\N	\N	500	510	1790	16594	matched 3
1306	2	\N	\N	\N	5740	5740	6940	17109	matched 3
1307	2	\N	\N	\N	8130	8150	9350	17350	matched 3
1308	2	\N	\N	\N	14190	14250	15410	17956	matched 3
1309	2	\N	\N	\N	18900	18880	19950	18411	matched 3
1310	2	\N	\N	\N	23170	23140	24090	18825	matched 3
1311	2	\N	\N	\N	24920	24860	25810	18997	matched 3
1312	2	\N	\N	\N	26510	26420	27330	19149	matched 3
1313	1	\N	\N	\N	30680	30420	31330	19549	matched 3
1314	2	\N	\N	\N	33810	33510	34410	19857	matched 3
1315	2	\N	\N	\N	35880	35560	36460	20062	matched 3
1316	2	\N	\N	\N	35930	35610	36510	20067	matched 3
1317	\N	\N	\N	\N	\N	230	\N	20847	matched 3
1318	2	\N	\N	\N	11040	11120	12680	1266	matched 3
1319	2	\N	\N	\N	24490	24650	25970	2595	matched 3
1320	2	\N	\N	\N	\N	21860	23380	6354	matched 3
1321	\N	\N	\N	\N	10170	10150	11630	9652	matched 3
1322	\N	\N	\N	\N	29520	29610	30670	11556	master only 1
1323	2	\N	\N	\N	40130	39820	40720	20487	matched 3
1324	2	\N	\N	\N	\N	580	2170	4233	matched 3
1325	\N	\N	\N	\N	7740	7700	9170	9406	matched 3
1326	\N	\N	\N	\N	14380	14330	15760	10065	matched 3
1327	1	\N	\N	\N	12410	12450	13610	17776	matched 3
1328	2	\N	\N	herido	9930	10000	11650	1163	master only 1
1329	\N	\N	\N	\N	39900	40000	41030	12592	matched 3
1330	2	\N	\N	\N	7580	7590	8790	17294	matched 3
1331	2	\N	\N	\N	\N	7480	9070	4923	matched 3
1332	\N	\N	\N	\N	26940	27020	28120	11301	matched 3
1333	2	\N	\N	\N	25640	25580	26490	19065	matched 3
1334	2	\N	\N	\N	35690	35370	36270	20043	matched 3
1335	\N	\N	\N	\N	2540	2550	4120	8901	matched 3
1336	\N	\N	\N	\N	32500	32600	33650	11854	matched 3
1337	2	\N	\N	\N	37030	37210	38330	3831	matched 3
1338	\N	\N	\N	\N	9010	8970	10450	9534	matched 3
1339	1	\N	\N	\N	\N	9660	11240	5140	matched 3
1340	2	\N	\N	\N	\N	37520	38950	7911	matched 3
1341	2	\N	\N	\N	23150	23120	24070	18823	matched 3
1342	1	\N	\N	\N	31850	31620	32520	19668	matched 3
1343	2	\N	\N	\N	\N	16120	17640	5780	matched 3
1344	2	\N	\N	\N	3260	3330	4570	16872	matched 3
1345	2	\N	\N	\N	24440	24410	25360	18952	matched 3
1346	2	\N	\N	\N	\N	880	2470	4263	matched 3
1347	\N	\N	\N	\N	16030	15980	17370	10226	matched 3
1348	2	\N	\N	herido	\N	28110	29600	6976	matched 3
1349	2	\N	\N	\N	18920	18900	19970	18413	matched 3
1350	1	\N	\N	\N	23310	23280	24230	18839	matched 3
1351	2	\N	\N	\N	30020	29760	30670	19483	matched 3
1352	1	\N	\N	\N	31570	31340	32210	19637	matched 3
1353	2	\N	\N	\N	\N	16920	18440	5860	master only 1
1354	2	\N	\N	\N	24940	25100	26420	2640	matched 3
1355	2	\N	\N	\N	25510	25670	26990	2697	matched 3
1356	1	\N	\N	\N	29230	29420	30740	3072	matched 3
1357	2	\N	\N	\N	29300	29490	30810	3079	matched 3
1358	1	\N	\N	\N	33590	33760	35040	3502	matched 3
1359	2	\N	\N	\N	\N	4130	5740	4590	matched 3
1360	2	\N	\N	\N	\N	12950	14490	5465	matched 3
1361	2	\N	\N	\N	\N	35860	37300	7746	matched 3
1362	2	\N	\N	\N	3730	3800	5000	16915	matched 3
1363	\N	\N	\N	\N	24680	24710	25930	11082	matched 3
1364	2	\N	\N	\N	11320	11400	12960	1294	matched 3
1365	1	\N	\N	\N	26170	26330	27650	2763	matched 3
1366	\N	\N	\N	\N	\N	31570	33030	7319	matched 3
1367	1	\N	\N	\N	\N	32010	33470	7363	matched 3
1368	1	\N	\N	\N	\N	39970	41350	8151	master only 1
1369	2	\N	\N	\N	\N	40470	41790	8195	matched 3
1370	\N	\N	\N	\N	4810	4750	6300	9119	matched 3
1371	\N	\N	\N	\N	29570	29660	30720	11561	matched 3
1372	2	\N	\N	\N	33430	33600	34880	3486	matched 3
1373	\N	\N	\N	\N	12590	12590	14040	9893	matched 3
1374	2	\N	\N	\N	4110	4130	5890	587	matched 3
1375	2	\N	\N	\N	20480	20590	22000	2198	matched 3
1376	2	\N	\N	\N	23020	23170	24490	2447	matched 3
1377	2	\N	\N	\N	25380	25540	26860	2684	matched 3
1378	1	\N	\N	\N	32380	32550	33830	3381	matched 3
1379	2	\N	\N	\N	\N	22060	23570	6373	matched 3
1380	\N	\N	\N	\N	4190	4140	5690	9058	matched 3
1381	\N	\N	\N	\N	4580	4540	6090	9098	matched 3
1382	\N	\N	\N	\N	24490	24520	25740	11063	matched 3
1383	2	\N	\N	\N	15160	15230	16370	18052	matched 3
1384	2	\N	\N	\N	31090	30850	31720	19588	matched 3
1385	\N	\N	\N	\N	23380	23390	24610	10950	matched 3
1386	\N	\N	\N	\N	1840	1860	3620	360	matched 3
1387	1	\N	\N	\N	5730	5760	7520	750	matched 3
1388	2	\N	\N	\N	9950	10020	11670	1165	matched 3
1389	2	\N	\N	\N	10100	10170	11820	1180	matched 3
1390	1	\N	\N	\N	10200	10270	11920	1190	matched 3
1391	2	\N	\N	\N	22420	22560	23880	2386	matched 3
1392	2	\N	\N	\N	24570	24730	26050	2603	matched 3
1393	2	\N	\N	\N	28020	28190	29510	2949	matched 3
1394	2	\N	\N	\N	\N	4590	6200	4636	matched 3
1395	2	\N	\N	\N	\N	14000	15550	5571	matched 3
1396	2	\N	\N	\N	\N	28190	29680	6984	matched 3
1397	2	\N	\N	\N	\N	31930	33390	7355	matched 3
1398	\N	\N	\N	\N	\N	32620	34080	7424	matched 3
1399	2	\N	\N	\N	\N	34490	35940	7610	matched 3
1400	2	\N	\N	\N	\N	40060	41440	8160	matched 3
1401	\N	\N	\N	\N	9090	9050	10530	9542	matched 3
1402	\N	\N	\N	\N	11740	11730	13210	9810	matched 3
1403	\N	\N	\N	\N	14180	14130	15560	10045	matched 3
1404	\N	\N	\N	\N	26650	26730	27830	11272	matched 3
1405	\N	\N	\N	\N	29170	29270	30330	11522	matched 3
1406	\N	\N	\N	\N	29580	29670	30730	11562	matched 3
1407	2	\N	\N	herido	30170	30260	31320	11621	matched 3
1408	2	\N	\N	\N	9260	9300	10460	17461	matched 3
1409	1	\N	\N	\N	11810	11850	13010	17716	matched 3
1410	2	\N	\N	\N	36290	35970	36870	20103	master only 1
1411	2	\N	\N	\N	37510	37180	38080	20222	matched 3
1412	2	\N	\N	\N	37970	37640	38540	20268	matched 3
1413	1	\N	\N	\N	\N	13530	15070	5523	master only 1
1414	2	\N	\N	\N	31710	31900	33180	3316	matched 3
1415	2	\N	\N	\N	\N	9340	10920	5108	matched 3
1416	2	\N	\N	\N	21320	21450	22840	2282	matched 3
1417	\N	\N	\N	\N	5350	5380	7140	712	matched 3
1418	2	\N	\N	\N	9220	9260	10420	17457	matched 3
1419	1	\N	\N	\N	27480	27650	28970	2895	matched 3
1420	\N	\N	\N	\N	16320	16290	17680	10257	matched 3
1421	\N	\N	\N	\N	16510	16480	17870	10276	matched 3
1422	2	\N	\N	\N	5170	5200	6960	694	matched 3
1423	2	\N	\N	\N	5680	5710	7470	745	matched 3
1424	2	\N	\N	\N	7520	7570	9260	924	matched 3
1425	2	\N	\N	\N	9300	9360	11010	1099	matched 3
1426	2	\N	\N	\N	9600	9660	11310	1129	matched 3
1427	2	\N	\N	\N	15700	15800	17320	1730	matched 3
1428	2	\N	\N	\N	16330	16440	17960	1794	matched 3
1429	2	\N	\N	\N	17100	17210	18730	1871	matched 3
1430	2	\N	\N	\N	22380	22520	23840	2382	matched 3
1431	2	\N	\N	\N	23340	23500	24820	2480	matched 3
1432	2	\N	\N	\N	26100	26260	27580	2756	matched 3
1433	2	\N	\N	\N	30680	30870	32150	3213	matched 3
1434	2	\N	\N	\N	32790	32960	34240	3422	matched 3
1435	\N	\N	\N	\N	35700	35870	37030	3701	matched 3
1436	2	\N	\N	\N	\N	5960	7570	4773	matched 3
1437	2	\N	\N	\N	\N	6870	8480	4864	matched 3
1438	2	\N	\N	\N	\N	9420	11000	5116	matched 3
1439	2	\N	\N	\N	\N	11310	12910	5307	master only 1
1440	2	\N	\N	\N	\N	11910	13450	5361	matched 3
1441	2	\N	\N	\N	\N	15610	17130	5729	matched 3
1442	1	\N	\N	\N	\N	20850	22400	6256	matched 3
1443	2	\N	\N	\N	\N	21960	23470	6363	matched 3
1444	2	\N	\N	\N	\N	35840	37280	7744	matched 3
1445	\N	\N	\N	\N	3950	3900	5450	9034	matched 3
1446	\N	\N	\N	\N	8270	8230	9710	9460	matched 3
1447	\N	\N	\N	\N	9250	9210	10690	9558	matched 3
1448	\N	\N	\N	\N	11440	11420	12900	9779	matched 3
1449	\N	\N	\N	\N	17270	17250	18640	10353	matched 3
1450	\N	\N	\N	\N	17630	17610	19000	10389	matched 3
1451	\N	\N	\N	\N	19510	19500	20820	10571	master only 1
1452	\N	\N	\N	\N	21920	21920	23130	10802	matched 3
1453	\N	\N	\N	\N	23290	23300	24520	10941	matched 3
1454	\N	\N	\N	\N	32100	32200	33250	11814	matched 3
1455	\N	\N	\N	\N	36620	36710	37780	12267	matched 3
1456	\N	\N	\N	\N	38730	38820	39870	12476	matched 3
1457	2	\N	\N	\N	6210	6220	7420	17157	matched 3
1458	2	\N	\N	herido	7500	7510	8710	17286	matched 3
1459	2	\N	\N	\N	13870	13930	15090	17924	matched 3
1460	2	\N	\N	\N	15490	15580	16720	18087	matched 3
1461	1	\N	\N	\N	16840	16920	18030	18218	matched 3
1462	2	\N	\N	\N	25780	25720	26630	19079	matched 3
1463	2	\N	\N	\N	35250	34930	35830	19999	matched 3
1464	2	\N	\N	\N	37110	37290	38410	3839	matched 3
1465	2	\N	\N	\N	\N	3230	4810	4497	matched 3
1466	2	\N	\N	\N	\N	36360	37790	7795	matched 3
1467	\N	\N	\N	\N	12010	12010	13480	9837	matched 3
1468	\N	\N	\N	\N	28140	28220	29280	11417	matched 3
1469	\N	\N	\N	\N	4900	4840	6390	9128	master only 1
1470	2	\N	\N	\N	38370	38050	38950	20310	master only 1
1471	2	\N	\N	\N	32720	32890	34170	3415	matched 3
1472	2	\N	\N	\N	27150	27070	27980	19214	matched 3
1473	2	\N	\N	\N	\N	36540	37970	7813	matched 3
1474	2	\N	\N	\N	\N	41130	42460	8262	matched 3
1475	\N	\N	\N	\N	33640	33740	34830	11972	matched 3
1476	2	\N	\N	\N	10660	10700	11860	17601	matched 3
1477	2	\N	\N	\N	11360	11400	12560	17671	matched 3
1478	2	\N	\N	herido	6020	6030	7230	17138	matched 3
1479	1	\N	\N	\N	23450	23610	24930	2491	matched 3
1480	\N	\N	\N	\N	33420	33520	34610	11950	matched 3
1481	\N	\N	\N	\N	33760	33860	34950	11984	matched 3
1482	2	\N	\N	\N	6110	6120	7320	17147	matched 3
1483	2	\N	\N	\N	17430	17510	18620	18278	matched 3
1484	2	\N	\N	\N	21880	21840	22790	18695	matched 3
1485	2	\N	\N	\N	6910	6950	8650	863	matched 3
1486	2	\N	\N	\N	13270	13360	14880	1486	matched 3
1487	2	\N	\N	\N	14990	15080	16600	1658	matched 3
1488	1	\N	\N	\N	15080	15170	16690	1667	matched 3
1489	2	\N	\N	\N	25060	25220	26540	2652	matched 3
1490	2	\N	\N	\N	26060	26220	27540	2752	matched 3
1491	2	\N	\N	\N	26300	26460	27780	2776	matched 3
1492	2	\N	\N	\N	28180	28350	29670	2965	matched 3
1493	2	\N	\N	\N	32550	32720	34000	3398	matched 3
1494	2	\N	\N	\N	\N	910	2500	4266	matched 3
1495	2	\N	\N	herido	\N	6160	7770	4793	matched 3
1496	2	\N	\N	\N	\N	6670	8280	4844	matched 3
1497	1	\N	\N	\N	\N	7510	9100	4926	matched 3
1498	2	\N	\N	\N	\N	8360	9950	5011	matched 3
1499	2	\N	\N	\N	\N	9700	11280	5144	matched 3
1500	\N	\N	\N	\N	\N	11130	12730	5289	matched 3
1501	2	\N	\N	\N	\N	12530	14070	5423	matched 3
1502	2	\N	\N	\N	\N	12900	14440	5460	matched 3
1503	2	\N	\N	\N	\N	22270	23780	6394	matched 3
1504	2	\N	\N	\N	\N	23570	25100	6526	matched 3
1505	2	\N	\N	\N	\N	30940	32390	7255	matched 3
1506	2	\N	\N	\N	\N	33350	34790	7495	matched 3
1507	1	\N	\N	\N	\N	33490	34930	7509	matched 3
1508	2	\N	\N	\N	\N	39410	40790	8095	matched 3
1509	\N	\N	\N	\N	130	130	1710	8660	matched 3
1510	\N	\N	\N	\N	1290	1300	2870	8776	matched 3
1511	\N	\N	\N	\N	2370	2380	3950	8884	matched 3
1512	\N	\N	\N	\N	5530	5470	6990	9188	matched 3
1513	\N	\N	\N	\N	17440	17420	18810	10370	matched 3
1514	\N	\N	\N	\N	27640	27720	28820	11371	matched 3
1515	\N	\N	\N	\N	28650	28750	29810	11470	matched 3
1516	\N	\N	\N	\N	30240	30350	31410	11630	matched 3
1517	\N	\N	\N	\N	32410	32510	33560	11845	matched 3
1518	\N	\N	\N	\N	35880	35970	37040	12193	matched 3
1519	\N	\N	\N	\N	37110	37200	38270	12316	matched 3
1520	\N	\N	\N	\N	38050	38140	39210	12410	matched 3
1521	1	\N	\N	\N	5840	5840	7040	17119	matched 3
1522	2	\N	\N	\N	8410	8430	9590	17374	matched 3
1523	2	\N	\N	\N	13440	13500	14660	17881	matched 3
1524	2	\N	\N	herido	14710	14770	15930	18008	matched 3
1525	2	\N	\N	\N	16050	16140	17280	18143	matched 3
1526	2	\N	\N	\N	17890	17950	19050	18321	matched 3
1527	2	\N	\N	\N	18850	18830	19900	18406	matched 3
1528	\N	\N	\N	\N	24560	24530	25480	18964	matched 3
1529	2	\N	\N	\N	27280	27200	28110	19227	matched 3
1530	2	\N	\N	\N	29640	29380	30290	19445	matched 3
1531	2	\N	\N	\N	29900	29640	30550	19471	matched 3
1532	1	\N	\N	\N	34700	34380	35280	19944	matched 3
1533	2	\N	\N	\N	36840	36520	37420	20158	matched 3
1534	2	\N	\N	\N	25020	25180	26500	2648	matched 3
1535	2	\N	\N	\N	\N	20610	22150	6231	matched 3
1536	1	\N	\N	\N	\N	26330	27870	6803	matched 3
1537	2	\N	\N	\N	\N	28680	30180	7034	matched 3
1538	2	\N	\N	\N	\N	30160	31650	7181	matched 3
1539	2	\N	\N	\N	\N	35020	36470	7663	matched 3
1540	\N	\N	\N	\N	4720	4660	6210	9110	matched 3
1541	\N	\N	\N	\N	5570	5510	7030	9192	matched 3
1542	\N	\N	\N	\N	10110	10080	11560	9645	matched 3
1543	\N	\N	\N	\N	12460	12460	13910	9880	matched 3
1544	\N	\N	\N	\N	12840	12840	14280	9917	matched 3
1545	\N	\N	\N	\N	12970	12970	14410	9930	matched 3
1546	\N	\N	\N	\N	32020	32120	33170	11806	matched 3
1547	1	\N	\N	\N	10970	11010	12170	17632	matched 3
1548	1	\N	\N	\N	23560	23530	24480	18864	matched 3
1549	2	\N	\N	\N	24880	24820	25770	18993	matched 3
1550	2	\N	\N	\N	26210	26150	27060	19122	matched 3
1551	2	\N	\N	\N	26320	26260	27170	19133	matched 3
1552	\N	\N	\N	\N	26420	26360	27270	19143	matched 3
1553	2	\N	\N	\N	31820	31590	32490	19665	matched 3
1554	2	\N	\N	\N	2710	2730	4490	447	matched 3
1555	2	\N	\N	\N	7000	7040	8740	872	matched 3
1556	2	\N	\N	\N	16110	16210	17730	1771	matched 3
1557	2	\N	\N	\N	21100	21230	22620	2260	matched 3
1558	2	\N	\N	\N	29260	29450	30770	3075	matched 3
1559	1	\N	\N	\N	\N	12170	13710	5387	matched 3
1560	2	\N	\N	\N	\N	39140	40540	8070	matched 3
1561	\N	\N	\N	\N	37230	37320	38390	12328	matched 3
1562	\N	\N	\N	\N	38880	38980	40030	12492	matched 3
1563	\N	\N	\N	\N	17300	17280	18670	10356	matched 3
1564	2	\N	\N	\N	13840	13900	15060	17921	matched 3
1565	1	\N	\N	\N	\N	19030	20570	6073	matched 3
1566	2	\N	\N	\N	\N	10120	11700	5186	matched 3
1567	2	\N	\N	\N	\N	17040	18560	5872	matched 3
1568	2	\N	\N	\N	\N	10490	12080	5224	matched 3
1569	2	\N	\N	\N	\N	16600	18120	5828	matched 3
1570	\N	\N	\N	\N	22040	22040	23250	10814	matched 3
1571	1	\N	\N	\N	6660	6690	8390	837	matched 3
1572	\N	\N	\N	\N	\N	18260	19790	5995	matched 3
1573	2	\N	\N	\N	\N	29280	30780	7094	matched 3
1574	\N	\N	\N	\N	21180	21200	22450	10734	matched 3
1575	\N	\N	\N	\N	29710	29800	30860	11575	matched 3
1576	2	\N	\N	\N	41930	41670	42570	20672	master only 1
1577	1	\N	\N	\N	\N	24420	25950	6611	matched 3
1578	2	\N	\N	\N	\N	24460	25990	6615	matched 3
1579	2	\N	\N	\N	\N	31970	33430	7359	matched 3
1580	2	\N	\N	\N	\N	35670	37130	7729	matched 3
1581	\N	\N	\N	\N	2460	2470	4040	8893	matched 3
1582	\N	\N	\N	\N	31400	31500	32550	11744	matched 3
1583	2	\N	\N	\N	31440	31210	32080	19624	matched 3
1584	1	\N	\N	\N	\N	5780	7390	4755	matched 3
1585	2	\N	\N	\N	\N	12220	13760	5392	matched 3
1586	2	\N	\N	\N	600	610	2370	237	matched 3
1587	2	\N	\N	\N	36940	36620	37520	20168	matched 3
1588	2	\N	\N	\N	\N	22000	23510	6367	matched 3
1589	2	\N	\N	\N	\N	29980	31470	7163	matched 3
1590	2	\N	\N	\N	\N	32460	33920	7408	matched 3
1591	2	\N	\N	\N	\N	38710	40110	8027	matched 3
1592	1	\N	\N	\N	21240	21200	22150	18631	matched 3
1593	1	\N	\N	\N	31360	31130	32000	19616	matched 3
1594	1	\N	\N	\N	\N	27100	28640	6880	matched 3
1595	1	\N	\N	herido	7120	7160	8860	884	matched 3
1596	2	\N	\N	\N	24980	25140	26460	2644	matched 3
1597	2	\N	\N	\N	26660	26820	28140	2812	matched 3
1598	2	\N	\N	\N	\N	2870	4430	4459	matched 3
1599	2	\N	\N	\N	\N	16280	17800	5796	matched 3
1600	2	\N	\N	\N	\N	25080	26600	6676	matched 3
1601	2	\N	\N	\N	\N	28070	29560	6972	matched 3
1602	2	\N	\N	\N	\N	31890	33350	7351	matched 3
1603	2	\N	\N	\N	\N	34080	35530	7569	matched 3
1604	\N	\N	\N	\N	7030	6970	8470	9336	matched 3
1605	\N	\N	\N	\N	16540	16510	17900	10279	matched 3
1606	\N	\N	\N	\N	25480	25530	26670	11156	matched 3
1607	\N	\N	\N	\N	28270	28350	29410	11430	matched 3
1608	\N	\N	\N	\N	33650	33750	34840	11973	matched 3
1609	\N	\N	\N	\N	33680	33780	34870	11976	matched 3
1610	2	\N	\N	herido	17990	18060	19130	18329	matched 3
1611	1	\N	\N	\N	25300	25240	26190	19035	matched 3
1612	1	\N	\N	\N	27610	27530	28440	19260	matched 3
1613	1	\N	\N	\N	34220	33920	34820	19898	matched 3
1614	2	\N	\N	\N	\N	4520	6130	4629	matched 3
1615	2	\N	\N	\N	\N	23460	24990	6515	matched 3
1616	2	\N	\N	\N	24830	24990	26310	2629	matched 3
1617	2	\N	\N	\N	20440	20550	21960	2194	matched 3
1618	2	\N	\N	\N	\N	26270	27810	6797	matched 3
1619	2	\N	\N	\N	\N	40190	41580	8174	matched 3
1620	2	\N	\N	\N	7160	7210	8900	888	matched 3
1621	2	\N	\N	\N	30450	30640	31960	3194	matched 3
1622	2	\N	\N	\N	\N	3650	5240	4540	matched 3
1623	1	\N	\N	\N	\N	22750	24270	6443	matched 3
1624	2	\N	\N	herido	\N	35900	37320	7748	matched 3
1625	2	\N	\N	\N	26570	26480	27390	19155	matched 3
1626	1	\N	\N	\N	1100	1120	2880	288	matched 3
1627	2	\N	\N	\N	9520	9580	11230	1121	matched 3
1628	2	\N	\N	\N	\N	11110	12710	5287	matched 3
1629	2	\N	\N	\N	\N	32500	33960	7412	matched 3
1630	\N	\N	\N	\N	310	310	1890	8678	matched 3
1631	\N	\N	\N	\N	5290	5230	6750	9164	matched 3
1632	1	\N	\N	\N	25330	25270	26220	19038	matched 3
1633	2	\N	\N	\N	39880	39570	40470	20462	matched 3
1634	2	\N	\N	\N	7970	8020	9710	969	matched 3
1635	2	\N	\N	\N	\N	12130	13670	5383	matched 3
1636	2	\N	\N	\N	\N	23790	25320	6548	matched 3
1637	2	\N	\N	\N	\N	24070	25600	6576	matched 3
1638	2	\N	\N	\N	36340	36020	36920	20108	matched 3
1639	2	\N	\N	\N	36620	36300	37200	20136	matched 3
1640	1	\N	\N	\N	\N	12860	14400	5456	matched 3
1641	1	\N	\N	herido	\N	25560	27090	6725	matched 3
1642	2	\N	\N	\N	\N	26250	27790	6795	matched 3
1643	\N	\N	\N	\N	7950	7910	9390	9428	matched 3
1644	\N	\N	\N	\N	15100	15050	16440	10133	matched 3
1645	\N	\N	\N	\N	23830	23860	25080	10997	matched 3
1646	\N	\N	\N	\N	33070	33170	34220	11911	matched 3
1647	2	\N	\N	\N	36860	37040	38200	3818	matched 3
1648	2	\N	\N	\N	\N	12050	13590	5375	matched 3
1649	\N	\N	\N	\N	9380	9340	10820	9571	matched 3
1650	2	\N	\N	\N	18380	18470	19540	18370	matched 3
1651	2	\N	\N	\N	\N	13880	15430	5559	matched 3
1652	\N	\N	\N	\N	25090	25130	26270	11116	matched 3
1653	\N	\N	\N	\N	33180	33280	34370	11926	matched 3
1654	2	\N	\N	\N	28500	28680	30000	2998	matched 3
1655	2	\N	\N	\N	33630	33800	35080	3506	matched 3
1656	2	\N	\N	\N	7010	7020	8220	17237	matched 3
1657	2	\N	\N	\N	8030	8050	9250	17340	matched 3
1658	2	\N	\N	\N	\N	1800	3360	4352	matched 3
1659	2	\N	\N	\N	23940	23910	24860	18902	matched 3
1660	2	\N	\N	\N	34300	34000	34900	19906	matched 3
1661	2	\N	\N	\N	1740	1710	2430	21125	matched 3
1662	2	\N	\N	\N	\N	4930	6770	13426	matched 3
1663	2	\N	\N	\N	\N	6310	8120	13561	matched 3
1664	2	\N	\N	\N	\N	11480	13250	14074	matched 3
1665	2	\N	\N	\N	\N	33020	34250	16174	matched 3
1666	1	\N	\N	\N	11850	11890	13050	17720	matched 3
1667	2	\N	\N	\N	22640	22800	23360	23208	matched 3
1668	1	\N	\N	\N	10360	10450	11100	21985	matched 3
1669	2	\N	\N	\N	\N	16530	18180	14567	matched 3
1670	2	\N	\N	\N	\N	33980	35210	16270	matched 3
1671	2	\N	\N	\N	17670	17730	18880	18304	matched 3
1672	\N	\N	31000	\N	\N	730	39490	3947	matched 3
1673	\N	\N	\N	muerto	\N	\N	910	24835	matched 3
1674	\N	\N	90420	\N	\N	170	38930	3891	matched 3
1675	2	\N	\N	\N	\N	22150	23730	15122	matched 3
1676	2	\N	\N	\N	\N	18500	20110	14760	matched 3
1677	2	\N	\N	\N	\N	15330	17000	14449	matched 3
1678	2	\N	\N	\N	\N	21330	22900	15039	matched 3
1679	2	\N	\N	\N	\N	25600	27070	15456	matched 3
1680	2	\N	\N	\N	\N	29100	30490	15798	matched 3
1681	\N	\N	\N	\N	\N	580	\N	20868	matched 3
1682	1	\N	\N	\N	27360	27520	28000	23668	matched 3
1683	2	\N	\N	\N	30920	31030	31510	24019	matched 3
1684	2	\N	\N	\N	32490	32600	33080	24176	matched 3
1685	2	\N	\N	\N	4040	4040	4720	21350	matched 3
1686	2	\N	\N	\N	\N	18970	20550	14804	matched 3
1687	\N	\N	32800	\N	\N	30	42740	20689	matched 3
1688	2	\N	\N	\N	\N	15090	16760	14425	matched 3
1689	1	\N	\N	\N	\N	17780	19390	14688	matched 3
1690	2	\N	\N	\N	950	950	1670	21051	matched 3
1691	1	\N	\N	\N	1250	1250	1970	21079	matched 3
1692	2	\N	\N	\N	7830	7860	8510	21730	matched 3
1693	2	\N	\N	\N	\N	29780	31180	15867	matched 3
1694	2	\N	\N	\N	3080	3070	3790	21257	matched 3
1695	2	\N	\N	\N	4570	4570	5250	21403	matched 3
1696	2	\N	\N	\N	31580	31680	32160	24084	matched 3
1697	2	\N	\N	\N	33600	33710	34190	24286	matched 3
1698	2	\N	\N	\N	33640	33750	34230	24290	matched 3
1699	\N	\N	\N	\N	\N	730	440	12793	matched 3
1700	\N	\N	138110	\N	\N	270	39030	3901	matched 3
1701	\N	\N	\N	\N	33180	33290	33770	24244	matched 3
1702	2	\N	\N	\N	11280	11380	12030	22075	matched 3
1703	2	\N	\N	\N	\N	23390	24970	15246	matched 3
1704	2	\N	\N	\N	15110	15210	15860	22458	matched 3
1705	2	\N	\N	\N	29000	29150	29630	23831	matched 3
1706	\N	\N	\N	\N	\N	\N	42490	12738	matched 3
1707	2	\N	\N	\N	27760	27920	28400	23708	matched 3
1708	2	\N	\N	\N	27920	28080	28560	23724	matched 3
1709	2	\N	\N	\N	\N	9580	11370	13886	matched 3
1710	\N	\N	\N	\N	\N	\N	41850	12674	matched 3
1711	2	\N	\N	herido	\N	20700	22270	14976	matched 3
1712	2	\N	\N	muerto	920	920	1640	21048	matched 3
1713	2	\N	\N	\N	8960	9030	9680	21847	matched 3
1714	2	\N	\N	\N	4770	4770	5450	21423	matched 3
1715	\N	\N	\N	herido	\N	50	30	8492	matched 3
1716	\N	\N	\N	\N	\N	70	70	12756	matched 3
1717	2	\N	\N	\N	\N	22420	24000	15149	matched 3
1718	2	\N	\N	\N	32020	32120	32600	24128	matched 3
1719	\N	\N	\N	herido	\N	32240	33500	16099	matched 3
1720	\N	\N	\N	\N	\N	1010	1730	12922	matched 3
1721	2	\N	\N	\N	\N	3140	5080	13257	matched 3
1722	1	\N	\N	\N	30080	30200	30680	23936	matched 3
1723	2	\N	\N	\N	34860	35030	36260	3624	matched 3
1724	1	\N	\N	\N	\N	3100	5040	13253	matched 3
1725	2	\N	\N	\N	20490	20640	21220	22994	matched 3
1726	\N	\N	\N	\N	22350	22510	23090	23181	matched 3
1727	2	\N	\N	\N	22870	23030	23590	23231	matched 3
1728	1	\N	\N	\N	29300	29450	29930	23861	matched 3
1729	\N	\N	\N	herido	\N	\N	870	24831	matched 3
1730	\N	\N	\N	herido	\N	\N	2400	24979	matched 3
1731	2	\N	\N	\N	28730	28880	29360	23804	matched 3
1732	\N	\N	\N	herido	\N	14380	16110	14360	matched 3
1733	2	\N	\N	\N	31900	32000	32480	24116	matched 3
1734	2	\N	\N	\N	\N	30450	31830	15932	matched 3
1735	2	\N	\N	\N	\N	2420	4360	13185	matched 3
1736	1	\N	\N	\N	19710	19850	20430	22915	matched 3
1737	2	\N	\N	\N	27020	27180	27700	23638	matched 3
1738	2	\N	\N	\N	\N	33290	34520	16201	matched 3
1739	2	\N	\N	\N	35640	35750	36210	24484	matched 3
1740	2	\N	\N	\N	\N	11040	12830	14032	matched 3
1741	2	\N	\N	\N	31520	31620	32100	24078	matched 3
1742	2	\N	\N	\N	2890	2880	3600	21238	matched 3
1743	1	\N	\N	\N	22720	22880	23440	23216	matched 3
1744	1	\N	\N	\N	\N	18700	20280	14777	matched 3
1745	2	\N	\N	\N	7790	7820	8470	21726	matched 3
1746	\N	\N	\N	\N	\N	590	420	42	matched 3
1747	1	\N	\N	\N	27670	27830	28310	23699	matched 3
1748	2	\N	\N	\N	\N	24930	26430	15392	matched 3
1749	2	\N	\N	\N	\N	9830	11620	13911	matched 3
1750	2	\N	\N	\N	\N	30810	32190	15968	matched 3
1751	\N	\N	\N	\N	\N	510	200	16429	matched 3
1752	\N	\N	\N	\N	\N	520	320	8521	matched 3
1753	\N	\N	\N	\N	35330	35430	36500	12139	matched 3
1754	2	\N	\N	\N	14950	15050	15700	22442	matched 3
1755	\N	\N	\N	\N	33170	33280	33760	24243	matched 3
1756	\N	\N	\N	herido	\N	390	260	12775	matched 3
1757	\N	\N	\N	\N	\N	180	120	12	matched 3
1758	2	\N	\N	\N	\N	2380	4320	13181	matched 3
1759	\N	\N	\N	\N	\N	70	70	7	matched 3
1760	2	\N	\N	\N	\N	30170	31550	15904	matched 3
1761	2	\N	\N	\N	35550	35660	36120	24475	matched 3
1762	2	\N	\N	\N	\N	11840	13610	14110	matched 3
1763	2	\N	\N	\N	28480	28630	29110	23779	matched 3
1764	2	\N	\N	\N	\N	14450	16150	14364	matched 3
1765	2	\N	\N	\N	14910	15010	15660	22438	matched 3
1766	2	\N	\N	\N	16320	16430	17050	22577	matched 3
1767	2	\N	\N	\N	21650	21800	22380	23110	matched 3
1768	2	\N	\N	\N	31100	31200	31680	24036	matched 3
1769	\N	\N	\N	\N	\N	\N	1250	24870	matched 3
1770	2	\N	\N	\N	\N	23360	24940	15243	matched 3
1771	2	\N	\N	\N	31290	31390	31870	24055	matched 3
1772	\N	\N	\N	\N	\N	90	50	16414	matched 3
1773	\N	\N	\N	\N	\N	30	30	3	matched 3
1774	\N	\N	\N	\N	\N	660	1420	8631	matched 3
1775	\N	\N	\N	\N	\N	750	1440	12893	matched 3
1776	2	\N	\N	\N	\N	14930	16600	14409	matched 3
1777	1	\N	\N	\N	11700	11800	12450	22117	matched 3
1778	\N	\N	\N	\N	\N	\N	180	24778	matched 3
1779	\N	\N	\N	\N	\N	\N	1710	24914	matched 3
1780	\N	\N	450000	\N	\N	390	37380	24601	matched 3
1781	2	\N	\N	\N	23060	23220	23780	23250	matched 3
1782	1	\N	\N	\N	\N	33620	34850	16234	matched 3
1783	1	\N	\N	\N	\N	28300	29680	15717	matched 3
1784	2	\N	\N	\N	31440	31540	32020	24070	matched 3
1785	2	\N	\N	\N	31610	31710	32190	24087	matched 3
1786	\N	\N	\N	\N	\N	540	390	39	matched 3
1787	\N	\N	\N	\N	\N	\N	42330	12722	matched 3
1788	2	\N	\N	\N	\N	18120	19730	14722	matched 3
1789	2	\N	\N	\N	\N	21230	22800	15029	matched 3
1790	2	\N	\N	\N	\N	24890	26390	15388	matched 3
1791	2	\N	\N	\N	\N	25700	27170	15466	matched 3
1792	1	\N	\N	\N	\N	33350	34580	16207	matched 3
1793	2	\N	\N	\N	5850	5860	6540	21532	matched 3
1794	2	\N	\N	\N	16830	16950	17570	22629	matched 3
1795	1	\N	\N	\N	16870	16990	17610	22633	matched 3
1796	1	\N	\N	\N	23030	23190	23750	23247	matched 3
1797	2	\N	\N	\N	24090	24250	24810	23353	matched 3
1798	2	\N	\N	\N	33370	33480	33960	24263	matched 3
1799	2	\N	\N	\N	33710	33820	34300	24297	matched 3
1800	1	\N	\N	\N	\N	28520	29900	15739	matched 3
1801	2	\N	\N	\N	\N	12620	14390	14188	matched 3
1802	2	\N	\N	\N	10170	10260	10910	21970	matched 3
1803	2	\N	\N	\N	\N	28570	29950	15744	matched 3
1804	2	\N	\N	\N	24240	24400	24960	23368	matched 3
1805	\N	\N	\N	\N	\N	\N	42470	12736	matched 3
1806	2	\N	\N	\N	\N	4840	6680	13417	matched 3
1807	2	\N	\N	\N	\N	5490	7340	13483	matched 3
1808	2	\N	\N	\N	10280	10370	11020	21977	matched 3
1809	2	\N	\N	\N	20780	20930	21510	23023	matched 3
1810	2	\N	\N	\N	28990	29140	29620	23830	matched 3
1811	\N	\N	41000	\N	\N	1310	40070	4005	matched 3
1812	\N	\N	\N	\N	\N	110	50	4021	matched 3
1813	2	\N	\N	\N	\N	7540	9350	13684	matched 3
1814	1	\N	\N	\N	\N	29070	30460	15795	matched 3
1815	\N	\N	\N	\N	\N	170	820	16497	matched 3
1816	2	\N	\N	\N	11540	11640	12290	22101	matched 3
1817	1	\N	\N	\N	26470	26630	27150	23583	matched 3
1818	2	\N	\N	\N	32680	32790	33270	24195	matched 3
1819	\N	\N	292209	\N	\N	150	38910	3889	matched 3
1820	2	\N	\N	\N	29230	29380	29860	23854	matched 3
1821	2	\N	\N	\N	\N	8430	10220	13771	matched 3
1822	\N	\N	\N	\N	\N	430	590	20943	matched 3
1823	\N	\N	\N	\N	\N	\N	270	24785	matched 3
1824	1	\N	\N	\N	4890	4900	5580	21436	matched 3
1825	2	\N	\N	\N	32530	32640	33120	24180	matched 3
1826	\N	\N	67000	\N	\N	10	37000	24563	matched 3
1827	2	\N	\N	\N	26140	26300	26820	23550	matched 3
1828	2	\N	\N	\N	\N	2830	4770	13226	matched 3
1829	2	\N	\N	\N	\N	4450	6350	13384	matched 3
1830	2	\N	\N	\N	\N	11390	13160	14065	matched 3
1831	2	\N	\N	\N	\N	33820	35050	16254	matched 3
1832	1	\N	\N	\N	2370	2370	3090	21187	matched 3
1833	2	\N	\N	\N	\N	13270	15000	14249	matched 3
1834	\N	\N	\N	\N	\N	350	1020	8591	matched 3
1835	2	\N	\N	\N	\N	15210	16880	14437	matched 3
1836	2	\N	\N	\N	33760	33870	34350	24302	matched 3
1837	2	\N	\N	\N	34360	34470	34930	24360	matched 3
1838	2	\N	\N	\N	\N	6560	8370	13586	matched 3
1839	2	\N	\N	\N	\N	13450	15180	14267	matched 3
1840	2	\N	\N	\N	24210	24370	24930	23365	matched 3
1841	2	\N	\N	\N	36000	36120	36580	24521	matched 3
1842	\N	\N	\N	\N	\N	390	35630	16312	matched 3
1843	\N	\N	\N	\N	\N	460	330	33	matched 3
1844	2	\N	\N	\N	24270	24430	24990	23371	matched 3
1845	\N	\N	\N	\N	\N	440	310	31	matched 3
1846	2	\N	\N	\N	\N	23890	25450	15294	matched 3
1847	2	\N	\N	\N	27590	27750	28230	23691	matched 3
1848	2	\N	\N	herido	\N	23090	24670	15216	matched 3
1849	\N	\N	\N	\N	\N	\N	1550	24898	matched 3
1850	\N	\N	\N	herido	\N	670	380	8527	matched 3
1851	2	\N	\N	\N	9720	9810	10460	21925	matched 3
1852	1	\N	\N	\N	23140	23300	23860	23258	matched 3
1853	2	\N	\N	\N	23610	23770	24330	23305	matched 3
1854	2	\N	\N	\N	\N	32980	34210	16170	matched 3
1855	\N	\N	\N	herido	\N	480	170	16426	matched 3
1856	2	\N	\N	herido	6480	6500	7180	21596	matched 3
1857	\N	\N	97440	\N	\N	510	37500	24613	matched 3
1858	\N	\N	\N	herido	\N	\N	1060	24853	matched 3
1859	\N	\N	\N	\N	15270	15220	16610	10150	matched 3
1860	\N	\N	\N	\N	\N	470	630	20947	matched 3
1861	2	\N	\N	\N	26900	27060	27580	23626	matched 3
1862	2	\N	\N	\N	29030	29180	29660	23834	matched 3
1863	\N	\N	\N	\N	32580	32690	33170	24185	matched 3
1864	2	\N	\N	\N	\N	33220	34450	16194	matched 3
1865	\N	\N	\N	\N	\N	910	580	12807	matched 3
1866	1	\N	\N	\N	\N	2910	4850	13234	matched 3
1867	2	\N	\N	\N	\N	11760	13530	14102	matched 3
1868	\N	\N	\N	\N	\N	\N	880	24832	matched 3
1869	2	\N	\N	\N	31920	32020	32500	24118	matched 3
1870	2	\N	\N	\N	19080	19190	20670	2065	matched 3
1871	1	\N	\N	\N	36000	36170	37330	3731	matched 3
1872	1	\N	\N	\N	\N	7320	9130	13662	matched 3
1873	2	\N	\N	\N	\N	16390	18040	14553	matched 3
1874	2	\N	\N	\N	\N	29220	30610	15810	matched 3
1875	2	\N	\N	\N	30360	30480	30960	23964	matched 3
1876	\N	\N	\N	\N	\N	\N	2060	24945	matched 3
1877	\N	\N	\N	\N	\N	910	\N	16455	matched 3
1878	2	\N	\N	\N	9890	9980	10630	21942	matched 3
1879	2	\N	\N	\N	4810	4810	5490	21427	matched 3
1880	1	\N	\N	\N	\N	25030	26530	15402	matched 3
1881	2	\N	\N	\N	26200	26360	26880	23556	matched 3
1882	2	\N	\N	\N	4490	4490	5170	21395	matched 3
1883	2	\N	\N	\N	\N	30490	31870	15936	matched 3
1884	\N	\N	\N	\N	\N	20	10	4017	matched 3
1885	2	\N	\N	\N	15250	15350	15970	22469	matched 3
1886	2	\N	\N	\N	34110	34220	34700	24337	matched 3
1887	1	\N	\N	\N	\N	2850	4790	13228	matched 3
1888	1	\N	\N	\N	560	560	1280	21012	matched 3
1889	\N	\N	\N	\N	\N	200	590	4075	matched 3
1890	2	\N	\N	\N	\N	28650	30030	15752	matched 3
1891	2	\N	\N	\N	14830	14930	15580	22430	matched 3
1892	2	\N	\N	\N	22530	22690	23250	23197	matched 3
1893	2	\N	\N	\N	\N	5670	7530	13502	matched 3
1894	2	\N	\N	\N	\N	23520	25110	15260	matched 3
1895	2	\N	\N	\N	\N	24870	26370	15386	matched 3
1896	2	\N	\N	\N	23640	23610	24560	18872	matched 3
1897	2	\N	\N	\N	3600	3590	4310	21309	matched 3
1898	1	\N	\N	\N	27290	27450	27930	23661	matched 3
1899	2	\N	\N	\N	\N	13190	14920	14241	matched 3
1900	2	\N	\N	\N	\N	17360	18970	14646	matched 3
1901	1	\N	\N	\N	1860	1830	2550	21137	matched 3
1902	\N	\N	\N	herido	\N	\N	1670	24910	matched 3
1903	2	\N	\N	\N	33330	33440	33920	24259	matched 3
1904	2	\N	\N	\N	\N	14540	16240	14373	matched 3
1905	\N	\N	\N	\N	\N	\N	42110	12700	matched 3
1906	1	\N	\N	\N	\N	2640	4580	13207	matched 3
1907	2	\N	\N	\N	\N	23020	24600	15209	matched 3
1908	2	\N	\N	\N	34070	34180	34660	24333	matched 3
1909	2	\N	\N	\N	5370	5380	6060	21484	matched 3
1910	\N	\N	\N	\N	\N	890	560	12805	matched 3
1911	1	\N	\N	\N	\N	3060	5000	13249	matched 3
1912	1	\N	\N	\N	\N	18620	20200	14769	matched 3
1913	2	\N	\N	\N	5760	5770	6450	21523	matched 3
1914	2	\N	\N	\N	19210	19350	19930	22865	matched 3
1915	1	\N	\N	herido	\N	6210	8020	13551	matched 3
1916	2	\N	\N	\N	35250	35360	35820	24444	matched 3
1917	2	\N	\N	\N	440	440	1160	21000	matched 3
1918	2	\N	\N	\N	\N	12970	14740	14223	matched 3
1919	2	\N	\N	\N	30910	31020	31500	24018	matched 3
1920	2	\N	\N	\N	33540	33650	34130	24280	matched 3
1921	2	\N	\N	\N	\N	11460	13230	14072	matched 3
1922	1	\N	\N	\N	21850	22000	22580	23130	matched 3
1923	\N	\N	1008900	\N	\N	1150	39910	3989	matched 3
1924	\N	\N	\N	herido	\N	810	390	16448	matched 3
1925	2	\N	\N	\N	31160	31260	31740	24042	matched 3
1926	2	\N	\N	\N	32060	32160	32640	24132	matched 3
1927	\N	\N	220000	\N	\N	410	37400	24603	matched 3
1928	2	\N	\N	\N	25010	25170	25730	23441	matched 3
1929	2	\N	\N	\N	6320	6330	7010	21579	matched 3
1930	2	\N	\N	\N	35790	35900	36360	24499	matched 3
1931	\N	\N	\N	\N	\N	\N	800	24826	matched 3
1932	\N	\N	\N	\N	\N	\N	41330	12622	matched 3
1933	\N	\N	\N	\N	\N	240	160	12765	matched 3
1934	2	\N	\N	\N	\N	24790	26290	15378	matched 3
1935	\N	\N	\N	\N	\N	200	300	20914	matched 3
1936	\N	\N	\N	\N	\N	550	220	16431	matched 3
1937	\N	\N	\N	\N	\N	230	860	12835	matched 3
1938	1	\N	\N	\N	12230	12320	12970	22169	matched 3
1939	\N	\N	\N	\N	\N	70	30	4019	matched 3
1940	\N	\N	\N	\N	\N	460	270	8516	matched 3
1941	\N	\N	\N	\N	\N	16670	18290	14578	matched 3
1942	1	\N	\N	\N	\N	23470	25050	15254	matched 3
1943	\N	\N	\N	\N	\N	180	280	20912	matched 3
1944	1	\N	\N	\N	10680	10780	11430	22018	matched 3
1945	1	\N	\N	\N	12160	12250	12900	22162	matched 3
1946	2	\N	\N	\N	29440	29590	30070	23875	matched 3
1947	2	\N	\N	\N	33730	33840	34320	24299	matched 3
1948	2	\N	\N	\N	36350	36470	36930	24556	matched 3
1949	\N	\N	\N	\N	\N	70	30	16412	matched 3
1950	2	\N	\N	\N	30980	31090	31570	24025	matched 3
1951	\N	\N	\N	herido	\N	\N	1150	24862	matched 3
1952	2	\N	\N	\N	\N	7780	9570	13706	matched 3
1953	2	\N	\N	\N	22830	22990	23550	23227	matched 3
1954	2	\N	\N	\N	\N	32280	33540	16103	matched 3
1955	\N	\N	\N	\N	\N	740	1220	4138	matched 3
1956	\N	\N	\N	herido	\N	850	1330	4149	matched 3
1957	2	\N	\N	\N	\N	3040	4980	13247	matched 3
1958	2	\N	\N	\N	\N	6720	8530	13602	matched 3
1959	2	\N	\N	\N	\N	8170	9960	13745	matched 3
1960	2	\N	\N	\N	\N	8220	10010	13750	matched 3
1961	2	\N	\N	\N	\N	8270	10060	13755	matched 3
1962	2	\N	\N	\N	\N	9500	11290	13878	matched 3
1963	2	\N	\N	\N	\N	9840	11630	13912	matched 3
1964	2	\N	\N	\N	\N	11510	13280	14077	matched 3
1965	2	\N	\N	\N	\N	11660	13430	14092	matched 3
1966	2	\N	\N	\N	\N	14700	16400	14389	matched 3
1967	2	\N	\N	\N	\N	17450	19060	14655	matched 3
1968	2	\N	\N	\N	10210	10250	11410	17556	matched 3
1969	\N	\N	\N	\N	\N	120	200	20904	matched 3
1970	2	\N	\N	\N	1790	1760	2480	21130	matched 3
1971	2	\N	\N	\N	11350	11450	12100	22082	matched 3
1972	2	\N	\N	\N	13340	13430	14080	22280	matched 3
1973	2	\N	\N	\N	14210	14300	14950	22367	matched 3
1974	2	\N	\N	\N	23380	23540	24100	23282	matched 3
1975	2	\N	\N	\N	23770	23930	24490	23321	matched 3
1976	1	\N	\N	\N	30040	30160	30640	23932	matched 3
1977	2	\N	\N	\N	30840	30950	31430	24011	matched 3
1978	\N	\N	\N	\N	33230	33340	33820	24249	matched 3
1979	2	\N	\N	\N	33620	33730	34210	24288	matched 3
1980	2	\N	\N	\N	35570	35680	36140	24477	matched 3
1981	\N	\N	70850	\N	\N	150	37140	24577	matched 3
1982	\N	\N	\N	\N	\N	\N	1750	24918	matched 3
1983	\N	\N	\N	herido	\N	\N	1860	24927	matched 3
1984	\N	\N	430000	\N	\N	1050	39810	3979	matched 3
1985	2	\N	\N	\N	\N	3820	5720	13321	matched 3
1986	1	\N	\N	\N	\N	33780	35010	16250	matched 3
1987	\N	\N	\N	\N	\N	270	170	4033	matched 3
1988	\N	\N	\N	herido	\N	490	340	12783	matched 3
1989	1	\N	\N	\N	8660	8720	9370	21816	matched 3
1990	1	\N	\N	\N	24000	24160	24720	23344	matched 3
1991	2	\N	\N	\N	22120	22280	22860	23158	matched 3
1992	\N	\N	253005	\N	\N	10	38770	3875	matched 3
1993	\N	\N	\N	\N	\N	580	250	4041	matched 3
1994	\N	\N	\N	\N	\N	1150	1930	12942	matched 3
1995	2	\N	\N	\N	\N	8080	9870	13736	matched 3
1996	1	\N	\N	\N	24150	24120	25070	18923	matched 3
1997	2	\N	\N	\N	1990	1970	2690	21151	matched 3
1998	2	\N	\N	\N	26580	26740	27260	23594	matched 3
1999	\N	\N	\N	herido	\N	\N	1940	24935	matched 3
2000	2	\N	\N	\N	\N	26270	27740	15523	matched 3
2001	2	\N	\N	\N	\N	4470	6370	13386	matched 3
2002	\N	\N	\N	\N	\N	130	770	16492	matched 3
2003	2	\N	\N	\N	25830	25990	26510	23519	matched 3
2004	\N	\N	\N	\N	\N	\N	41930	12682	matched 3
2005	2	\N	\N	\N	8180	8230	8880	21767	matched 3
2006	2	\N	\N	\N	33870	33980	34460	24313	matched 3
2007	2	\N	\N	\N	16910	17030	17650	22637	matched 3
2008	\N	\N	\N	\N	\N	1810	3750	13124	matched 3
2009	2	\N	\N	\N	35310	35420	35880	24450	matched 3
2010	2	\N	\N	\N	\N	9930	11720	13921	matched 3
2011	\N	\N	\N	\N	\N	\N	2730	25012	matched 3
2012	2	\N	\N	\N	\N	17190	18800	14629	matched 3
2013	2	\N	\N	\N	\N	12430	14200	14169	matched 3
2014	2	\N	\N	\N	5830	5840	6520	21530	matched 3
2015	1	\N	\N	\N	16690	16800	17420	22614	matched 3
2016	2	\N	\N	\N	32860	32970	33450	24213	matched 3
2017	\N	\N	\N	\N	35810	35920	36380	24501	matched 3
2018	\N	\N	\N	\N	24840	24870	26090	11098	matched 3
2019	2	\N	\N	\N	5960	5970	6650	21543	matched 3
2020	2	\N	\N	\N	\N	13320	15050	14254	matched 3
2021	1	\N	\N	\N	\N	18820	20400	14789	matched 3
2022	2	\N	\N	\N	18030	18150	18770	22749	matched 3
2023	1	\N	\N	\N	24990	25150	25710	23439	matched 3
2024	2	\N	\N	\N	32660	32770	33250	24193	matched 3
2025	2	\N	\N	\N	30390	30510	30990	23967	matched 3
2026	\N	\N	\N	\N	25080	25120	26260	11115	matched 3
2027	1	\N	\N	\N	\N	2150	4090	13158	matched 3
2028	2	\N	\N	\N	\N	4800	6640	13413	matched 3
2029	1	\N	\N	herido	\N	6230	8040	13553	matched 3
2030	2	\N	\N	\N	\N	6430	8240	13573	matched 3
2031	2	\N	\N	herido	\N	7190	9000	13649	matched 3
2032	2	\N	\N	\N	\N	7220	9030	13652	matched 3
2033	2	\N	\N	\N	\N	13700	15430	14292	matched 3
2034	2	\N	\N	\N	\N	22010	23590	15108	matched 3
2035	2	\N	\N	\N	31400	31170	32040	19620	matched 3
2036	2	\N	\N	\N	3190	3180	3900	21268	matched 3
2037	1	\N	\N	\N	4850	4860	5540	21432	matched 3
2038	2	\N	\N	\N	5800	5810	6490	21527	matched 3
2039	2	\N	\N	\N	6130	6140	6820	21560	matched 3
2040	1	\N	\N	\N	6570	6590	7270	21605	matched 3
2041	2	\N	\N	\N	7500	7520	8170	21696	matched 3
2042	2	\N	\N	\N	8690	8750	9400	21819	matched 3
2043	2	\N	\N	\N	20450	20590	21170	22989	matched 3
2044	2	\N	\N	\N	22760	22920	23480	23220	matched 3
2045	2	\N	\N	\N	23500	23660	24220	23294	matched 3
2046	2	\N	\N	\N	31180	31280	31760	24044	matched 3
2047	2	\N	\N	\N	32240	32350	32830	24151	matched 3
2048	2	\N	\N	\N	32940	33050	33530	24220	matched 3
2049	2	\N	\N	\N	32970	33080	33560	24223	matched 3
2050	\N	\N	\N	herido	\N	\N	1830	24924	matched 3
2051	2	\N	\N	\N	\N	1960	3900	13139	matched 3
2052	2	\N	\N	\N	\N	12290	14060	14155	matched 3
2053	\N	\N	\N	\N	\N	310	37300	24593	matched 3
2054	\N	\N	\N	\N	\N	790	\N	20885	matched 3
2055	\N	\N	\N	\N	1000	1000	1720	21056	matched 3
2056	2	\N	\N	\N	26280	26440	26960	23564	matched 3
2057	2	\N	\N	\N	23960	24120	24680	23340	matched 3
2058	\N	\N	\N	herido	\N	\N	1990	24938	matched 3
2059	2	\N	\N	\N	\N	22810	24390	15188	matched 3
2060	2	\N	\N	\N	2410	2410	3130	21191	matched 3
2061	1	\N	\N	\N	17080	17200	17820	22654	matched 3
2062	2	\N	\N	\N	18900	19030	19610	22833	matched 3
2063	\N	\N	101480	\N	\N	1090	39850	3983	matched 3
2064	1	\N	\N	\N	\N	3780	5680	13317	matched 3
2065	2	\N	\N	\N	\N	31180	32490	15998	matched 3
2066	2	\N	\N	\N	33500	33610	34090	24276	matched 3
2067	1	\N	\N	\N	30430	30550	31030	23971	matched 3
2068	\N	\N	47500	\N	\N	470	39230	3921	matched 3
2069	2	\N	\N	\N	\N	26120	27590	15508	matched 3
2070	\N	\N	\N	\N	31260	31360	31840	24052	matched 3
2071	2	\N	\N	\N	25310	25470	25990	23467	matched 3
2072	2	\N	\N	herido	\N	15050	16720	14421	matched 3
2073	2	\N	\N	\N	35660	35770	36230	24486	matched 3
2074	\N	\N	\N	\N	\N	2900	4840	13233	matched 3
2075	\N	\N	\N	herido	\N	850	420	16451	matched 3
2076	2	\N	\N	\N	2160	2160	2880	21170	matched 3
2077	\N	\N	\N	\N	\N	1800	3740	13123	matched 3
2078	2	\N	\N	\N	\N	29720	31120	15861	matched 3
2079	\N	\N	\N	\N	21040	21060	22340	10723	matched 3
2080	\N	\N	308940	\N	\N	1370	40130	4011	matched 3
2081	2	\N	\N	\N	\N	20650	22220	14971	matched 3
2082	2	\N	\N	\N	\N	7440	9250	13674	matched 3
2083	1	\N	\N	\N	\N	14500	16200	14369	matched 3
2084	1	\N	\N	\N	27220	27380	27860	23654	matched 3
2085	2	\N	\N	\N	30800	30910	31390	24007	matched 3
2086	\N	\N	\N	\N	10250	10230	11710	9660	matched 3
2087	\N	\N	\N	\N	\N	\N	41870	12676	matched 3
2088	\N	\N	\N	\N	11470	11450	12930	9782	matched 3
2089	2	\N	\N	\N	\N	950	2890	13038	matched 3
2090	2	\N	\N	\N	\N	8750	10540	13803	matched 3
2091	1	\N	\N	\N	\N	24630	26130	15362	matched 3
2092	\N	\N	\N	\N	\N	\N	560	24805	matched 3
2093	\N	\N	\N	\N	\N	70	50	8494	matched 3
2094	2	\N	\N	\N	\N	15690	17340	14483	matched 3
2095	2	\N	\N	\N	\N	21440	23010	15050	matched 3
2096	2	\N	\N	\N	3000	2990	3710	21249	matched 3
2097	2	\N	\N	\N	\N	12520	14290	14178	matched 3
2098	\N	\N	\N	herido	\N	340	240	24	matched 3
2099	\N	\N	\N	\N	\N	\N	42150	12704	matched 3
2100	\N	\N	\N	\N	\N	670	480	48	matched 3
2101	\N	\N	\N	\N	\N	750	39510	3949	matched 3
2102	2	\N	\N	\N	\N	13410	15140	14263	matched 3
2103	2	\N	\N	\N	\N	14970	16640	14413	matched 3
2104	2	\N	\N	\N	\N	15540	17210	14470	matched 3
2105	2	\N	\N	\N	\N	21490	23060	15055	matched 3
2106	2	\N	\N	\N	\N	30560	31940	15943	matched 3
2107	1	\N	\N	\N	\N	32630	33860	16135	matched 3
2108	\N	\N	\N	herido	\N	630	\N	20871	matched 3
2109	2	\N	\N	\N	4450	4450	5130	21391	matched 3
2110	1	\N	\N	\N	10960	11060	11710	22046	matched 3
2111	2	\N	\N	\N	14350	14440	15090	22381	matched 3
2112	2	\N	\N	\N	19820	19960	20540	22926	matched 3
2113	2	\N	\N	\N	23240	23400	23960	23268	matched 3
2114	2	\N	\N	\N	25180	25340	25900	23458	matched 3
2115	2	\N	\N	\N	25550	25710	26230	23491	matched 3
2116	1	\N	\N	\N	26500	26660	27180	23586	matched 3
2117	1	\N	\N	\N	27310	27470	27950	23663	matched 3
2118	2	\N	\N	\N	35740	35850	36310	24494	matched 3
2119	2	\N	\N	\N	35770	35880	36340	24497	matched 3
2120	1	\N	\N	\N	\N	5570	7420	13491	matched 3
2121	2	\N	\N	\N	\N	10510	12300	13979	matched 3
2122	2	\N	\N	\N	\N	3610	5550	13304	matched 3
2123	1	\N	\N	\N	\N	2550	4490	13198	matched 3
2124	2	\N	\N	\N	\N	2570	4510	13200	matched 3
2125	1	\N	\N	\N	\N	5050	6890	13438	matched 3
2126	2	\N	\N	\N	\N	12760	14530	14202	matched 3
2127	2	\N	\N	\N	10490	10590	11240	21999	matched 3
2128	\N	\N	\N	\N	\N	770	1550	8644	matched 3
2129	\N	\N	\N	herido	\N	\N	2170	24956	matched 3
2130	\N	\N	\N	herido	\N	650	460	46	matched 3
2131	\N	\N	\N	\N	\N	650	1320	132	matched 3
2132	\N	\N	\N	\N	\N	190	100	8499	matched 3
2133	\N	\N	\N	\N	\N	10	580	8547	matched 3
2134	\N	\N	\N	\N	\N	10	600	12809	matched 3
2135	2	\N	\N	\N	\N	5530	7380	13487	matched 3
2136	2	\N	\N	\N	\N	9540	11330	13882	matched 3
2137	2	\N	\N	\N	\N	9610	11400	13889	matched 3
2138	\N	\N	\N	\N	\N	9650	11440	13893	matched 3
2139	1	\N	\N	\N	\N	17030	18640	14613	matched 3
2140	2	\N	\N	\N	\N	18250	19860	14735	matched 3
2141	2	\N	\N	\N	\N	19240	20820	14831	matched 3
2142	2	\N	\N	\N	\N	19280	20860	14835	master only 1
2143	2	\N	\N	\N	\N	19820	21400	14889	matched 3
2144	2	\N	\N	\N	\N	30850	32230	15972	master only 1
2145	2	\N	\N	\N	\N	30880	32260	15975	matched 3
2146	2	\N	\N	\N	\N	33070	34300	16179	master only 1
2147	2	\N	\N	\N	2930	2920	3640	21242	matched 3
2148	1	\N	\N	\N	5680	5690	6370	21515	matched 3
2149	2	\N	\N	\N	5720	5730	6410	21519	matched 3
2150	2	\N	\N	\N	6060	6070	6750	21553	matched 3
2151	2	\N	\N	\N	9610	9700	10350	21914	matched 3
2152	2	\N	\N	\N	11950	12050	12700	22142	matched 3
2153	2	\N	\N	\N	25970	26130	26650	23533	matched 3
2154	1	\N	\N	\N	27240	27400	27880	23656	matched 3
2155	2	\N	\N	\N	31210	31310	31790	24047	matched 3
2156	2	\N	\N	\N	32980	33090	33570	24224	matched 3
2157	\N	\N	\N	herido	\N	\N	1340	24877	matched 3
2158	2	\N	\N	\N	\N	17230	18840	14633	master only 1
2159	1	\N	\N	\N	5490	5500	6180	21496	matched 3
2160	1	\N	\N	\N	\N	21800	23370	15086	matched 3
2161	1	\N	\N	\N	\N	25730	27200	15469	matched 3
2162	2	\N	\N	\N	20410	20550	21130	22985	matched 3
2163	2	\N	\N	\N	\N	5410	7260	13475	matched 3
2164	1	\N	\N	\N	\N	30940	32320	15981	matched 3
2165	2	\N	\N	\N	25590	25750	26270	23495	matched 3
2166	\N	\N	\N	\N	\N	230	38990	3897	matched 3
2167	\N	\N	50000	\N	\N	510	39270	3925	matched 3
2168	\N	\N	\N	\N	\N	650	39410	3939	master only 1
2169	\N	\N	171100	\N	\N	670	39430	3941	matched 3
2170	\N	\N	92000	\N	\N	770	39530	3951	matched 3
2171	\N	\N	77000	\N	\N	810	39570	3955	matched 3
2172	2	\N	\N	\N	\N	240	1830	4199	master only 1
2173	1	\N	\N	\N	\N	9380	10960	5112	master only 1
2174	2	\N	\N	\N	\N	14570	16120	5628	master only 1
2175	2	\N	\N	\N	\N	23440	24970	6513	master only 1
2176	2	\N	\N	\N	\N	24930	26470	6663	master only 1
2177	\N	\N	61000	\N	\N	1110	36350	16384	matched 3
2178	\N	\N	230000	\N	\N	1130	36370	16386	matched 3
2179	\N	\N	139500	\N	\N	470	37460	24609	master only 1
2180	\N	\N	749000	\N	\N	530	37520	24615	master only 1
2181	1	\N	\N	\N	21250	21400	21980	23070	matched 3
2182	\N	\N	\N	\N	\N	280	850	85	matched 3
2183	2	\N	\N	\N	\N	29440	30920	7108	matched 3
2184	\N	\N	\N	\N	\N	60	630	8552	matched 3
2185	\N	\N	\N	\N	\N	360	1000	12849	matched 3
2186	2	\N	\N	\N	\N	9860	11650	13914	matched 3
2187	2	\N	\N	\N	\N	11240	13030	14052	matched 3
2188	2	\N	\N	\N	\N	17140	18750	14624	matched 3
2189	2	\N	\N	\N	\N	19980	21560	14905	matched 3
2190	2	\N	\N	\N	\N	20030	21610	14910	matched 3
2191	2	\N	\N	\N	\N	33860	35090	16258	matched 3
2192	2	\N	\N	\N	9830	9920	10570	21936	matched 3
2193	2	\N	\N	\N	12030	12130	12780	22150	matched 3
2194	2	\N	\N	\N	12300	12390	13040	22176	matched 3
2195	2	\N	\N	\N	32390	32500	32980	24166	matched 3
2196	\N	\N	\N	\N	\N	\N	1010	24847	matched 3
2197	\N	\N	\N	herido	\N	500	350	12784	matched 3
2198	1	\N	\N	\N	\N	3180	5120	13261	matched 3
2199	\N	\N	\N	\N	\N	25660	27130	15462	master only 1
2200	2	\N	\N	\N	\N	32590	33820	16131	matched 3
2201	\N	\N	\N	\N	27260	27420	27900	23658	matched 3
2202	\N	\N	\N	\N	\N	\N	50	24765	master only 1
2203	2	\N	\N	\N	\N	25420	26890	15438	matched 3
2204	2	\N	\N	\N	1500	1500	2220	21104	master only 1
2205	\N	\N	\N	herido	\N	\N	540	24803	matched 3
2206	1	\N	\N	\N	16650	16760	17380	22610	matched 3
2207	2	\N	\N	\N	21120	21270	21850	23057	matched 3
2208	2	\N	\N	\N	\N	19020	20600	14809	matched 3
2209	2	\N	\N	\N	\N	2230	4170	13166	matched 3
2210	2	\N	\N	\N	\N	11800	13570	14106	matched 3
2211	2	\N	\N	\N	32950	33060	33540	24221	matched 3
2212	2	\N	\N	\N	28070	28220	28700	23738	matched 3
2213	2	\N	\N	\N	\N	18400	20010	14750	master only 1
2214	2	\N	\N	\N	\N	29600	30990	15848	master only 1
2215	2	\N	\N	\N	30550	30660	31140	23982	matched 3
2216	1	\N	\N	\N	28280	28430	28910	23759	matched 3
2217	\N	\N	\N	\N	\N	\N	42170	12706	matched 3
2218	2	\N	\N	\N	6180	6190	6870	21565	matched 3
2219	\N	\N	\N	herido	\N	90	70	8496	master only 1
2220	2	\N	\N	\N	\N	17570	19180	14667	matched 3
2221	2	\N	\N	\N	28690	28840	29320	23800	matched 3
2222	\N	\N	\N	\N	35820	35930	36390	24502	matched 3
2223	2	\N	\N	herido	\N	6950	8760	13625	matched 3
2224	2	\N	\N	\N	\N	18930	20510	14800	master only 1
2225	2	\N	\N	\N	\N	26370	27840	15533	matched 3
2226	2	\N	\N	\N	\N	33740	34970	16246	matched 3
2227	2	\N	\N	\N	14250	14340	14990	22371	matched 3
2228	2	\N	\N	\N	3110	3130	4890	487	matched 3
2229	2	\N	\N	\N	25030	25190	25750	23443	matched 3
2230	\N	\N	\N	\N	\N	280	200	12769	matched 3
2231	\N	\N	\N	herido	\N	680	\N	20876	master only 1
2232	2	\N	\N	\N	\N	9950	11740	13923	matched 3
2233	1	\N	\N	\N	\N	3470	5410	13290	master only 1
2234	2	\N	\N	\N	\N	5170	7020	13451	matched 3
2235	2	\N	\N	\N	\N	19740	21320	14881	matched 3
2236	2	\N	\N	\N	\N	19860	21440	14893	master only 1
2237	2	\N	\N	\N	12650	12740	13390	22211	matched 3
2238	2	\N	\N	\N	26940	27100	27620	23630	matched 3
2239	2	\N	\N	\N	32200	32300	32780	24146	master only 1
2240	2	\N	\N	\N	32870	32980	33460	24214	matched 3
2241	2	\N	\N	\N	33850	33960	34440	24311	matched 3
2242	2	\N	\N	\N	35840	35950	36410	24504	matched 3
2243	2	\N	\N	\N	32630	32740	33220	24190	matched 3
2244	\N	\N	\N	\N	\N	3490	5080	4524	matched 3
2245	1	\N	\N	\N	19900	20040	20620	22934	matched 3
2246	1	\N	\N	\N	\N	33190	34420	16191	matched 3
2247	\N	\N	\N	\N	\N	520	930	4109	matched 3
2248	2	\N	\N	\N	\N	30720	32100	15959	matched 3
2249	2	\N	\N	\N	25100	25260	26580	2656	matched 3
2250	\N	\N	\N	\N	35830	35940	36400	24503	matched 3
2251	2	\N	\N	\N	\N	20050	21590	6175	matched 3
2252	2	\N	\N	\N	\N	25120	26620	15411	matched 3
2253	2	\N	\N	\N	600	600	1320	21016	matched 3
2254	1	\N	\N	\N	27710	27870	28350	23703	matched 3
2255	\N	\N	111260	\N	\N	990	39750	3973	matched 3
2256	\N	\N	0	\N	\N	910	39670	3965	matched 3
2257	2	\N	\N	\N	\N	18370	19980	14747	matched 3
2258	1	\N	\N	\N	\N	17880	19490	14698	matched 3
2259	2	\N	\N	\N	\N	26040	27510	15500	matched 3
2260	2	\N	\N	herido	10720	10790	12400	1238	matched 3
2261	2	\N	\N	\N	16640	16750	18270	1825	matched 3
2262	1	\N	\N	\N	25430	25590	26910	2689	matched 3
2263	\N	\N	133250	\N	\N	1390	40150	4013	matched 3
2264	\N	\N	99780	\N	\N	1410	40170	4015	matched 3
2265	1	\N	\N	\N	\N	10410	12000	5216	matched 3
2266	2	\N	\N	\N	\N	27860	29350	6951	matched 3
2267	\N	\N	\N	\N	\N	90	43440	8360	matched 3
2268	\N	\N	\N	\N	\N	110	43460	8362	master only 1
2269	\N	\N	\N	\N	\N	130	43480	8364	matched 3
2270	\N	\N	62000	\N	\N	190	43520	8368	master only 1
2271	\N	\N	150000	\N	\N	230	43560	8372	matched 3
2272	\N	\N	173500	\N	\N	310	43640	8380	matched 3
2273	\N	\N	140530	\N	\N	350	43680	8384	matched 3
2274	\N	\N	227400	\N	\N	430	43760	8392	matched 3
2275	\N	\N	\N	\N	\N	450	43780	8394	matched 3
2276	\N	\N	49880	\N	\N	470	43800	8396	matched 3
2277	\N	\N	1810948	\N	\N	550	43880	8404	matched 3
2278	\N	\N	890000	\N	\N	570	43900	8406	matched 3
2279	\N	\N	56000	\N	\N	630	43960	8412	matched 3
2280	\N	\N	100000	\N	\N	650	43980	8414	matched 3
2281	\N	\N	\N	\N	\N	810	44140	8430	master only 1
2282	\N	\N	84000	\N	\N	890	44220	8438	matched 3
2283	\N	\N	117500	\N	\N	950	44280	8444	matched 3
2284	\N	\N	31800	\N	\N	1050	44380	8454	matched 3
2285	\N	\N	211004	\N	\N	1110	44440	8460	matched 3
2286	\N	\N	19200	\N	\N	1170	44500	8466	matched 3
2287	\N	\N	600000	\N	\N	1230	44560	8472	matched 3
2288	\N	\N	75400	\N	\N	1290	44620	8478	matched 3
2289	\N	\N	\N	\N	1430	1440	3010	8790	matched 3
2290	\N	\N	\N	\N	8250	8210	9690	9458	master only 1
2291	\N	\N	\N	\N	10580	10560	12040	9693	master only 1
2292	\N	\N	\N	\N	13010	13010	14450	9934	matched 3
2293	\N	\N	\N	\N	15850	15800	17190	10208	master only 1
2294	\N	\N	\N	\N	38420	38510	39560	12445	matched 3
2295	\N	\N	\N	\N	\N	\N	41070	12596	matched 3
2296	\N	\N	\N	\N	\N	\N	41170	12606	matched 3
2297	\N	\N	\N	\N	\N	\N	41190	12608	matched 3
2298	\N	\N	\N	\N	\N	\N	41230	12612	matched 3
2299	\N	\N	\N	\N	\N	\N	41370	12626	matched 3
2300	\N	\N	\N	\N	\N	\N	41430	12632	matched 3
2301	\N	\N	\N	\N	\N	\N	41590	12648	matched 3
2302	\N	\N	\N	\N	\N	\N	42130	12702	matched 3
2303	\N	\N	\N	\N	\N	\N	42590	12748	matched 3
2304	2	\N	\N	\N	\N	250	2190	12968	matched 3
2305	1	\N	\N	\N	\N	430	2370	12986	matched 3
2306	2	\N	\N	\N	\N	710	2650	13014	master only 1
2307	2	\N	\N	\N	\N	750	2690	13018	matched 3
2308	2	\N	\N	\N	\N	790	2730	13022	matched 3
2309	2	\N	\N	\N	\N	830	2770	13026	matched 3
2310	2	\N	\N	\N	\N	1120	3060	13055	matched 3
2311	2	\N	\N	\N	\N	1190	3130	13062	matched 3
2312	2	\N	\N	\N	\N	1210	3150	13064	matched 3
2313	2	\N	\N	\N	\N	1510	3450	13094	matched 3
2314	2	\N	\N	\N	\N	1550	3490	13098	matched 3
2315	2	\N	\N	\N	\N	2080	4020	13151	matched 3
2316	2	\N	\N	\N	\N	4330	6230	13372	matched 3
2317	2	\N	\N	\N	\N	5740	7600	13509	matched 3
2318	1	\N	\N	\N	\N	5770	7630	13512	matched 3
2319	2	\N	\N	\N	\N	5910	7730	13522	matched 3
2320	2	\N	\N	\N	\N	5970	7790	13528	matched 3
2321	2	\N	\N	herido	\N	8480	10270	13776	matched 3
2322	1	\N	\N	\N	\N	8920	10710	13820	matched 3
2323	2	\N	\N	\N	\N	8960	10750	13824	matched 3
2324	2	\N	\N	\N	\N	9120	10910	13840	matched 3
2325	2	\N	\N	\N	\N	9150	10940	13843	matched 3
2326	2	\N	\N	\N	\N	9190	10980	13847	matched 3
2327	1	\N	\N	\N	\N	9340	11130	13862	matched 3
2328	2	\N	\N	\N	\N	9430	11220	13871	matched 3
2329	2	\N	\N	\N	\N	9960	11750	13924	matched 3
2330	2	\N	\N	\N	\N	9970	11760	13925	master only 1
2331	1	\N	\N	\N	\N	10250	12040	13953	matched 3
2332	2	\N	\N	\N	\N	10280	12070	13956	master only 1
2333	2	\N	\N	\N	\N	10310	12100	13959	matched 3
2334	2	\N	\N	\N	\N	10550	12340	13983	matched 3
2335	2	\N	\N	\N	\N	10570	12360	13985	matched 3
2336	2	\N	\N	\N	\N	10590	12380	13987	matched 3
2337	2	\N	\N	\N	\N	13770	15500	14299	matched 3
2338	1	\N	\N	\N	\N	13820	15550	14304	matched 3
2339	2	\N	\N	\N	\N	13860	15590	14308	matched 3
2340	2	\N	\N	\N	\N	14160	15890	14338	matched 3
2341	1	\N	\N	\N	\N	14300	16030	14352	matched 3
2342	2	\N	\N	\N	\N	15960	17610	14510	matched 3
2343	2	\N	\N	\N	\N	16080	17730	14522	matched 3
2344	2	\N	\N	\N	\N	16270	17920	14541	matched 3
2345	2	\N	\N	\N	\N	16310	17960	14545	master only 1
2346	2	\N	\N	\N	\N	16420	18070	14556	master only 1
2347	2	\N	\N	\N	\N	17530	19140	14663	master only 1
2348	\N	\N	\N	\N	\N	19490	21070	14856	master only 1
2349	2	\N	\N	\N	\N	19500	21080	14857	matched 3
2350	2	\N	\N	\N	\N	19540	21120	14861	matched 3
2351	2	\N	\N	\N	\N	19580	21160	14865	matched 3
2352	2	\N	\N	\N	\N	20190	21770	14926	matched 3
2353	2	\N	\N	\N	\N	20290	21870	14936	matched 3
2354	1	\N	\N	\N	\N	20340	21920	14941	matched 3
2355	1	\N	\N	\N	\N	20380	21960	14945	matched 3
2356	2	\N	\N	\N	\N	20500	22080	14957	matched 3
2357	2	\N	\N	\N	\N	20560	22140	14963	matched 3
2358	2	\N	\N	\N	\N	20590	22170	14966	matched 3
2359	2	\N	\N	\N	\N	20670	22240	14973	matched 3
2360	2	\N	\N	\N	\N	20730	22300	14979	matched 3
2361	2	\N	\N	\N	\N	20770	22340	14983	matched 3
2362	2	\N	\N	\N	\N	21760	23330	15082	matched 3
2363	2	\N	\N	\N	\N	22340	23920	15141	matched 3
2364	2	\N	\N	\N	\N	22640	24220	15171	matched 3
2365	2	\N	\N	\N	\N	27200	28650	15614	matched 3
2366	2	\N	\N	\N	\N	27270	28720	15621	matched 3
2367	1	\N	\N	\N	\N	27350	28800	15629	matched 3
2368	2	\N	\N	\N	\N	27460	28880	15637	matched 3
2369	2	\N	\N	\N	\N	27520	28940	15643	matched 3
2370	1	\N	\N	\N	\N	27560	28980	15647	matched 3
2371	2	\N	\N	\N	\N	27660	29080	15657	matched 3
2372	2	\N	\N	\N	\N	27720	29140	15663	matched 3
2373	1	\N	\N	\N	\N	27750	29170	15666	matched 3
2374	2	\N	\N	\N	\N	28240	29620	15711	master only 1
2375	2	\N	\N	\N	\N	31320	32640	16013	matched 3
2376	1	\N	\N	\N	\N	31360	32680	16017	matched 3
2377	1	\N	\N	\N	\N	31500	32830	16032	matched 3
2378	2	\N	\N	\N	\N	31720	33050	16054	matched 3
2379	1	\N	\N	\N	\N	31760	33090	16058	matched 3
2380	1	\N	\N	\N	\N	31850	33180	16067	matched 3
2381	1	\N	\N	\N	\N	33690	34920	16241	matched 3
2382	\N	\N	\N	\N	\N	10	35250	16274	matched 3
2383	\N	\N	30000	\N	\N	90	35330	16282	matched 3
2384	\N	\N	63220	\N	\N	230	35470	16296	matched 3
2385	\N	\N	41640	\N	\N	250	35490	16298	matched 3
2386	\N	\N	967140	\N	\N	330	35570	16306	master only 1
2387	\N	\N	63100	\N	\N	410	35650	16314	matched 3
2388	\N	\N	33000	\N	\N	530	35770	16326	matched 3
2389	\N	\N	\N	\N	\N	550	35790	16328	master only 1
2390	\N	\N	455880	\N	\N	750	35990	16348	matched 3
2391	\N	\N	190920	\N	\N	1070	36310	16380	matched 3
2392	\N	\N	244000	\N	\N	1290	36530	16402	matched 3
2393	\N	\N	62000	\N	\N	1350	36590	16408	master only 1
2394	\N	\N	\N	\N	\N	80	720	16487	matched 3
2395	1	\N	\N	\N	16880	16960	18070	18222	master only 1
2396	\N	\N	\N	\N	17630	17690	18810	18297	matched 3
2397	\N	\N	93500	\N	\N	70	42780	20693	matched 3
2398	\N	\N	33060	\N	\N	110	42820	20697	matched 3
2399	\N	\N	147180	\N	\N	310	43020	20717	matched 3
2400	\N	\N	106170	\N	\N	390	43100	20725	matched 3
2401	\N	\N	55680	\N	\N	450	43160	20731	matched 3
2402	\N	\N	165500	\N	\N	470	43180	20733	matched 3
2403	\N	\N	170700	\N	\N	610	43310	20746	matched 3
2404	\N	\N	500000	\N	\N	750	43450	20760	matched 3
2405	\N	\N	106660	\N	\N	770	43470	20762	matched 3
2406	\N	\N	91000	\N	\N	1030	43730	20788	matched 3
2407	\N	\N	39000	\N	\N	1110	43810	20796	master only 1
2408	\N	\N	50000	\N	\N	1130	43830	20798	matched 3
2409	\N	\N	711070	\N	\N	1190	43890	20804	matched 3
2410	\N	\N	69600	\N	\N	1210	43910	20806	matched 3
2411	\N	\N	90000	\N	\N	1230	43930	20808	master only 1
2412	\N	\N	84680	\N	\N	1290	43990	20814	matched 3
2413	\N	\N	12000	\N	\N	1350	44050	20820	matched 3
2414	2	\N	\N	\N	3740	3740	4440	21322	matched 3
2415	1	\N	\N	\N	4930	4940	5620	21440	matched 3
2416	2	\N	\N	\N	5120	5130	5810	21459	matched 3
2417	2	\N	\N	\N	5160	5170	5850	21463	master only 1
2418	1	\N	\N	herido	5200	5210	5890	21467	matched 3
2419	2	\N	\N	\N	5290	5300	5980	21476	matched 3
2420	2	\N	\N	\N	7050	7070	7750	21654	master only 1
2421	2	\N	\N	\N	7110	7130	7810	21660	matched 3
2422	2	\N	\N	\N	7330	7350	8030	21682	matched 3
2423	2	\N	\N	\N	7660	7690	8340	21713	master only 1
2424	1	\N	\N	\N	8150	8200	8850	21764	matched 3
2425	2	\N	\N	\N	8250	8300	8950	21774	matched 3
2426	2	\N	\N	\N	8450	8500	9150	21794	matched 3
2427	1	\N	\N	\N	8620	8680	9330	21812	matched 3
2428	2	\N	\N	\N	9210	9280	9930	21872	matched 3
2429	2	\N	\N	\N	9280	9350	10000	21879	matched 3
2430	1	\N	\N	\N	9390	9480	10130	21892	matched 3
2431	2	\N	\N	\N	9470	9560	10210	21900	master only 1
2432	2	\N	\N	\N	9510	9600	10250	21904	matched 3
2433	2	\N	\N	\N	9550	9640	10290	21908	matched 3
2434	2	\N	\N	\N	9580	9670	10320	21911	matched 3
2435	2	\N	\N	\N	9650	9740	10390	21918	matched 3
2436	2	\N	\N	\N	10000	10090	10740	21953	matched 3
2437	2	\N	\N	\N	10180	10270	10920	21971	matched 3
2438	2	\N	\N	\N	12430	12520	13170	22189	matched 3
2439	1	\N	\N	\N	12800	12890	13540	22226	master only 1
2440	1	\N	\N	\N	13110	13200	13850	22257	matched 3
2441	1	\N	\N	\N	13840	13930	14580	22330	matched 3
2442	2	\N	\N	\N	13880	13970	14620	22334	matched 3
2443	2	\N	\N	\N	13930	14020	14670	22339	matched 3
2444	2	\N	\N	\N	13970	14060	14710	22343	matched 3
2445	1	\N	\N	\N	14010	14100	14750	22347	matched 3
2446	2	\N	\N	\N	14060	14150	14800	22352	matched 3
2447	2	\N	\N	\N	14620	14720	15370	22409	matched 3
2448	2	\N	\N	\N	14750	14850	15500	22422	matched 3
2449	2	\N	\N	\N	14790	14890	15540	22426	matched 3
2450	2	\N	\N	\N	16250	16360	16980	22570	matched 3
2451	2	\N	\N	\N	16290	16400	17020	22574	matched 3
2452	2	\N	\N	\N	16390	16500	17120	22584	matched 3
2453	1	\N	\N	\N	16430	16540	17160	22588	matched 3
2454	2	\N	\N	\N	16530	16640	17260	22598	matched 3
2455	2	\N	\N	\N	16570	16680	17300	22602	matched 3
2456	2	\N	\N	\N	17130	17250	17870	22659	matched 3
2457	2	\N	\N	\N	17180	17300	17920	22664	matched 3
2458	2	\N	\N	\N	17210	17330	17950	22667	matched 3
2459	1	\N	\N	\N	17250	17370	17990	22671	matched 3
2460	2	\N	\N	\N	17330	17450	18070	22679	matched 3
2461	2	\N	\N	\N	17380	17500	18120	22684	matched 3
2462	2	\N	\N	\N	17430	17550	18170	22689	matched 3
2463	2	\N	\N	\N	17470	17590	18210	22693	matched 3
2464	2	\N	\N	\N	17510	17630	18250	22697	matched 3
2465	2	\N	\N	\N	17550	17670	18290	22701	matched 3
2466	1	\N	\N	\N	18100	18230	18850	22757	matched 3
2467	2	\N	\N	\N	18160	18290	18910	22763	matched 3
2468	1	\N	\N	\N	18300	18430	19010	22773	master only 1
2469	1	\N	\N	\N	18610	18740	19320	22804	matched 3
2470	1	\N	\N	\N	18740	18870	19450	22817	matched 3
2471	1	\N	\N	\N	21420	21570	22150	23087	matched 3
2472	2	\N	\N	\N	22360	22520	23100	23182	matched 3
2473	2	\N	\N	\N	24450	24610	25170	23389	matched 3
2474	2	\N	\N	\N	24490	24650	25210	23393	matched 3
2475	2	\N	\N	\N	24720	24880	25440	23416	matched 3
2476	2	\N	\N	\N	26100	26260	26780	23546	master only 1
2477	1	\N	\N	\N	29720	29870	30350	23903	matched 3
2478	2	\N	\N	\N	30180	30300	30780	23946	matched 3
2479	2	\N	\N	\N	30240	30360	30840	23952	matched 3
2480	2	\N	\N	\N	30320	30440	30920	23960	matched 3
2481	\N	\N	\N	\N	33270	33380	33860	24253	matched 3
2482	2	\N	\N	\N	34420	34530	34990	24366	matched 3
2483	2	\N	\N	\N	34520	34630	35090	24376	matched 3
2484	2	\N	\N	\N	34830	34940	35400	24407	matched 3
2485	2	\N	\N	\N	34880	34990	35450	24412	matched 3
2486	\N	\N	\N	\N	34890	35000	35460	24413	master only 1
2487	2	\N	\N	\N	34900	35010	35470	24414	matched 3
2488	2	\N	\N	\N	35080	35190	35650	24427	matched 3
2489	2	\N	\N	\N	35100	35210	35670	24429	matched 3
2490	2	\N	\N	\N	35150	35260	35720	24434	matched 3
2491	2	\N	\N	\N	36270	36390	36850	24548	master only 1
2492	\N	\N	192500	\N	\N	50	37040	24567	matched 3
2493	\N	\N	220750	\N	\N	110	37100	24573	matched 3
2494	\N	\N	3171435	\N	\N	130	37120	24575	matched 3
2495	\N	\N	175510	\N	\N	270	37260	24589	matched 3
2496	\N	\N	\N	\N	\N	290	37280	24591	master only 1
2497	\N	\N	63000	\N	\N	330	37320	24595	matched 3
2498	\N	\N	45000	\N	\N	430	37420	24605	matched 3
2499	\N	\N	75000	\N	\N	450	37440	24607	matched 3
2500	\N	\N	108000	\N	\N	490	37480	24611	matched 3
2501	\N	\N	220400	\N	\N	550	37540	24617	master only 1
2502	\N	\N	43510	\N	\N	570	37560	24619	master only 1
2503	\N	\N	14000	\N	\N	590	37580	24621	master only 1
2504	\N	\N	590000	\N	\N	730	37720	24635	master only 1
2505	\N	\N	131550	\N	\N	770	37760	24639	matched 3
2506	\N	\N	129000	\N	\N	790	37780	24641	matched 3
2507	\N	\N	\N	\N	\N	970	37960	24659	matched 3
2508	\N	\N	12000	\N	\N	990	37980	24661	master only 1
2509	\N	\N	327000	\N	\N	1010	38000	24663	master only 1
2510	\N	\N	390000	\N	\N	1030	38020	24665	master only 1
2511	\N	\N	1200000	\N	\N	1070	38060	24669	matched 3
2512	\N	\N	28000	\N	\N	1090	38080	24671	matched 3
2513	\N	\N	411970	\N	\N	1110	38100	24673	master only 1
2514	\N	\N	203810	\N	\N	1130	38120	24675	master only 1
2515	\N	\N	148480	\N	\N	1410	38400	24703	matched 3
2516	\N	\N	\N	\N	\N	1430	38420	24705	matched 3
2517	\N	\N	\N	\N	\N	1550	38540	24717	matched 3
2518	\N	\N	321520	\N	\N	1570	38560	24719	master only 1
2519	\N	\N	\N	\N	\N	1590	38580	24721	master only 1
2520	\N	\N	88000	\N	\N	1610	38600	24723	master only 1
2521	\N	\N	15000	\N	\N	1630	38620	24725	matched 3
2522	\N	\N	172230	\N	\N	1650	38640	24727	matched 3
2523	\N	\N	1211930	\N	\N	1670	38660	24729	master only 1
2524	\N	\N	45600	\N	\N	1730	38720	24735	matched 3
2525	\N	\N	\N	\N	\N	1750	38740	24737	master only 1
2526	\N	\N	79500	\N	\N	1770	38760	24739	master only 1
2527	\N	\N	\N	\N	\N	1790	38780	24741	matched 3
2528	\N	\N	126000	\N	\N	1810	38800	24743	matched 3
2529	\N	\N	432800	\N	\N	1850	38840	24747	matched 3
2530	\N	\N	308400	\N	\N	1890	38880	24751	matched 3
2531	\N	\N	109300	\N	\N	1950	38940	24757	matched 3
2532	\N	\N	92000	\N	\N	1970	38960	24759	master only 1
\.


--
-- Data for Name: municipality; Type: TABLE DATA; Schema: public; Owner: admin
--

COPY public.municipality (id, name) FROM stdin;
1	zapopan
\.


--
-- Data for Name: neighborhood; Type: TABLE DATA; Schema: public; Owner: admin
--

COPY public.neighborhood (id, name) FROM stdin;
1	JARDINES DE NUEVO MEXICO
2	JARDINES DEL VALLE
3	ZAPOPAN CENTRO
4	COL INDUSTRIAL LOS BELENES
5	AGRICOLA
6	AGUA BLANCA
7	AGUA BLANCA ESCONDIDA
8	ALAMITOS
9	ALTA VISTA RESIDENCIAL
10	ALTAGRACIA
11	ALTAMIRA
12	ANGEL LEAO
13	ARBOLEDAS
14	ARCOS DE GUADALUPE
15	ARCOS DE ZAPOPAN
16	ARCOS VALLARTA
17	ARCOS ZAPOPAN
18	ARENALES TAPATIO
19	ARENALES TAPATIOS
20	ARMONIA HABITAT
21	AROYO HONDO
22	ARROYO  HONDO
23	ARROYO HONDO
24	ATEMAJAC
25	ATEMAJAC DEL VALLE
26	ATEMJAC DELVALLE
27	AUDIOTORIO
28	AUDITORIA
29	AUDITORIO
30	AUDITORIO BENITO JUAREZ
31	AUTOCINEMA
32	AV BLANCA SUR
33	AV LOPEZ MATEOS
34	AVES DEL PARAISO
35	BATAN
36	BELENES
37	BELENES NORTE
38	BOSQUES DE CENTINELA
39	BOSQUES DE SAN ISIDRO
40	BOSQUES DEL CENTINELA
41	BRISEO
42	BUGAMBILIAS
43	CADETE FCO MARQUEZ
44	CAMICHINES VALLARTA
45	CAMINO REAL
46	CANTERA MORADA
47	CANTEROS
48	CD GRANJA
49	CD JUDICIAL
50	CD BUGAMBILIAS
51	CENTINELA
52	CENTRO
53	CHAPALITA
54	CIUDAD BUGANBILIAS
55	CIUDAD DEL SOL
56	CIUDAD GRANJA
57	CO SOLARES
58	COL  PARQUE INDUSTRIAL BELENES NORTE
59	COL 27 DE SEPTIEMBRE
60	COL AGRICOLA
61	COL AGUA BLANCA
62	COL ALAMITOS
63	COL ALTAGRACIA
64	COL ALTAMIRA
65	COL ALTAVISTA
66	COL ARAUCA
67	COL ARCOS DE GUADALUPE
68	COL ARCOS DE ZAPOPAN
69	COL ARCOS VALLARTA
70	COL ARENALES TAPATIOS
71	COL ARMONIA HABITAT
72	COL ARROYO HONDO
73	COL ATEMAJAC DEL VALLE
74	COL AUDITORIO
75	COL BALCONES DEL SOL
76	COL BENITO JUAREZ
77	COL BOSQUES DE LA VICTORIA
78	COL BUGAMBILIAS
79	COL CALLEJON DEL BOSQUE
80	COL CAMINO REAL
81	COL CAMPO REAL
82	COL CANTERAS RESIDENCIAL
83	COL CAPULLO
84	COL CENTRO  GDL
85	COL CENTRO ZAP
86	COL CHAPALITA
87	COL CIUDAD DE LOS NIOS
88	COL CIUDAD DEL SOL
89	COL CIUDAD GRANJA
90	COL COLINAS DE ATEMAJAC
91	COL COLINAS DE LA ABADIA
92	COL COLINAS DE LA PRIMAVERA
93	COL COLINAS DE LOS BELENES
94	COL COLINAS DE SAN JAVIER
95	COL COLINAS DEL REY
96	COL COLINAS DEL RIO
97	COL CONJUNTO LAURELES
98	COL CONJUNTO PATRIA
99	COL CONJUNTO ZAPOPAN
100	COL CONSTITUCION
101	COL DE LOS MAESTROS
102	COL DEL BOSQUE
103	COL DELPERIODISTA
104	COL DIVISION DEL NORTE
105	COL EL BAJIO
106	COL EL BATAN
107	COL EL BOSQUE
108	COL EL BRISEO
109	COL EL CAMPANARIO
110	COL EL CAPULLO
111	COL EL COLLI EJIDAL
112	COL EL COLLI URBANO
113	COL EL FORTIN
114	COL EL MANTE
115	COL EL MANTE 
116	COL EL REHILETE
117	COL EL TIGRE
118	COL EL VERGEL
119	COL EL VIGIA
120	COL EL ZAPOPTE
121	COL EL ZAPOTE
122	COL EMILIANO ZAPATA
123	COL EUCALIPTO VALLARTA
124	COL FABRICA DE ATEMAJAC
125	COL FLORES DEL VALLE
126	COL FRACCIONAMIENTO EL CAMPESTRE
127	COL FRACCIONAMIENTO RESIDENCIAL MILITAR
128	COL FRANCISCO SARABIA
129	COL GONZALEZ ORTEGA
130	COL GUADALUPE JARDIN
131	COL HACIENDA DE ATEMAJAC
132	COL HOGARES
133	COL HOGARES DE NUEVO MEXICO
134	COL INDUSTRIAL ZAPOPAN NORTE
135	COL INFONAVIT LA TUZANIA
136	COL JACARANDAS
137	COL JARDIN DE LA CONCORDIA
138	COL JARDIN REAL
139	COL JARDINES DE GUADALUPE
140	COL JARDINES DE LAS FUENTES
141	COL JARDINES DE NUEVO MEXICO
142	COL JARDINES DE SAN IGNACIO
143	COL JARDINES DEL BOSQUE
144	COL JARDINES DEL IXTEPETE
145	COL JARDINES DEL SOL
146	COL JARDINES DEL VALLE
147	COL JARDINES DEL VIGIA
148	COL JARDINES E SAN IGNACIO
149	COL JARDINES EL SOL
150	COL JARDINES EL VALLE
151	COL JARDINES EL VIGIA
152	COL JARDINES TEPEYAC
153	COL JARDINES UNIVERSIDAD
154	COL JARDINES VALLARTA
155	COL JOCOTAN
156	COL JUAN MANUEL VALLARTA
157	COL LA AURORA
158	COL LA CALMA
159	COL LA CASITAS
160	COL LA CEIBA
161	COL LA CIMA
162	COL LA ESTANCIA
163	COL LA GIRALDA
164	COL LA JUNTA DE LOS OCOTES
165	COL LA LOMA
166	COL LA PALMITA
167	COL LA PATRIA UNIVERSIDAD
168	COL LA PRADERA RESIDENCIAL
169	COL LA PRIMAVERA
170	COL LA TOSCANA
171	COL LA TUZANIA
172	COL LA TUZANIA EJIDAL
173	COL LA VENTA DEL ASTILLERO
174	COL LAGOS DEL COUNTRY
175	COL LAS PALOMAS
176	COL LOMA BONITA
177	COL LOMA BONITA EJIDAL
178	COL LOMA REAL
179	COL LOMAS ALTAS
180	COL LOMAS DE ATEMAJAC
181	COL LOMAS DE GUADALUPE
182	COL LOMAS DE LOS NARANJOS
183	COL LOMAS DE PROVIDENCIA
184	COL LOMAS DE ZAPOPAN
185	COL LOMAS DEL BOSQUE
186	COL LOMAS DEL COLLI
187	COL LOMAS DEL FORTIN
188	COL LOMAS DEL SEMINARIO
189	COL LOMAS DEL VALLE
190	COL LOS ARRAYANES
191	COL LOS FRAILES
192	COL LOS GIRASOLES
193	COL LOS MANZANOS
194	COL LOS PALOMOS
195	COL LOS PARAISOS
196	COL LOS PINOS
197	COL LOS ROBLES
198	COL LOS SAUCES
199	COL MARCELINO GARCIA BARRAGAN
200	COL MARIANO OTERO
201	COL MESA COLORADA
202	COL MIGUEL DE LA MADRID
203	COL MIRADOR
204	COL MIRADOR DE SAN ISIDRO
205	COL MIRADOR DEL SOL
206	COL MIRADOR SAN FERNANDO
207	COL MIRAMAR
208	COL MISION CAPISTRANO
209	COL MISION DEL BOSQUE
210	COL MISION JARDINES
211	COL MISION SAN FRANCISCO
212	COL MOLINO DEL SALVADOR
213	COL NUEVA ESPAA
214	COL NUEVA PRIMAVERA
215	COL NUEVO MEXICO
216	COL NUEVO VERGEL
217	COL PALMA REAL
218	COL PARAISOS DEL COLLI
219	COL PARQUE INDUSTRIAL BELENES NORTE
220	COL PARQUE INDUSTRIAL DEL BOSQUE I
221	COL PARQUE INDUSTRIAL EL CAMICHIN
222	COL PARQUE INDUSTRIAL FERRAN
223	COL PARQUE INDUSTRIAL SAN ANGEL
224	COL PARQUE INDUSTRIAL VALLARTA
225	COL PARQUE VIRREYES
226	COL PARQUES DE TESISTAN
227	COL PARQUES DE ZAPOPAN
228	COL PARQUES DEL AUDITORIO
229	COL PASEOS DEL CAMICHIN
230	COL PASEOS DEL SOL
231	COL PATRIA UNIVERSIDAD
232	COL PINAR DE LA CALMA
233	COL PINO SUAREZ
234	COL PIRAMIDES DE LAS FUENTES
235	COL PLAZA GUADALUPE
236	COL PORTAMAGNA
237	COL PRADOS DE SANTA LUCIA
238	COL PRADOS TEPEYAC
239	COL PRADOS VALLARTA
240	COL PROVIDENCIA
241	COL PUERTA DE HIERRO
242	COL PUERTA DEL BOSQUE
243	COL PUERTA DEL GRANADO
244	COL PUERTA DEL LANO
245	COL PUERTA DEL LLANO
246	COL PUERTA DEL PLUMBAGO
247	COL PUERTA DEL ROBLE
248	COL PUERTA DEL VALLE
249	COL PUERTA PLATA
250	COL PUERTA REAL
251	COL QUINTA DEL FEDERALISMO
252	COL QUINTA DEL PRADO
253	COL REAL DE GUADALUPE
254	COL REAL DE TESISTAN
255	COL REAL DE VALDEPEAS
256	COL REAL DEL CARMEN
257	COL REAL DEL VALLE
258	COL REISDENCIAL PONIENTE
259	COL RESIDENCIAL ARAUCA
260	COL RESIDENCIAL ARBOLEDAS
261	COL RESIDENCIAL GUADALUPE INN
262	COL RESIDENCIAL LOS CEDROS
263	COL RESIDENCIAL PATRIA
264	COL RESIDENCIAL PLAZA GUADALUPE
265	COL RESIDENCIAL PONIENTE
266	COL RESIDENCIAL PUERTA REAL
267	COL RESIDENCIAL SAN JAVIER
268	COL RESIDENCIAL SANTA MARGARITA
269	COL RESIDENCIAL TOLEDO
270	COL RESIDENCIAL VICTORIA
271	COL RINCONADA 
272	COL RINCONADA DE LA AZALEA
273	COL RINCONADA DE LA CALMA
274	COL RINCONADA DE LA VICTORIA
275	COL RINCONADA DE LAS FUENTES
276	COL RINCONADA DE LAS GARDENIAS
277	COL RINCONADA DE LOS SAUCES
278	COL RINCONADA DE SAN ISIDRO
279	COL RINCONADA DE SANTA RITA
280	COL RINCONADA DEL SOL
281	COL RINCONADA DEL VALLE
282	COL RINCONADA GUADALUPE
283	COL RINCONADA LOPEZ COTILLA
284	COL RINCONADA SAN ISIDRO
285	COL RINCONADA VALLARTA
286	COL ROYAL COUNTRY
287	COL SAN AGUSTIN
288	COL SAN BERNARDO
289	COL SAN FRANCISCO
290	COL SAN FRANCISCO TESISTAN
291	COL SAN ISIDRO EJIDAL
292	COL SAN ISIDRO RESIDENCIAL
293	COL SAN JORGE
294	COL SAN JOSE DEL BAJIO
295	COL SAN JUAN DE OCOTAN
296	COL SAN MARTIN DEL TAJO
297	COL SAN MIGUEL DE LA COLINA
298	COL SAN WENCESLAO
299	COL SANTA ANA TEPETITLAN
300	COL SANTA ELENA ESTADIO
301	COL SANTA FE
302	COL SANTA ISABEL
303	COL SANTA MARGARITA
304	COL SANTA MARIA DEL PUEBLITO
305	COL SANTA MONICA DE LOS CHORRITOS
306	COL SAUZALITO
307	COL SEATLE
308	COL SEATTLE
309	COL SENDA DEL VALLE TESISTAN
310	COL SOLARES
311	COL TABACHINES
312	COL TEPEYAC
313	COL TEPEYAC CASINO
314	COL TERCER MILENIO
315	COL TUZANIA
316	COL UNIDAD DEL TRABAJO
317	COL UNIDAD FOVISSSTE ESTATUTO JURIDICO
318	COL UNIDAD REPUBLICA
319	COL VALLARTA PONIENTE
320	COL VALLARTA SAN IGNACIO
321	COL VALLARTA UNIVERSIDAD
322	COL VALLE DE LOS MOLINOS
323	COL VALLE DE NUEVO MEXICO
324	COL VALLE DE SAN NICOLAS
325	COL VALLE ESMERALDA
326	COL VALLE IMPERIAL
327	COL VALLE REAL
328	COL VICENTE GUERRERO
329	COL VICTOR HUGO
330	COL VIGUSA
331	COL VILLA DE GUADALUPE
332	COL VILLA ETHEL I
333	COL VILLA FONTANA
334	COL VILLA UNIVERSITARIA
335	COL VILLA VERONA
336	COL VILLAS ALCALDE
337	COL VILLAS DE LA LOMA
338	COL VILLAS DE LOS BELENES
339	COL VILLAS DE SAN IGNACIO
340	COL VILLAS DEL MIRADOR
341	COL VILLAS SAN JORGE
342	COL VIRREYES RESIDENCIAL
343	COL VISTAS DE TESISTAN
344	COL VOLCAN DEL COLLI
345	COL ZOQUIPAN
346	COLINAS DE LOS ROBLES
347	COLINAS DE SAN JAVIER
348	COLINAS DE VIREYES
349	COLLI URBANO
350	COLOMOS PROVIDENCIA
351	COLONIA ANDARES
352	COLONIA EL V ERGEL ZAP
353	COLONIA TABACHINES
354	CONCENTRO
355	CONJUNTO PATRIA
356	CONSTITUCION
357	CONSTITUCIN
358	CORONILLA
359	COSTITUCION
360	CUIDAD GRANJA
361	EL BAJIO
362	EL BATAN
363	EL BIRSEO
364	EL BRISEO
365	EL CAMPANARIO
366	EL CAMPESTRE
367	EL CAPULLO
368	EL COLLI
369	EL COLLI URBANO
370	EL FORTIN
371	EL GRULLO
372	EL MANTE
373	EL PALOMAR
374	EL TIGRE
375	EL TRIANGULO
376	EL VERGEL
377	EL VIGIA
378	EX HACIENDA LA  MORA
379	EXPERIENCIA
380	FOVISSTE
381	FRACC LA TOSCANA
382	FRACC BUGAMBILIAS
383	GIRASOLES
384	GLORIA S DEL COLLI
385	GONZALEZ ORTEGA
386	GUADALAJARA
387	GUADALUPE INN
388	HOGARES  DEL BATAN
389	HOGARES DE NUEVO MEXICO
390	HOGARES DEL BATAN
391	HUERTA DE HIERRO
392	INDIGENA
393	INDUSTRIA BELENES
394	INDUSTRIAL BELENES
395	INDUSTRIAL BELENES NORTE
396	INDUSTRIAL LOS BELENES
397	INDUSTRIAL NORTE
398	INDUSTRIAL ZAPOPAN NORTE
399	INFONAVIT LA TUZANIA
400	ITESSO
401	IXTEPETE
402	JACARANDAS
403	JARD UNIVERSIDAD
404	JARDIN GUADALUPE
405	JARDIN REAL
406	JARDINES DE GUADALUPE
407	JARDINES DE LAS FUENTES
408	JARDINES DE SAN IGNACIO
409	JARDINES DE TABACHINES
410	JARDINES DEL BOSQUE
411	JARDINES DEL COUNTRY
412	JARDINES DEL SOL
413	JARDINES DEL VALLE REAL
414	JARDINES DEL VERGEL
415	JARDINES SAN IGNACIO
416	JARDINES SANTA MARGARITA
417	JARDINES UNIERSIDAD
418	JARDINES UNIVERSIDAD
419	JARDINES VALLARTA
420	JARDINEZ DEK IXTEPEC
421	JARDINEZ DEL VALLE
422	JAREDINES DEL VALLE
423	JOCOTAN
424	LA ALAMEDA
425	LA ARBOLEDA
426	LA C ALMA
427	LA CALMA
428	LA CIM
429	LA CIMA
430	LA ESTANCIA
431	LA EXPERIENCIA
432	LA GIRALDA
433	LA JOYA
434	LA JUNTA DE LOS OCOTES
435	LA LIMA
436	LA MAGDALENA
437	LA MARTINICA
438	LA MORA
439	LA PALMITA
440	LA PERIQUERA
441	LA TIJERA
442	LA TUZANIA
443	LA VENTA DEL ASTILLERO
444	LAGOS DEL COUNTRY
445	LAGOS DELCOUNTRY
446	LAS AGUILAS
447	LAS AGUJAS
448	LAS CAADAS
449	LAS CUMBRES
450	LAS FUENTES
451	LAS VILLAS
452	LINDA VISTA
453	LOMA BONITA
454	LOMA BONITA EJIDAL
455	LOMAS DE ATEMAJAC
456	LOMAS DE SEMINARIO
457	LOMAS DE ZAPOPAN
458	LOMAS DEL BOSQUE
459	LOMAS DEL COLLI
460	LOMAS DEL PARAISO
461	LOMAS DEL VALLE
462	LOS ALAMITOS
463	LOS AMAFAS
464	LOS ARRAYANES
465	LOS BELENES
466	LOS CANTEROS
467	LOS FRAYLES
468	LOS GIRASOLES
469	LOS OLIVOS
470	LOS PERIODISTAS
471	LOS PINOS
472	LOS ROBLES
473	LOSFRAYLES
474	MARIANO OTERO
475	MESA COLORADA
476	MESA DE LOS OCOTES
477	MIGUEL DE LA MADRID
478	MIGUEL HIDALGO
479	MIRADOR DEL SOL
480	MIRAMAR
481	MOCTEZUMA
482	MONRAZ
483	NEXTIPAC
484	NO INDICA
485	NUEVA ESPAA
486	NUEVO MEX
487	NUEVO MEXICO
488	PARAISOS DEL COLI
489	PARAISOS DEL COLLI
490	PARQUE INDUSTRIAL BELENES
491	PARQUE INDUSTRIAL BELENES NORTE
492	PARQUE INDUSTRIAL
493	PARQUE REL
494	PARQUES AUDITORIO
495	PARQUES DE LA VICTORIA
496	PARQUES DE TESISTAN
497	PARQUES DE ZAPOPAN
498	PARQUES DEL AUDITORIO
499	PASEOS DEL SOL
500	PASEOS DELSOL
501	PASEOS UNIVERSIDAD
502	PATRIA
503	PATRIA RAQUET
504	PATRIA UNIVERSIDAD
505	PERIODISTAS
506	PINAR DE LA CALMA
507	PLAZA GUADALUPE
508	PONIENTE
509	PRADO DE TEPEYAC
510	PRADOS TEPEYAC
511	PRADOS VALLARTA
512	PROVIDENCIA  4 SECCION
513	PUERTA DE HIERRO
514	PUERTA DEL LLANO
515	PUERTA DEL PLUMBAGO
516	PUERTA DEL TULE
517	PUERTA DL VALLE
518	PUERTA PLATA
519	REAL ACUEDUCTO
520	REAL DE VALDEPEAS
521	REAL VALLARTA
522	RESIDENCIAL CORDILLERAS
523	RESIDENCIAL DEL VALLE
524	RESIDENCIAL LOMA BONITA
525	RESIDENCIAL MOCTEZUMA
526	RESIDENCIAL MOCTEZUMA PONIENTE
527	RESIDENCIAL PONIENTE
528	RESIDENCIAL SANTA MARGARITA
529	RESIDENCIAL VICTORIA
530	RINCONADA DE LA AZALEA
531	RINCONADA DE LA JOYA
532	RINCONADA DE TABACHINES
533	RINCONADA DEL PARQUE
534	RINCONADA DEL SOL
535	RINCONADA NOVELISTA
536	RINCONADA VALLARTA
537	ROYAL CONTRY
538	ROYAL COUNTRY
539	SAN BERNARDO
540	SAN FRANCISCO
541	SAN FRANCISCO TESISTAN
542	SAN IGNACIO
543	SAN ISIDRO
544	SAN ISIDRO EJIDAL
545	SAN JOSE BAJIO
546	SAN JOSE DEL BAJIO
547	SAN JUAN DE OCOTAN
548	SAN JUAN OCOTAN
549	SANTA ANA TEPATITLAN
550	SANTA ELENA
551	SANTA ELENA DE LA CRUZ
552	SANTA FE
553	SANTA LUCIA
554	SANTA MARGARITA
555	SANTA MARGARITA PONIENTE
556	SANTA MARIA DEL PUEBLITO
557	SAQN JOSE DEL BAJIO
558	SEATLE
559	SEATTLE
560	N.D.
561	STA MARGARITA PONIENTE
562	TABACHINES
563	TERCER MILENIO
564	TESISTAN
565	TUZANIA
566	UAG
567	UNIDAD FOVISSTE
568	UNIDAD FOVISTE
569	UNIVERSIDAD
570	UNIVERSITARIA
571	VALDEPEAS
572	VALLARTA
573	VALLARTA NORTE
574	VALLARTA PATRIA
575	VALLARTA PONIENTE
576	VALLARTA SAN JORGE
577	VALLARTA UNIVERSIDAD
578	VALLE DE LOS MOLINOS
579	VALLE IMPERIAL
580	VALLE REAL
581	VALLE REAL 
582	VECENTE GUERRERO
583	VENTA DEL ASTILLERO
584	VENUSTIANO CARRANZA
585	VERDE VALLE
586	VICENTE GUERRERO
587	VICTOR HUGO
588	VILLA DE OTERO DE GUADALUPE
589	VILLA DE TESISTAN
590	VILLA UNIVERSITARIA
591	VILLAS BELENES
592	VILLAS DE GUADALUPE
593	VILLAS DE LA LOMA
594	VILLAS DE LOS BELENES
595	VILLAS DE ZAPOPAN
596	VILLAS DEL MIRADOR
597	VILLAS SAN JORGE
598	VIRREYES
\.


--
-- Data for Name: place; Type: TABLE DATA; Schema: public; Owner: admin
--

COPY public.place (id, municipality_id, intersection_a_id, intersection_b_id, street_id, neighborhood_id) FROM stdin;
1	1	425	\N	1	1
2	1	264	\N	2	2
3	1	426	\N	3	3
4	1	40	\N	4	4
5	1	16	\N	4	5
6	1	289	\N	5	5
7	1	427	\N	6	5
8	1	428	\N	5	6
9	1	428	\N	7	6
10	1	429	\N	8	7
11	1	430	\N	1	8
12	1	41	\N	9	9
13	1	431	\N	10	10
14	1	432	\N	4	10
15	1	434	\N	11	10
16	1	143	\N	12	11
17	1	66	\N	13	11
18	1	435	\N	14	11
19	1	274	\N	1	12
20	1	102	\N	15	12
21	1	436	\N	16	13
22	1	228	\N	17	13
23	1	16	\N	18	13
24	1	437	\N	19	13
25	1	438	\N	20	13
26	1	439	\N	21	14
27	1	440	\N	22	14
28	1	3	\N	4	15
29	1	441	\N	23	15
30	1	25	\N	3	15
31	1	442	\N	24	15
32	1	443	\N	25	15
33	1	444	\N	1	15
34	1	16	\N	26	16
35	1	25	\N	1	16
36	1	447	\N	3	17
37	1	29	\N	21	18
38	1	448	\N	27	19
39	1	449	\N	28	19
40	1	450	\N	21	19
41	1	451	\N	29	19
42	1	452	\N	12	20
43	1	31	\N	30	21
44	1	453	\N	31	22
45	1	30	\N	32	23
46	1	308	\N	33	23
47	1	454	\N	30	23
48	1	456	\N	34	23
49	1	66	\N	30	24
50	1	457	\N	35	24
51	1	458	\N	36	24
52	1	66	\N	30	25
53	1	460	\N	30	26
54	1	30	\N	4	27
55	1	461	\N	4	28
56	1	462	\N	37	29
57	1	75	\N	32	29
58	1	463	\N	38	29
59	1	39	\N	4	29
60	1	465	\N	4	30
61	1	66	\N	39	31
62	1	466	\N	5	32
63	1	467	\N	4	33
64	1	468	\N	40	34
65	1	103	\N	3	34
66	1	469	\N	39	35
67	1	3	\N	4	36
68	1	470	\N	3	37
69	1	64	\N	4	37
70	1	472	\N	41	38
71	1	41	\N	42	39
72	1	432	\N	4	39
73	1	40	\N	41	40
74	1	473	\N	43	40
75	1	16	\N	4	41
76	1	77	\N	5	42
77	1	19	\N	17	43
78	1	305	\N	44	44
79	1	475	\N	45	45
80	1	477	\N	46	45
81	1	199	\N	4	46
82	1	479	\N	4	47
83	1	44	\N	47	48
84	1	44	\N	4	49
85	1	480	\N	48	50
86	1	481	\N	41	51
87	1	242	\N	49	52
88	1	482	\N	50	52
89	1	484	\N	51	52
90	1	487	\N	52	53
91	1	488	\N	53	53
92	1	79	\N	21	53
93	1	489	\N	54	53
94	1	491	\N	55	54
95	1	17	\N	16	55
96	1	492	\N	56	55
97	1	493	\N	57	55
98	1	17	\N	58	55
99	1	44	\N	47	56
100	1	495	\N	44	56
101	1	92	\N	4	56
102	1	44	\N	59	56
103	1	496	\N	60	56
104	1	500	\N	12	57
105	1	3	\N	4	58
106	1	468	\N	61	59
107	1	16	\N	4	60
108	1	289	\N	5	60
109	1	501	\N	62	60
110	1	466	\N	5	61
111	1	503	\N	1	62
112	1	63	\N	4	63
113	1	321	\N	63	63
114	1	434	\N	64	63
115	1	504	\N	65	63
116	1	391	\N	66	64
117	1	9	\N	41	65
118	1	64	\N	9	65
119	1	349	\N	67	66
120	1	305	\N	68	67
121	1	69	\N	4	68
122	1	507	\N	3	68
123	1	25	\N	69	68
124	1	510	\N	1	68
125	1	511	\N	70	68
126	1	44	\N	16	69
127	1	512	\N	17	70
128	1	513	\N	29	70
129	1	514	\N	21	70
130	1	467	\N	12	71
131	1	30	\N	32	72
132	1	31	\N	71	72
133	1	31	\N	30	72
134	1	516	\N	30	73
135	1	168	\N	16	73
136	1	61	\N	72	73
137	1	38	\N	30	74
138	1	520	\N	4	74
139	1	37	\N	73	74
140	1	37	\N	74	74
141	1	521	\N	39	74
142	1	524	\N	21	75
143	1	525	\N	75	76
144	1	227	\N	76	77
145	1	526	\N	77	78
146	1	77	\N	5	78
147	1	529	\N	78	78
148	1	531	\N	1	79
149	1	44	\N	79	80
150	1	477	\N	46	80
151	1	532	\N	21	80
152	1	533	\N	45	80
153	1	534	\N	80	81
154	1	535	\N	81	82
155	1	536	\N	13	83
156	1	237	\N	3	84
157	1	537	\N	82	85
158	1	538	\N	3	85
159	1	539	\N	83	85
160	1	540	\N	84	85
161	1	542	\N	85	85
162	1	240	\N	4	85
163	1	543	\N	86	85
164	1	242	\N	49	85
165	1	53	\N	79	86
166	1	16	\N	52	86
167	1	545	\N	16	86
168	1	533	\N	21	87
169	1	17	\N	16	88
170	1	546	\N	87	88
171	1	547	\N	58	88
172	1	548	\N	88	88
173	1	493	\N	17	88
174	1	16	\N	89	88
175	1	553	\N	90	88
176	1	553	\N	91	88
177	1	44	\N	4	89
178	1	44	\N	92	89
179	1	44	\N	47	89
180	1	554	\N	44	89
181	1	44	\N	59	89
182	1	555	\N	93	90
183	1	555	\N	94	90
184	1	556	\N	95	90
185	1	557	\N	61	90
186	1	204	\N	96	91
187	1	558	\N	97	92
188	1	559	\N	98	92
189	1	560	\N	99	92
190	1	561	\N	100	93
191	1	66	\N	2	94
192	1	179	\N	101	95
193	1	562	\N	102	96
194	1	563	\N	4	97
195	1	432	\N	3	97
196	1	432	\N	103	97
197	1	432	\N	40	97
198	1	432	\N	104	97
199	1	565	\N	13	98
200	1	566	\N	105	98
201	1	568	\N	3	99
202	1	108	\N	106	100
203	1	569	\N	4	100
204	1	570	\N	107	100
205	1	160	\N	108	100
206	1	107	\N	109	100
207	1	571	\N	110	100
208	1	422	\N	111	100
209	1	468	\N	112	100
210	1	572	\N	113	100
211	1	422	\N	114	100
212	1	160	\N	115	101
213	1	119	\N	4	102
214	1	16	\N	4	103
215	1	573	\N	4	104
216	1	576	\N	116	105
217	1	288	\N	117	105
218	1	577	\N	118	105
219	1	288	\N	119	105
220	1	39	\N	4	106
221	1	36	\N	39	106
222	1	583	\N	66	106
223	1	36	\N	120	106
224	1	82	\N	121	106
225	1	581	\N	122	106
226	1	119	\N	4	107
227	1	585	\N	123	108
228	1	123	\N	4	108
229	1	586	\N	124	108
230	1	294	\N	5	109
231	1	587	\N	125	109
232	1	588	\N	13	110
233	1	589	\N	126	111
234	1	589	\N	4	112
235	1	591	\N	127	112
236	1	592	\N	128	112
237	1	594	\N	129	112
238	1	595	\N	130	113
239	1	16	\N	4	114
240	1	597	\N	5	114
241	1	598	\N	5	115
242	1	79	\N	21	116
243	1	599	\N	1	117
244	1	132	\N	131	118
245	1	432	\N	3	119
246	1	602	\N	121	119
247	1	603	\N	56	120
248	1	604	\N	56	121
249	1	605	\N	132	122
250	1	606	\N	133	122
251	1	607	\N	44	123
252	1	44	\N	96	123
253	1	608	\N	134	124
254	1	515	\N	12	125
255	1	609	\N	135	126
256	1	610	\N	12	127
257	1	136	\N	5	128
258	1	611	\N	136	128
259	1	612	\N	30	129
260	1	66	\N	21	130
261	1	613	\N	30	131
262	1	614	\N	32	132
263	1	615	\N	4	132
264	1	616	\N	137	133
265	1	40	\N	3	4
266	1	468	\N	40	4
267	1	169	\N	4	134
268	1	617	\N	10	134
269	1	138	\N	65	134
270	1	617	\N	138	134
271	1	620	\N	4	135
272	1	621	\N	139	135
273	1	623	\N	140	135
274	1	66	\N	14	136
275	1	105	\N	13	136
276	1	105	\N	141	136
277	1	143	\N	142	137
278	1	628	\N	142	138
279	1	142	\N	143	138
280	1	305	\N	21	139
281	1	147	\N	144	139
282	1	305	\N	145	139
283	1	145	\N	146	139
284	1	631	\N	147	139
285	1	632	\N	148	140
286	1	633	\N	1	141
287	1	639	\N	81	141
288	1	640	\N	12	141
289	1	503	\N	149	141
290	1	54	\N	45	142
291	1	46	\N	150	142
292	1	641	\N	21	142
293	1	46	\N	54	142
294	1	642	\N	45	143
295	1	643	\N	123	144
296	1	90	\N	151	145
297	1	646	\N	57	145
298	1	15	\N	2	146
299	1	264	\N	69	146
300	1	154	\N	101	146
301	1	15	\N	1	146
302	1	234	\N	152	146
303	1	69	\N	153	146
304	1	15	\N	154	146
305	1	649	\N	103	147
306	1	54	\N	45	148
307	1	644	\N	151	149
308	1	69	\N	153	150
309	1	650	\N	3	151
310	1	475	\N	21	152
311	1	651	\N	66	153
312	1	66	\N	155	153
313	1	155	\N	96	153
314	1	96	\N	156	153
315	1	44	\N	66	154
316	1	66	\N	156	154
317	1	654	\N	96	154
318	1	655	\N	157	154
319	1	657	\N	156	155
320	1	657	\N	158	155
321	1	658	\N	44	155
322	1	324	\N	159	156
323	1	659	\N	156	156
324	1	660	\N	160	157
325	1	160	\N	110	157
326	1	661	\N	89	158
327	1	161	\N	16	158
328	1	437	\N	161	158
329	1	228	\N	20	158
330	1	666	\N	162	158
331	1	400	\N	152	159
332	1	96	\N	152	160
333	1	96	\N	4	160
334	1	15	\N	102	161
335	1	667	\N	101	161
336	1	668	\N	146	162
337	1	669	\N	66	162
338	1	305	\N	163	162
339	1	305	\N	164	162
340	1	166	\N	16	163
341	1	16	\N	165	163
342	1	16	\N	166	163
343	1	671	\N	167	164
344	1	672	\N	4	165
345	1	30	\N	4	166
346	1	107	\N	30	166
347	1	107	\N	168	166
348	1	107	\N	61	166
349	1	66	\N	156	167
350	1	675	\N	169	168
351	1	676	\N	129	169
352	1	143	\N	170	170
353	1	678	\N	69	171
354	1	678	\N	143	171
355	1	625	\N	171	171
356	1	620	\N	4	171
357	1	143	\N	172	171
358	1	143	\N	171	172
359	1	679	\N	116	173
360	1	680	\N	135	173
361	1	389	\N	66	174
362	1	139	\N	173	175
363	1	682	\N	66	176
364	1	18	\N	165	176
365	1	683	\N	16	176
366	1	685	\N	174	176
367	1	66	\N	18	177
368	1	687	\N	155	178
369	1	688	\N	175	179
370	1	61	\N	66	180
371	1	689	\N	21	181
372	1	690	\N	176	181
373	1	66	\N	2	182
374	1	691	\N	177	183
375	1	692	\N	64	184
376	1	64	\N	4	184
377	1	64	\N	10	184
378	1	504	\N	178	184
379	1	693	\N	179	184
380	1	694	\N	2	185
381	1	696	\N	4	186
382	1	130	\N	180	187
383	1	147	\N	176	188
384	1	697	\N	181	188
385	1	698	\N	2	189
386	1	699	\N	66	189
387	1	66	\N	13	190
388	1	277	\N	182	190
389	1	700	\N	2	191
390	1	143	\N	183	192
391	1	143	\N	184	192
392	1	701	\N	185	193
393	1	702	\N	186	194
394	1	703	\N	66	194
395	1	107	\N	40	195
396	1	324	\N	159	196
397	1	704	\N	187	197
398	1	705	\N	169	198
399	1	706	\N	1	199
400	1	17	\N	77	200
401	1	17	\N	4	200
402	1	707	\N	17	200
403	1	709	\N	188	201
404	1	710	\N	189	201
405	1	712	\N	190	201
406	1	188	\N	32	201
407	1	713	\N	5	202
408	1	715	\N	53	203
409	1	716	\N	191	204
410	1	717	\N	151	205
411	1	718	\N	41	206
412	1	195	\N	4	207
413	1	328	\N	21	207
414	1	719	\N	192	207
415	1	720	\N	193	207
416	1	721	\N	194	207
417	1	194	\N	53	207
418	1	193	\N	195	207
419	1	193	\N	196	207
420	1	81	\N	148	208
421	1	723	\N	12	209
422	1	724	\N	137	210
423	1	44	\N	54	211
424	1	725	\N	4	212
425	1	133	\N	197	213
426	1	197	\N	32	213
427	1	676	\N	57	214
428	1	12	\N	1	215
429	1	726	\N	198	215
430	1	12	\N	2	215
431	1	723	\N	12	215
432	1	723	\N	69	215
433	1	606	\N	199	216
434	1	728	\N	200	216
435	1	729	\N	30	217
436	1	730	\N	4	218
437	1	732	\N	201	218
438	1	21	\N	129	218
439	1	733	\N	53	218
440	1	734	\N	202	219
441	1	649	\N	4	219
442	1	735	\N	3	219
443	1	736	\N	16	220
444	1	737	\N	116	221
445	1	12	\N	116	222
446	1	187	\N	1	223
447	1	187	\N	102	223
448	1	288	\N	203	224
449	1	738	\N	204	225
450	1	739	\N	41	226
451	1	740	\N	1	227
452	1	741	\N	69	227
453	1	742	\N	30	228
454	1	743	\N	64	229
455	1	744	\N	19	230
456	1	745	\N	205	230
457	1	19	\N	17	230
458	1	17	\N	4	230
459	1	746	\N	206	230
460	1	747	\N	207	231
461	1	748	\N	208	232
462	1	749	\N	16	232
463	1	16	\N	209	232
464	1	750	\N	210	232
465	1	751	\N	211	232
466	1	432	\N	103	233
467	1	752	\N	4	234
468	1	753	\N	19	235
469	1	19	\N	21	235
470	1	754	\N	44	236
471	1	755	\N	212	237
472	1	756	\N	53	238
473	1	646	\N	213	238
474	1	44	\N	45	239
475	1	757	\N	44	239
476	1	44	\N	66	239
477	1	760	\N	66	240
478	1	2	\N	4	241
479	1	761	\N	2	241
480	1	281	\N	66	241
481	1	204	\N	66	242
482	1	44	\N	214	243
483	1	1	\N	148	244
484	1	1	\N	148	245
485	1	156	\N	4	246
486	1	156	\N	12	246
487	1	763	\N	66	247
488	1	152	\N	4	248
489	1	281	\N	66	249
490	1	216	\N	215	249
491	1	765	\N	2	249
492	1	215	\N	216	249
493	1	143	\N	217	250
494	1	766	\N	38	251
495	1	767	\N	155	252
496	1	767	\N	218	252
497	1	768	\N	21	253
498	1	769	\N	1	254
499	1	64	\N	219	255
500	1	719	\N	64	255
501	1	400	\N	152	256
502	1	770	\N	2	257
503	1	143	\N	220	258
504	1	505	\N	14	259
505	1	436	\N	16	260
506	1	437	\N	19	260
507	1	17	\N	18	260
508	1	19	\N	17	260
509	1	21	\N	4	261
510	1	771	\N	169	262
511	1	277	\N	221	263
512	1	753	\N	19	264
513	1	152	\N	4	265
514	1	143	\N	152	265
515	1	223	\N	220	265
516	1	143	\N	222	265
517	1	143	\N	223	265
518	1	677	\N	220	266
519	1	776	\N	2	267
520	1	776	\N	66	267
521	1	143	\N	2	268
522	1	515	\N	224	268
523	1	69	\N	171	268
524	1	778	\N	66	269
525	1	66	\N	2	269
526	1	779	\N	225	270
527	1	225	\N	17	270
528	1	17	\N	76	270
529	1	780	\N	16	270
530	1	432	\N	226	271
531	1	40	\N	3	272
532	1	781	\N	18	273
533	1	782	\N	227	274
534	1	228	\N	16	275
535	1	437	\N	228	275
536	1	432	\N	229	276
537	1	169	\N	41	277
538	1	169	\N	41	278
539	1	783	\N	230	279
540	1	784	\N	231	279
541	1	17	\N	232	280
542	1	785	\N	233	280
543	1	154	\N	2	281
544	1	786	\N	234	281
545	1	768	\N	21	282
546	1	470	\N	3	283
547	1	432	\N	229	283
548	1	787	\N	40	284
549	1	788	\N	4	285
550	1	204	\N	96	286
551	1	789	\N	235	287
552	1	66	\N	2	288
553	1	790	\N	66	288
554	1	791	\N	236	289
555	1	792	\N	69	289
556	1	224	\N	237	290
557	1	793	\N	238	291
558	1	239	\N	3	291
559	1	794	\N	239	291
560	1	798	\N	41	292
561	1	41	\N	65	292
562	1	143	\N	12	293
563	1	799	\N	69	294
564	1	800	\N	12	295
565	1	240	\N	4	295
566	1	805	\N	240	295
567	1	807	\N	5	296
568	1	808	\N	14	297
569	1	699	\N	66	298
570	1	809	\N	241	299
571	1	36	\N	66	300
572	1	810	\N	242	301
573	1	280	\N	66	302
574	1	143	\N	4	303
575	1	812	\N	243	303
576	1	740	\N	143	303
577	1	353	\N	244	303
578	1	814	\N	245	303
579	1	352	\N	246	303
580	1	426	\N	247	303
581	1	740	\N	248	303
582	1	143	\N	249	303
583	1	815	\N	250	304
584	1	816	\N	44	304
585	1	818	\N	135	305
586	1	819	\N	212	305
587	1	30	\N	4	306
588	1	277	\N	251	307
589	1	820	\N	252	308
590	1	277	\N	251	308
591	1	277	\N	253	308
592	1	821	\N	1	309
593	1	500	\N	12	310
594	1	199	\N	4	311
595	1	822	\N	254	311
596	1	823	\N	199	311
597	1	825	\N	255	311
598	1	282	\N	256	311
599	1	826	\N	257	311
600	1	282	\N	258	311
601	1	828	\N	259	311
602	1	829	\N	260	311
603	1	433	\N	3	312
604	1	831	\N	261	312
605	1	53	\N	262	313
606	1	274	\N	1	314
607	1	143	\N	263	315
608	1	832	\N	30	316
609	1	69	\N	4	317
610	1	833	\N	242	318
611	1	834	\N	49	318
612	1	495	\N	44	319
613	1	835	\N	44	320
614	1	836	\N	155	321
615	1	837	\N	264	322
616	1	838	\N	265	322
617	1	839	\N	266	322
618	1	266	\N	267	322
619	1	841	\N	268	322
620	1	706	\N	1	323
621	1	843	\N	17	324
622	1	844	\N	143	325
623	1	845	\N	269	326
624	1	846	\N	270	326
625	1	217	\N	12	327
626	1	677	\N	220	327
627	1	773	\N	4	327
628	1	677	\N	170	327
629	1	847	\N	81	328
630	1	584	\N	4	329
631	1	271	\N	39	329
632	1	851	\N	271	329
633	1	207	\N	156	330
634	1	852	\N	272	331
635	1	85	\N	84	332
636	1	85	\N	242	332
637	1	85	\N	14	332
638	1	96	\N	4	333
639	1	529	\N	66	334
640	1	853	\N	273	334
641	1	853	\N	78	334
642	1	155	\N	4	335
643	1	66	\N	39	336
644	1	857	\N	274	337
645	1	40	\N	103	338
646	1	858	\N	4	339
647	1	468	\N	275	339
648	1	860	\N	276	340
649	1	716	\N	41	340
650	1	861	\N	277	341
651	1	216	\N	155	342
652	1	326	\N	278	343
653	1	862	\N	4	344
654	1	864	\N	93	345
655	1	394	\N	279	346
656	1	865	\N	66	347
657	1	66	\N	13	347
658	1	853	\N	280	347
659	1	66	\N	2	347
660	1	155	\N	4	348
661	1	592	\N	66	349
662	1	593	\N	4	349
663	1	49	\N	14	350
664	1	867	\N	281	351
665	1	868	\N	100	352
666	1	869	\N	282	353
667	1	44	\N	4	354
668	1	312	\N	13	355
669	1	199	\N	4	356
670	1	111	\N	113	356
671	1	468	\N	283	356
672	1	468	\N	284	356
673	1	870	\N	107	356
674	1	107	\N	285	356
675	1	871	\N	286	356
676	1	107	\N	61	357
677	1	872	\N	287	358
678	1	422	\N	109	359
679	1	498	\N	4	360
680	1	119	\N	288	361
681	1	57	\N	12	361
682	1	119	\N	4	361
683	1	580	\N	39	362
684	1	876	\N	4	363
685	1	877	\N	289	364
686	1	21	\N	4	364
687	1	878	\N	5	365
688	1	680	\N	116	366
689	1	879	\N	290	366
690	1	49	\N	14	367
691	1	880	\N	66	368
692	1	881	\N	4	368
693	1	592	\N	291	369
694	1	882	\N	130	370
695	1	883	\N	292	370
696	1	884	\N	17	370
697	1	40	\N	4	371
698	1	885	\N	293	372
699	1	16	\N	4	372
700	1	887	\N	294	373
701	1	599	\N	1	374
702	1	888	\N	295	375
703	1	468	\N	3	375
704	1	100	\N	132	376
705	1	432	\N	3	377
706	1	890	\N	296	377
707	1	891	\N	297	378
708	1	36	\N	4	379
709	1	735	\N	1	380
710	1	143	\N	170	381
711	1	77	\N	5	382
712	1	892	\N	220	383
713	1	145	\N	4	384
714	1	30	\N	4	385
715	1	66	\N	13	386
716	1	21	\N	4	387
717	1	893	\N	21	387
718	1	672	\N	39	388
719	1	12	\N	1	389
720	1	894	\N	39	390
721	1	2	\N	4	391
722	1	36	\N	4	392
723	1	40	\N	4	393
724	1	107	\N	61	394
725	1	40	\N	4	394
726	1	432	\N	4	395
727	1	40	\N	4	396
728	1	468	\N	40	396
729	1	432	\N	4	397
730	1	65	\N	4	398
731	1	143	\N	69	399
732	1	16	\N	4	400
733	1	17	\N	4	401
734	1	17	\N	201	401
735	1	66	\N	14	402
736	1	653	\N	186	403
737	1	896	\N	144	404
738	1	143	\N	12	405
739	1	143	\N	298	405
740	1	143	\N	152	405
741	1	631	\N	21	406
742	1	1	\N	148	407
743	1	897	\N	12	1
744	1	899	\N	45	408
745	1	900	\N	4	409
746	1	642	\N	45	410
747	1	389	\N	66	411
748	1	646	\N	57	412
749	1	901	\N	234	2
750	1	902	\N	299	2
751	1	223	\N	152	2
752	1	12	\N	1	2
753	1	903	\N	15	2
754	1	334	\N	220	2
755	1	905	\N	300	2
756	1	764	\N	96	2
757	1	143	\N	12	413
758	1	906	\N	100	414
759	1	54	\N	45	415
760	1	143	\N	246	416
761	1	66	\N	155	417
762	1	907	\N	301	418
763	1	764	\N	66	418
764	1	908	\N	155	418
765	1	204	\N	96	418
766	1	66	\N	44	419
767	1	909	\N	156	419
768	1	66	\N	155	419
769	1	157	\N	96	419
770	1	17	\N	4	420
771	1	2	\N	101	421
772	1	223	\N	220	422
773	1	835	\N	44	423
774	1	593	\N	4	424
775	1	911	\N	4	425
776	1	143	\N	302	425
777	1	912	\N	210	426
778	1	210	\N	303	427
779	1	682	\N	304	427
780	1	66	\N	17	427
781	1	913	\N	19	427
782	1	16	\N	18	427
783	1	102	\N	1	428
784	1	102	\N	1	429
785	1	914	\N	305	430
786	1	690	\N	66	430
787	1	305	\N	164	430
788	1	584	\N	4	431
789	1	16	\N	165	432
790	1	915	\N	40	433
791	1	916	\N	306	434
792	1	102	\N	1	435
793	1	1	\N	148	436
794	1	917	\N	307	437
795	1	918	\N	308	437
796	1	919	\N	69	438
797	1	143	\N	309	438
798	1	107	\N	61	439
799	1	107	\N	30	439
800	1	30	\N	4	439
801	1	706	\N	1	440
802	1	922	\N	125	441
803	1	923	\N	5	441
804	1	172	\N	4	442
805	1	140	\N	310	442
806	1	431	\N	311	442
807	1	313	\N	116	443
808	1	182	\N	66	444
809	1	312	\N	13	444
810	1	369	\N	312	444
811	1	369	\N	66	445
812	1	368	\N	41	446
813	1	375	\N	313	446
814	1	924	\N	314	446
815	1	925	\N	16	446
816	1	926	\N	315	446
817	1	927	\N	18	446
818	1	69	\N	316	447
819	1	928	\N	317	448
820	1	764	\N	96	449
821	1	736	\N	16	450
822	1	929	\N	318	451
823	1	930	\N	319	452
824	1	66	\N	18	453
825	1	931	\N	225	453
826	1	684	\N	16	453
827	1	682	\N	304	454
828	1	66	\N	18	454
829	1	61	\N	66	455
830	1	932	\N	61	455
831	1	669	\N	320	456
832	1	3	\N	4	457
833	1	64	\N	10	457
834	1	102	\N	1	457
835	1	934	\N	321	457
836	1	2	\N	4	458
837	1	66	\N	2	458
838	1	361	\N	302	458
839	1	21	\N	4	459
840	1	36	\N	4	460
841	1	935	\N	322	461
842	1	854	\N	66	461
843	1	747	\N	323	461
844	1	936	\N	1	462
845	1	937	\N	294	463
846	1	312	\N	13	464
847	1	40	\N	4	465
848	1	39	\N	4	466
849	1	939	\N	2	467
850	1	143	\N	152	468
851	1	940	\N	69	468
852	1	475	\N	66	469
853	1	16	\N	4	470
854	1	941	\N	16	470
855	1	942	\N	324	471
856	1	943	\N	325	471
857	1	102	\N	1	472
858	1	945	\N	102	472
859	1	939	\N	2	473
860	1	17	\N	201	474
861	1	17	\N	123	474
862	1	946	\N	32	475
863	1	948	\N	190	475
864	1	949	\N	326	476
865	1	950	\N	5	477
866	1	30	\N	32	478
867	1	66	\N	57	479
868	1	192	\N	4	480
869	1	951	\N	201	480
870	1	195	\N	21	480
871	1	193	\N	192	480
872	1	952	\N	327	480
873	1	953	\N	328	480
874	1	589	\N	329	480
875	1	954	\N	53	481
876	1	955	\N	330	482
877	1	956	\N	135	483
878	1	604	\N	212	483
879	1	17	\N	4	484
880	1	957	\N	32	485
881	1	638	\N	1	486
882	1	274	\N	1	487
883	1	69	\N	12	487
884	1	958	\N	69	487
885	1	69	\N	137	487
886	1	962	\N	331	487
887	1	963	\N	332	488
888	1	964	\N	333	489
889	1	735	\N	3	490
890	1	735	\N	3	491
891	1	3	\N	4	491
892	1	735	\N	1	492
893	1	965	\N	334	493
894	1	39	\N	4	494
895	1	966	\N	335	495
896	1	967	\N	41	496
897	1	599	\N	1	496
898	1	740	\N	69	497
899	1	102	\N	1	497
900	1	69	\N	102	497
901	1	38	\N	30	498
902	1	17	\N	16	499
903	1	17	\N	4	499
904	1	968	\N	17	500
905	1	969	\N	336	501
906	1	369	\N	312	502
907	1	312	\N	66	502
908	1	221	\N	312	503
909	1	186	\N	155	504
910	1	970	\N	301	504
911	1	16	\N	4	505
912	1	972	\N	16	506
913	1	631	\N	21	507
914	1	773	\N	223	508
915	1	220	\N	152	508
916	1	973	\N	220	508
917	1	974	\N	53	509
918	1	975	\N	53	510
919	1	324	\N	159	511
920	1	757	\N	45	511
921	1	688	\N	324	511
922	1	44	\N	66	511
923	1	853	\N	337	512
924	1	773	\N	1	513
925	1	765	\N	2	513
926	1	2	\N	4	513
927	1	977	\N	216	513
928	1	778	\N	66	513
929	1	204	\N	96	513
930	1	274	\N	1	514
931	1	980	\N	148	514
932	1	981	\N	338	514
933	1	156	\N	4	515
934	1	44	\N	4	516
935	1	2	\N	4	517
936	1	215	\N	66	518
937	1	204	\N	96	518
938	1	66	\N	2	519
939	1	765	\N	66	519
940	1	743	\N	64	520
941	1	12	\N	116	521
942	1	44	\N	66	521
943	1	164	\N	66	522
944	1	400	\N	152	523
945	1	983	\N	165	524
946	1	676	\N	53	525
947	1	19	\N	57	526
948	1	143	\N	152	527
949	1	677	\N	220	527
950	1	143	\N	246	528
951	1	17	\N	16	529
952	1	3	\N	4	530
953	1	16	\N	89	531
954	1	199	\N	4	532
955	1	984	\N	145	533
956	1	17	\N	232	534
957	1	985	\N	156	535
958	1	44	\N	4	536
959	1	204	\N	96	537
960	1	204	\N	96	538
961	1	66	\N	2	539
962	1	986	\N	339	540
963	1	967	\N	340	541
964	1	587	\N	54	542
965	1	432	\N	4	543
966	1	318	\N	341	544
967	1	987	\N	342	544
968	1	797	\N	343	544
969	1	988	\N	3	544
970	1	989	\N	344	545
971	1	353	\N	345	546
972	1	990	\N	346	546
973	1	991	\N	347	547
974	1	992	\N	348	547
975	1	156	\N	4	547
976	1	500	\N	12	547
977	1	806	\N	116	547
978	1	806	\N	349	547
979	1	993	\N	350	548
980	1	803	\N	4	548
981	1	994	\N	351	549
982	1	66	\N	39	550
983	1	66	\N	39	551
984	1	995	\N	66	552
985	1	996	\N	135	553
986	1	143	\N	352	554
987	1	143	\N	4	554
988	1	740	\N	353	554
989	1	143	\N	354	554
990	1	143	\N	355	554
991	1	220	\N	152	554
992	1	143	\N	247	554
993	1	143	\N	69	554
994	1	187	\N	1	554
995	1	220	\N	152	555
996	1	999	\N	356	556
997	1	432	\N	4	557
998	1	1000	\N	106	558
999	1	66	\N	13	558
1000	1	312	\N	13	559
1001	1	160	\N	357	559
1002	1	312	\N	358	559
1003	1	432	\N	4	560
1004	1	17	\N	16	560
1005	1	853	\N	280	560
1006	1	143	\N	152	560
1007	1	814	\N	3	560
1008	1	814	\N	188	560
1009	1	814	\N	12	560
1010	1	814	\N	17	560
1011	1	814	\N	359	560
1012	1	814	\N	1	560
1013	1	143	\N	152	561
1014	1	827	\N	199	562
1015	1	40	\N	100	562
1016	1	199	\N	4	562
1017	1	827	\N	360	562
1018	1	326	\N	254	562
1019	1	949	\N	258	562
1020	1	274	\N	1	563
1021	1	264	\N	1	564
1022	1	1003	\N	49	564
1023	1	1	\N	148	564
1024	1	69	\N	4	565
1025	1	302	\N	361	566
1026	1	3	\N	4	567
1027	1	3	\N	4	568
1028	1	853	\N	66	569
1029	1	204	\N	66	570
1030	1	65	\N	4	571
1031	1	44	\N	4	572
1032	1	1005	\N	44	573
1033	1	44	\N	66	574
1034	1	1006	\N	44	575
1035	1	324	\N	159	576
1036	1	836	\N	155	577
1037	1	1007	\N	96	577
1038	1	1008	\N	362	578
1039	1	1009	\N	266	578
1040	1	846	\N	1	579
1041	1	1010	\N	81	579
1042	1	143	\N	152	580
1043	1	1011	\N	143	580
1044	1	143	\N	170	580
1045	1	677	\N	220	580
1046	1	677	\N	363	581
1047	1	1012	\N	1	582
1048	1	313	\N	116	583
1049	1	1013	\N	364	583
1050	1	516	\N	365	584
1051	1	1014	\N	366	585
1052	1	503	\N	1	586
1053	1	849	\N	39	587
1054	1	36	\N	4	587
1055	1	881	\N	4	588
1056	1	1017	\N	367	589
1057	1	853	\N	66	590
1058	1	468	\N	40	591
1059	1	1018	\N	32	592
1060	1	1020	\N	274	593
1061	1	1	\N	148	593
1062	1	40	\N	100	594
1063	1	1021	\N	368	595
1064	1	432	\N	4	595
1065	1	716	\N	41	596
1066	1	277	\N	369	597
1067	1	216	\N	155	598
1068	1	3	\N	49	3
1069	1	563	\N	370	\N
1070	1	771	\N	4	\N
1071	1	1022	\N	66	\N
1072	1	17	\N	21	\N
1073	1	40	\N	100	\N
1074	1	1023	\N	371	\N
1075	1	143	\N	152	\N
1076	1	1024	\N	372	\N
1077	1	19	\N	16	\N
1078	1	558	\N	373	\N
1079	1	12	\N	1	\N
1080	1	15	\N	2	\N
1081	1	1027	\N	116	\N
1082	1	197	\N	32	\N
1083	1	130	\N	17	\N
1084	1	1028	\N	374	\N
1085	1	475	\N	44	\N
1086	1	1029	\N	81	\N
1087	1	23	\N	69	\N
1088	1	1032	\N	375	\N
1089	1	1033	\N	376	\N
1090	1	1034	\N	377	\N
1091	1	1035	\N	41	\N
1092	1	66	\N	30	\N
1093	1	1037	\N	378	\N
1094	1	829	\N	199	\N
1095	1	677	\N	220	\N
1096	1	500	\N	12	\N
1097	1	66	\N	13	\N
1098	1	468	\N	379	\N
1099	1	692	\N	64	\N
1100	1	1040	\N	5	\N
1101	1	15	\N	154	\N
1102	1	66	\N	14	\N
1103	1	1041	\N	380	\N
1104	1	1042	\N	381	\N
1105	1	1044	\N	382	\N
1106	1	204	\N	96	\N
1107	1	40	\N	3	\N
1108	1	929	\N	242	\N
1109	1	85	\N	84	\N
1110	1	1	\N	148	\N
1111	1	53	\N	201	\N
1112	1	437	\N	383	\N
1113	1	620	\N	171	\N
1114	1	814	\N	384	\N
1115	1	814	\N	385	\N
1116	1	814	\N	79	\N
1117	1	840	\N	234	\N
1118	1	1049	\N	386	\N
1119	1	572	\N	185	\N
1120	1	476	\N	45	\N
1121	1	475	\N	57	\N
1122	1	652	\N	207	\N
1123	1	814	\N	387	\N
1124	1	814	\N	197	\N
1125	1	1051	\N	388	\N
1126	1	1052	\N	389	\N
1127	1	912	\N	15	\N
1128	1	1053	\N	390	\N
1129	1	740	\N	143	\N
1130	1	1054	\N	391	\N
1131	1	1056	\N	110	\N
1132	1	1057	\N	392	\N
1133	1	3	\N	49	\N
1134	1	242	\N	393	\N
1135	1	1060	\N	394	\N
1136	1	1061	\N	289	\N
1137	1	64	\N	395	\N
1138	1	781	\N	396	\N
1139	1	875	\N	39	\N
1140	1	1062	\N	397	\N
1141	1	16	\N	166	\N
1142	1	44	\N	146	\N
1143	1	1064	\N	398	\N
1144	1	1067	\N	399	\N
1145	1	532	\N	400	\N
1146	1	773	\N	401	\N
1147	1	1070	\N	402	\N
1148	1	66	\N	403	\N
1149	1	1072	\N	53	\N
1150	1	814	\N	404	\N
1151	1	1073	\N	405	\N
1152	1	1074	\N	406	\N
1153	1	25	\N	407	\N
1154	1	1075	\N	408	\N
1155	1	1076	\N	409	\N
1156	1	1077	\N	410	\N
1157	1	1078	\N	411	\N
1158	1	1080	\N	412	\N
1159	1	1082	\N	413	\N
1160	1	1083	\N	414	\N
1161	1	411	\N	415	\N
1162	1	57	\N	416	\N
1163	1	1084	\N	417	\N
1164	1	1086	\N	418	\N
1165	1	814	\N	419	\N
1166	1	814	\N	420	\N
1167	1	1088	\N	421	\N
1168	1	1089	\N	422	\N
1169	1	1090	\N	423	\N
1170	1	1094	\N	424	\N
\.


--
-- Data for Name: route; Type: TABLE DATA; Schema: public; Owner: admin
--

COPY public.route (id, name) FROM stdin;
1	SANTA LUCIA
2	N.D.
3	380
4	13
5	101
6	641
7	634
8	15
9	702
10	258
11	633
12	163
13	161
14	25
15	629
16	C88
17	30A
18	231C
19	231
20	59A
21	275C
22	24A
23	50B
24	EXPRESS
25	55
\.


--
-- Data for Name: street; Type: TABLE DATA; Schema: public; Owner: admin
--

COPY public.street (id, name) FROM stdin;
1	CARRETERA A TESISTAN
2	ACUEDUCTO AV ZAP
3	LAURELES AV
4	PERIFERICO
5	CARRETERA A MORELIA
6	FLOR COL AGRICOLA
7	FRANCISCO VILLA COL AGUA BLANCA
8	JUSTO SIERRA
9	ALTAVISTA AV
10	DE LA MANCHA AV
11	COVADONGA AV
12	BASE AEREA MILITAR AV
13	MANUEL AVILA CAMACHO AV
14	DE LAS AMERICAS AV
15	FEDERALISTAS AV COL JARDINES DEL VALLE
16	LOPEZ MATEOS AV
17	MARIANO OTERO AV
18	CRUZ DEL SUR AV
19	NICOLAS COPERNICO AV
20	CARNERO
21	GUADALUPE AV
22	MISION DE SAN LUIS
23	ARCO DE LA ESTRELLA
24	ARCO BALANCIN
25	ARCO DEL TRIUNFO
26	LA PAZ AV
27	DIAMANTE COL ARENALES TAPATIOS
28	1 DE MAYO COL ARENALES TAPATIOS
29	PASEO DE LA PRIMAVERA
30	FEDERALISMO CALZ
31	GUADALUPE VICTORIA COL ARROYO HONDO
32	CARRETERA A SALTILLO
33	NIO ARTILLERO
34	DE LAS TORRES AV COL ARROYO HONDO
35	ALDAMA COL ANALCO
36	EXPERIENCIA
37	MARIANO BARCENAS COL AUDITORIO
38	LUIS QUINTERO
39	ALCALDE AV
40	JOSE PARRES ARIAS
41	RIO BLANCO AV
42	CAMINO BOSQUE A SAN ISIDRO
43	BOSQUES DE NAYARIT
44	VALLARTA AV
45	LAZARO CARDENAS CALZ
46	SAN JUAN BOSCO
47	CENTRAL CALZ COL CIUDAD GRANJA
48	BUENOS AIRES COL BUGAMBILIAS
49	HIDALGO AV ZAP
50	JESUS GARCIA
51	JOAQUIN ANGULO COL VILLA MAGNA
52	LAS ROSAS AV
53	TEPEYAC AV
54	SAN IGNACIO AV
55	DE LOS LEONES AV
56	XOCHITL AV
57	MOCTEZUMA AV
58	CUAUHTEMOC AV COL CIUDAD DEL SOL
59	NUEVA CALZ COL CIUDAD GRANJA
60	DE LOS ALAMOS CALZ
61	ENRIQUE DIAZ DE LEON
62	LA CALMA COL AGRICOLA
63	DEL ESCORIAL AV
64	VALDEPEAS AV
65	INDUSTRIA TEXTIL AV
66	PATRIA AV
67	DE LOS SAUCES AV
68	ASESORES
69	TESISTAN AV
70	ARCO DELTRIUNFO
71	GONZALEZ ORTEGA ZAP
72	5 DE MAYO ATEMAJAC
73	JUSTO GONZALEZ
74	CLUB ATLAS
75	JAVIER ROJO GOMEZ
76	LAPIZLAZULI AV
77	BUGAMBILIAS BLV
78	CALLEJON DE LAS BUGAMBILIAS
79	NIO OBRERO AV
80	CAMPO REAL AV
81	COPALITA AV
82	RAMON CORONA COL CENTRO ZAP
83	28 DE ENERO COL CENTRO ZAP
84	5 DE MAYO COL CENTRO ZAP
85	JAVIER MINA ZAP
86	16 DE SEPTIEMBRE AV ZAP
87	TIZOC
88	AZTLAN
89	LA CALMA AV
90	AXAYACATL
91	ANAHUAC COL CIUDAD DEL SOL
92	DE LAS PALMAS CALZ COL CIUDAD GRANJA
93	ZOQUIPAN AV
94	COLINA ALBEA
95	COLINA AUREA
96	JUAN PALOMAR Y ARIAS AV
97	FLOR DE SAN JUAN
98	GRAVA
99	LOS PINOS AV
100	DE LAS TORRES AV COL EL VERGEL ZAP
101	FEDERALISTAS JALISCIENSES CALZ
102	DR ANGEL LEAO AV
103	DEL RODEO BLV
104	DE LA ESPUELA BLV
105	JACARANDAS
106	AURELIO ORTEGA AV
107	OBREROS DE CANANEA
108	LUIS PEREZ VERDIA COL CONSTITUCION
109	GRAL JUAN DOMINGUEZ
110	ING PASTOR ROUAIX
111	GRAL JUAN AGUIRRE
112	GRAL IGNACIO L PESQUEIRA
113	CONSTITUYENTES COL CONSTITUCION
114	GRAL SALVADOR GONZALEZ
115	BASILIO VADILLO ZAP
116	CARRETERA A NOGALES
117	CAMINO A LAS VILLAS PANAMERICANAS
118	CIRCUITO SUR AV
119	DEL BOSQUE AV
120	EJIDO COL EL BATAN
121	ANAHUAC COL CENTRO ZAP
122	16 DE SEPTIEMBRE COL VICTOR HUGO
123	DR MATEO DEL REGIL AV
124	SAN ANTONIO
125	SAN JAVIER
126	MELCHOR OCAMPO COL EL COLLI
127	VOLCAN FUJILLAMA
128	VOLCAN BARU
129	DEL COLLI AV
130	GUARDIA NACIONAL
131	DE LOS ENEBROS CALZ
132	DEL VERGEL CALZ
133	FELIPE ANGELES ZAP
134	BAJA CALIFORNIA
135	CARRETERA A NEXTIPAC
136	EMILIANO ZAPATA COL FRANCISCO SARABIA
137	GUADALAJARA AV COL NUEVO MEXICO
138	INDUSTRIA DEL AGAVE
139	AJONJOLI COL TUZANIA
140	DE LOS CEREZOS AV
141	OBELISCO AV
142	JARDIN REAL BLV
143	SANTA MARGARITA
144	INGENIEROS
145	ECONOMOS
146	PIOTR TCHAIKOVSKI AV
147	SAN LUIS GONZAGA
148	CARRETERA A COLOTLAN
149	2 DE FEBRERO COL JARDINES NUEVO MEXICO
150	SAN GILBERTO
151	LABNA AV
152	DEL SERVIDOR PUBLICO CALZ
153	FEDERALISTAS JALISCIENSES AV
154	DEL VALLE AV
155	NACIONES UNIDAS AV
156	INGLATERRA AV
157	DE LOS NOVELISTAS AV
158	ABASOLO COL JOCOTAN
159	ABEDULES AV
160	PAULINO NAVARRO COL SEATTLE
161	PEGASO
162	CANGREJO
163	CLAUDE DEBUSSY
164	JUAN SEBASTIAN BACH
165	CONCHITA AV
166	LA GIRALDA AV
167	CARPINTEROS
168	JOSE ANTONIO TORRES
169	BOSQUES DE SAN ISIDRO BLV
170	PASEO DE LA TOSCANA
171	DE LAS PALMERAS AV
172	ARRAYANES
173	LA TUZANIA AV
174	CARPA
175	ACUARIO COL LOMAS ALTAS
176	ABOGADOS
177	NAPOLES
178	MARBELLA
179	TORREMOLINOS AV
180	FRANCISCO JIMENEZ
181	SAN JUAN DE LETRAN
182	LAGO CONSTANZA
183	MIMOSAS
184	ALHELIES
185	ATEMAJAC AV
186	GEORGE SANTAYANA
187	LOS ROBLES
188	ING ALBERTO MORA LOPEZ
189	INDIGENA AV
190	DELLI COL MESA COLORADA
191	CARDENAL
192	PUERTO DE GUAYMAS AV
193	PUERTO MEXICO
194	PUERTO CHAMELA
195	PUERTO DE TAMPICO
196	PUERTO MADERO
197	AGUA FRIA COL VILLAS DE GUADALUPE
198	ATOTONILCO COL JARDINES DE NUEVO MEXICO
199	TABACHINES AV
200	ELECTRICISTAS
201	DE LAS TORRES AV COL PARAISOS DEL COLLI
202	LUIS ENRIQUE WILLIAMS
203	CAMINO A VILLAS PANAMERICANAS
204	UNIVERSIDAD AV
205	ARACELI SAUZA
206	ENRIQUE LADRON DE GUEVARA
207	MAURICE BARING
208	COPILCO
209	DEL PINAR AV
210	SIERRA DE MAZAMITLA
211	BONAMPAK
212	JUAN MANUEL RUVALCABA
213	PRADO DE LAS GARDENIAS
214	DEL TULE AV
215	PASEO ROYAL COUNTRY BLV
216	PASEO DE LOS VIRREYES BLV
217	VALLE REAL BLV
218	BAJADA DE LAS AGUILAS
219	DE LAS FLORES AV
220	CENTRAL AV COL RESIDENCIAL PONIENTE
221	LAGO CAMECUARO
222	DOMINGO GONZALEZ MAXEMIN
223	CIRCUITO FEDERALISTAS JALISCIENSES
224	SAN FRANCISCO ZAP
225	OBSIDIANA AV
226	DEL PIAL
227	TOPACIO AV
228	GALILEO GALILEI
229	DEL ESTRIBO BLV
230	MANUEL ACUA
231	DE LOS PINOS AV
232	DEL SOL CALZ
233	JOSE LUIS ALCALA
234	VALLE DE ATEMAJAC AV COL JARDINES DEL VALLE
235	NIOS HEROES COL SAN AGUSTIN
236	FRAY JUAN CALERO
237	JESUS GARCIA ZAP
238	EJIDO  COL SAN ISIDRO EJIDAL
239	EMILIO CARRANZA ZAP
240	5 DE MAYO OCOTAN
241	VENUSTIANO CARRANZA SANTA ANA TEPETITLAN
242	EVA BRISEO
243	SANTA FILOMENA COL SANTA MARGARITA
244	DE LAS TORRES AV COL SANTA MARGARITA
245	COLONIA SANTA MARGARITA
246	MARINA VALLARTA
247	SANTA CECILIA COL SANTA MARGARITA
248	SANTA CATALINA COL SANTA MARGARITA
249	SANTA ANA COL SANTA MARGARITA
250	JOSE CLEMENTE OROZCO COL SANTA MARIA DEL PUEBLITO
251	D AV COL SEATTLE
252	B AV COL SEATTLE
253	C AV
254	PASEO DE LAS MAGNOLIAS
255	PASEO DE LOS HUEJOTES
256	PASEO DE LAS TULLAS
257	PASEO DE LAS ARAUCARIAS
258	PASEO DE LAS CAOBAS
259	PASEOS DE LAS MAGNOLIAS
260	PASEO DE LOS SAUCES
261	JUAN DIEGO
262	LEONES AV
263	GIRASOLES COL TUZANIA
264	VALLE DE TESISTAN
265	MARTELL
266	VALENTIN VIDRIO ARCE
267	VALLE DE LOS MOLINOS AV
268	CIRCUITO RUBIDIO
269	VALLE IMPERIAL AV
270	CAMINO A COPALITA
271	PREDIO AGUA AZUL
272	PILAR BELTRAN
273	CALLEJON DE LA GALEANAS
274	DE LAS CALANDRIAS AV
275	PROF LUIS G MONZON
276	PASEO DE LAS AVES AV
277	SAN JORGE COL SEATTLE
278	LUCIO BLANCO
279	16 DE SEPTIEMBRE COL COLINA DE LOS ROBLES
280	CIRCUITO MADRIGAL
281	PASEO ANDARES
282	PASEO DE LOS FRAMBUESOS
283	PROF ALFONSO HERRERA
284	JUAN GUTIERREZ
285	CONSTITUYENTES
286	ANTONIO MADRAZO
287	JUANA DE ARCO COL LA CORONILLA
288	CIRCUITO JVC
289	CAMINO A SANTA ANA TEPETITLAN
290	CAMINO A NEXTIPAC
291	VOLCAN EL COLLI
292	HEROICO COLEGIO MILITAR COL EL FORTIN
293	EMILIANO ZAPATA COL EL MANTE
294	PASEO DEL PALOMAR
295	PASEO DEL AIRE AV
296	CORRAL COL EL VIGIA
297	ACALEA
298	PASEO SAN ARTURO AV
299	VALLE DE LA PLATA
300	VALLE DE LOS TUCANES
301	ERNEST HEMINWAY
302	SANTA CECILIA
303	CANCUN COL PINAR DE LA CALMA
304	BOYERO
305	RAFAEL SANZIO
306	JESUS GARCIA COL LOS OCOTES
307	ITURBIDE COL LA MARTINICA
308	PIPILA
309	DOMINGO GONZALEZ
310	CAMINO A LA TUZANIA
311	AVILA
312	SAN JORGE AV COL SEATTLE
313	CUCBA AV
314	CERRO DEL TIGRE
315	RIO LERMA COL LAS AGUILAS
316	DEL RIO AV
317	PASEO DE LAS CAADAS
318	SAN FRANCISCO DE SALES
319	ALLENDE COL CENTRO ZAP
320	GEORGE G HANDEL
321	INDUSTRIA METALURGICA
322	CIRCUITO UNIVERSITARIO
323	LLUVIA
324	MEXICO AV
325	PISCIS COL LOMAS ALTAS
326	PASEO DE LOS ALMENDROS
327	PUERTO DE GUAYMAS
328	PUERTO ENSENADA
329	PUERTO TOPOLOBAMPO
330	AZTECAS
331	IDOLINA GAONA DE COSIO
332	CHICLE COL PARAISOS DEL COLLI
333	ALAMO COL PARAISOS DEL COLLI
334	VALLE DE AMECA
335	ANGEL EL ZAPOPAN ROMERO
336	AGUA COL PASEOS UNIVERSIDAD
337	PROVIDENCIA AV
338	CIRCUITO FEDERALISTAS
339	JALISCO TESISTAN
340	PUENTE CHICO
341	NUEVO MEXICO COL SAN ISIDRO EJIDAL
342	DONATO MORALES
343	INSURGENTES COL SAN ISIDRO EJIDAL
344	ANTIMONIO COL SAN JOSE DEL BAJIO
345	FRAY FRANCISCO LORENZO
346	ALUMINIO
347	JUAN SANTIBAEZ
348	INDEPENDENCIA
349	RAMON CORONA ZAP
350	PARRAL SAN JUAN OCOTAN
351	JAVIER MINA SANTA ANA TEPETITLAN
352	SANTA FE COL SANTA MARGARITA
353	SANTA ESTHER
354	MARINA MAZATLAN
355	GERANIOS COL SANTA MARGARITA
356	BENITO JUAREZ SANTA MARIA DEL PUEBLITO
357	JESUS ROMO VIVAR
358	B AV
359	LAGO CATEMANCO
360	PASEO DE LAS LIMAS
361	SANTO DOMINGO
362	LAURELES COL VALLE DE LOS MOLINOS
363	GUILLERMO GONZALEZ
364	CAMINO AL CUCBA
365	GRAL MANUEL ANAYA
366	LAS ROSAS AV COL VERDE VALLE
367	NARANJA
368	SAN ISIDRO AV
369	LAGO GINEBRA
370	IGNACIO ALLENDE ZAP
371	RIO TARAY
372	CANTERA 
373	NOCHE BUENA
374	VOLCAN ANTISANA
375	JILGUEROS
376	FUENTE CRISOLA
377	DE LAS ORQUIDEAS
378	CHICHEN ITZA
379	DR JOSE SIMON DE URIAS
380	RAMON CORONA AV COL CENTRO ZAP
381	6 DE ENERO
382	FRANCISCO I MADERO TLAQ
383	SERPENTARIO
384	CIRCULO JVC
385	FRANCISCO DE SALES ZAP
386	PASEO DE LAS AMERICAS
387	AGUA DULCE COL VILLAS DE GUADALUPE
388	NAVIO
389	LAGO SUPERIOR
390	DE LAS FLORES AV COL TUZANIA
391	ALTAMIRA
392	AHUAHUAC COL CIUDAD DEL SOL
393	ANTONIO GOMEZ
394	GUADALAJARA AV COL JARDINES NUEVO MEXICO
395	TARRAGONA AV
396	BENITO JUAREZ COL LOMA BONITA EJIDAL
397	GRANADOS
398	COLEGIO MILITAR AV COL EL FORTIN
399	PASEO DE LOS BAMBUES
400	JESUS AV
401	J JESUS HUERTA
402	CARRETERA A CHAPALA
403	ACUEDUCTO AV
404	RIO NILO AV
405	CARRETERA A ZAPOTLANEJO
406	BOGOTA
407	PROLONGACION ANGEL LEAO 
408	PERIFEIRICO
409	JUAN PABLO SEGUNDO
410	COPERNICO
411	8 DE JULIO
412	PRESA OSORIO
413	AVIACION AV
414	JAVIER MINA AV
415	JESUS MICHEL GONZALEZ AV
416	COPERNICO AV
417	CEDRAS
418	GUILERMO PRIETO
419	LAS PALMAS
420	ARROYO DE EN MEDIO
421	ALGODN
422	LUIS MANUEL ROJAS
423	COTOPAXI
424	DELICIAS
425	LAZARO CARDENAS COL JARDINES NUEVO MEXICO
426	SANTA LUCIA ZAP
427	SAN JOSE COL AGRICOLA
428	JUSTO SIERRA COL AGUA BLANCA
429	PEDRO MORENO
430	CALLE 4 COL ALAMITOS
431	TALAVERA
432	PINO SUAREZ ZAP
433	INDUSTRIA ZAP
434	CAMPO ALEGRE
435	ROMANOS
436	PEDRO SIMON LAPLACE
437	VIRGEN
438	VIA LACTEA
439	MISION DE SAN PABLO
440	COLONIA ARCOS DE GUADALUPE
441	ARCO IRIS
442	ARCO DE TRAJANO
443	ARCO ROMANICO
444	ARCO ESCOCES
445	ARCO COMODO
446	ARCO VALENTINO
447	COLONIA ARCOS ZAPOPAN
448	MERCURIO COL ARENALES TAPATIOS
449	1 DE MAYO PRIV
450	MIRADOR DEL VALLE
451	PLOMO COL ARENALES TAPATIOS
452	XV REGION MILITAR
453	JUAN ALVAREZ
454	GONZALEZ GALLO COL ARROYO HONDO
455	VASCO DE QUIROGA COL ARROYO HONDO
456	JUAN ALVAREZ COL ARROYO HONDO
457	CONSTITUCION
458	RAMON CORONA COL ATEMAJAC
459	REFORMA ATEMAJAC
460	EMILIANO ZAPATA ATEMAJAC
461	NATACION
462	ALBERTO CINTA
463	MARIANO BARCENAS
464	DEPORTES AV
465	SELECCION JALISCO
466	AGUA MARINA COL AGUA BLANCA
467	AZALEAS
468	VENUSTIANO CARRANZA ZAP
469	RAMON CORONA COL EL BATAN
470	DE LAS CARRETAS BLV
471	HACIENDA JUAN PABLO II
472	CAMINO DE LA SIERRA
473	BOSQUES DEL CENTINELA
474	BUGAMBLIAS BLV
475	MANUEL J CLOUTHIER
476	DON BOSCO
477	SAN JUAN DE LA CRUZ
478	SAN RAMON ONATO
479	EULOGIO PARRA COL CANTEROS
480	DEL LINCE ORIENTE
481	BOSQUES DE SAN ISIDRO AV
482	PINO SUAREZ
483	CONSTITUCION TLAQ COL CENTRO
484	MANUEL AVILA CAMACHO COL VILLA MAGNA
485	ALDAMA COL CENTRO ZAP
486	MARIANO MATAMOROS
487	MORENA
488	ANTONIO VALERIANO
489	SAN AGUSTIN COL CHAPALITA
490	DEL PARQUE
491	CIRCUITO DEL LINCE
492	NETZAHUALCOYOTL
493	PRADO DE LOS CEDROS
494	IZTLACIHUATL COL CIUDAD DEL SOL
495	ETZATLAN COL CIUDAD GRANJA
496	NORTE CALZ
497	DE LAS PALMAS AV COL CIUDAD GRANJA
498	DE LOS LAURELES CALZ COL CIUDAD GRANJA
499	SAN JUAN COL CIUDAD GRANJA
500	PASEO SOLARES AV
501	SAN JORGE COL AGRICOLA
502	NARDO COL AGRICOLA
503	ATOTONILCO COL JARDINES NUEVO MEXICO
504	TARRAGONA
505	HIPODROMO
506	EMILIANO ZAPATA ZAP COL ALTAMIRA
507	ARCO PERALTADO
508	ARCO DRUSO
509	ARCO JULIO CESAR
510	ARCO BENAVENTE
511	ARCO VALENTE
512	AGUSTIN MELGAR COL ARENALES TAPATIOS
513	RADIO
514	PIRUL COL ARENALES TAPATIOS
515	TULIPANES COL LOS GIRASOLES
516	OCCIDENTAL
517	ALDAMA ATEMAJAC
518	COLONIA ATEMAJAC DEL VALLE
519	ITURBIDE COL ATEMAJAC
520	WATERPOLO
521	COLONIA AUDITORIO
522	MORELOS COL AUDITORIO
523	CLUB PROVIDENCIA
524	PAROTA
525	MAZAMITLA COL BENITO JUAREZ
526	REMANSO DE LAS GARDENIAS
527	REMANSO DE LOS LAURELES
528	COLONIA BUGAMBILIAS
529	PASEO DE LOS PARQUES
530	CIRCUITO DE LAS FLORES 
531	PASEO DE LA ARBOLEDA AV TESISTAN
532	SAN NICOLAS DE BARI
533	SANTA TERESA DE JESUS
534	CAMPO CASTILLO
535	PRIMAVERA
536	COLONIA CAPULLO
537	VICENTE GUERRERO ZAP
538	LOPEZ COTILLA ZAP
539	MORELOS ZAP
540	JUAREZ ZAP
541	PEDRO MORENO ZAP
542	MATAMOROS ZAP
543	ABASOLO ZAP
544	COLONIA CHAPALITA
545	CUBILETE
546	TONATIUH
547	COLIMAN
548	NEZAHUALCOYOTL COL CIUDAD DEL SOL
549	IZTACCIHUATL COL CIUDAD DEL SOL
550	TEXCOCO
551	CHIMALHUACAN
552	TEZOZOMOC
553	CUAUHTEMOC COL CIUDAD DEL SOL
554	COLONIA CIUDAD GRANJA
555	COLINA DEL CAPITOLIO
556	COLINA CORINTIA
557	COLINA IMPERIAL
558	MIGUEL DE LA MADRID
559	TENZONTLE
560	PEASCO
561	JARDINES DE LA BEGONIA
562	SAN JUAN DE LOS LAGOS COL COLINAS DEL RIO
563	MELCHOR OCAMPO ZAP
564	ANTONIO ARTEAGA
565	BANDERA NACIONAL
566	LABARO PATRIO
567	COLONIA CONJUNTO PATRIA
568	DR LUIS FARAH
569	GRAL JOAQUIN MURRIETA
570	PABLO QUIROGA
571	RAYON COL CONSTITUCION
572	GRAL MANUEL M DIEGUEZ
573	PLAN DE SAN LUIS COL DIVISION DEL NORTE
574	DIVISION DEL NORTE
575	PLAN DE LA NORIA COL DIVISION DEL NORTE
576	DEL BAJIO AV
577	COLONIA EL BAJIO
578	FRANCISCO VILLA COL EL BATAN
579	SAUCITO
580	TEPEYAC COL EL BATAN
581	ALVARO OBREGON COL EL BATAN
582	COLONIAS ATEMAJAC
583	EMILIANO ZAPATA COL EL BATAN
584	ALVARO OBREGON COL VICTOR HUGO
585	SANTA RITA COL EL BRISEO
586	SANTA ROSA COL EL BRISEO
587	SAN RAFAEL
588	SANTA MARTHA COL EL CAPULLO
589	VOLCAN QUINCEO
590	VOLCAN AJUSCO COL EL COLLI
591	VOLCAN VESUBIO
592	VOLCAN POPOCATEPETL COL EL COLLI
593	FELIPE RUVALCABA
594	AHUEHUETE COL EL COLLI URBANO
595	ZAFIRO COL ARENALES TAPATIOS
596	COLIMA COL EL MANTE
597	JALISCO COL EL MANTE
598	EMILIANO ZAPATA EL MANTE
599	DEL TIGRE AV
600	EL ZAPOTE TESISTAN
601	COLONIA EL VIGIA
602	LA MILPA
603	PRADO DE LOS LIRIOS
604	PRADO DE LAS ROSAS
605	DE LA MONTAA COL VERGEL
606	FRANCISCO I MADERO ZAP
607	MIGUEL ANGEL
608	FIDEL VELAZQUEZ
609	COLONIA FRACCIONAMIENTO EL CAMPESTRE
610	PUERTA 1 DE LA UNIDAD HABITACIONAL MILITAR
611	FRANCISCO VILLA COL FRANCISCO SARABIA
612	COLONIA GONZALEZ ORTEGA
613	REFORMA ZAP
614	ATOTONILCO COL HOGARES
615	AGUA AZUL PRIV
616	16 DE SEPTIEMBRE ZAP
617	INDUSTRIA MECANICA
618	INDUSTRIA DEL VESTIDO
619	INDUSTRIA DEL PLASTICO
620	TUZANIA AV
621	ALERCES
622	GIRASOLES
623	NOGAL
624	CAPULINES COL TUZANIA
625	CHIRIMOYA COL TUZANIA
626	DE LAS TULLAS
627	JACARANDAS AV
628	PASEO DE LOS PRINCIPES
629	JARDIN DE LA CEREZAS
630	JARDIN DE LOS GERANIOS
631	TOREROS
632	JARDINES DE LAS FUENTES AV
633	TERCERA ORIENTE COL JARDINES NUEVO MEXICO
634	COLONIA JARDINES DE NUEVO MEXICO
635	TERCERA PONIENTE COL JARDINES DE NUEVO MEXICO
636	SEGUNDA PONIENTE COL JARDINES DE NUEVL MEXICO
637	LIC ELISEO OROZCO GUTIERREZ
638	CUARTA PONIENTE COL JARDINES NUEVO MEXICO
639	PRIMERA NORTE COL JARDINES DE NUEVO MEXICO
640	PROFA IDOLINA GAONA DE COSIO
641	SAN DIONISIO
642	TONANTZIN AV
643	TLALPAN COL EL IXTEPETE
644	TENOCHTITLAN COL CIUDAD DEL SOL
645	CHIMALPOPOCA
646	PRADO DE LOS LAURELES
647	VALLE DE ATEMAJAC COL JARDINES DEL VALLE
648	VALLE DE LOS DIAMANTES
649	DE LOS CHARROS BLV
650	VIGIA
651	COLONIA JARDINES UNIVERSIDAD
652	WILLIAM SHAKESPEARE AV
653	LEON TOLSTOI
654	JOAQUIN FERNANDEZ DE LIZARDI
655	BENEDETTO CROCE
656	MABUSE
657	LOPEZ COTILLA COL JOCOTAN
658	FRENTE AL 5701
659	CAPRICORNIO
660	TOMAS V GOMEZ COL LA AURORA
661	TORO
662	PLEYADES
663	ANDROMEDA
664	ESCORPION
665	OSA MAYOR
666	ORION
667	LA CIMA AV
668	FELIX MENDELHSON
669	LUDWIG VAN BEETHOVEN
670	HECTOR BERLIOZ
671	SABINOS
672	PALOMA
673	GRAL MANUEL GONZALEZ
674	JUAN DEL CARMEN
675	BOSQUE DE LOS CEDROS AV
676	PLAYA DE HORNOS
677	PASEO VALLE REAL BLV
678	COLONIA LA TUZANIA
679	COLONIA LA VENTA DEL ASTILLERO
680	JILGUEROS NEXTIPAC
681	GOLONDRINA NEXTIPAC
682	MONTEMORELOS
683	AGUILAR FIGUEROA
684	CALLE 3 COL LOMA BONITA
685	PERLA
686	RIO VERDE COL LOMA BONITA EJIDAL
687	PASEO DEL ACANTILADO
688	LIBRA COL LOMAS ALTAS
689	ESCULTORES
690	SANTO TOMAS DE AQUINO
691	PATAGONIA
692	COVADONGA
693	DURCAL
694	FRENTE PARROQUIA SAN JUAN MACIAS
695	PASEO LOMAS DEL BOSQUE
696	LAZARO CARDENAS COL LOMAS DEL COLLI
697	COLONIA LOMAS DEL SEMINARIO
698	PASEO LOMA ANCHA
699	PASEO LOMA LARGA
700	COLONIA RESIDENCIAL LOS FRAILES
701	JOSE MANZANO BRISEO
702	MIGUEL DE UNAMUNO
703	BRUNO TRAVEN
704	COLONIA LOS ROBLES
705	COLONIA LOS SAUCES
706	LA CARDONA
707	JAVIER MINA COL MARIANO OTERO
708	SIENITA
709	PLATANO
710	TLAHUAC
711	ALFONSO PADILLA
712	INDIGENA
713	NICOLAS BRAVO COL MIGUEL DE LA MADRID
714	JOSE LOPEZ PORTILLO COL MIGUEL DE LA MADRID
715	PUERTO TAMPICO
716	PASEO DE LAS AVES
717	SHAMASH
718	AMANECER
719	OASIS
720	PUERTO RICO
721	PUERTO ISLA MUJERES
722	BAHIA CHAMELA
723	ATOTONILCO PRIV
724	VALLE DE MEXICO
725	IMPERIO AV
726	LA BARCA
727	TUXPAN
728	PINTORES COL NUEVO VERGEL
729	FRANCISCO VILLA COL PALMA REAL
730	CHICOZAPOTE COL PARAISOS DEL COLLI
731	GALEANA COL PARAISOS DEL COLLI
732	LAUREL COL PARAISOS DEL COLLI
733	NISPEROS
734	PEDRO MARTINEZ RIVAS
735	FERNANDO ARANGUREN
736	CAMINO AL ITESO
737	PASEO DEL TRAFICO
738	PARQUE DEL ENCINO
739	PARQUE DE LAS ESTRELLAS AV
740	SANTA MONICA ZAP
741	COLONIA PARQUES DE ZAPOPAN
742	GONZALEZ GALLO COL PARQUES DEL AUDITORIO
743	RINCONADA DEL CAMICHIN
744	TOMAS BALCAZAR BLV
745	JESUS SANCHEZ CARRILLO
746	FELIPE ZETTER
747	PASEO LOMAS ALTAS
748	TUXTLA
749	MAYAPAN
750	VALLE DE ATEMAJAC COL LAS AGUILAS
751	TZINTZUNTZAN
752	PIRAMIDES DEL SOL
753	MISION DE SAN ANTONIO
754	PEDRO ALARCON
755	COLONIA PRADOS DE SANTA LUCIA
756	PRADO TABACHINES
757	A LAS COLINAS
758	A LAS MONTAAS
759	COLONIA PRADOS VALLARTA
760	ALBERTA
761	DE LAS FLORES BLV
762	FRENTE A CHEDRAUI
763	SALVADOR MADARIAGA
764	ECA DO QUEIROS
765	REAL ACUEDUCTO AV
766	COLONIA QUINTA DEL FEDERALISMO
767	PASEO DEL PRADO
768	MISION DE SANTO TOMAS
769	CALIXTO QUIRARTE VILLASEOR
770	JOSE MARIA ESCRIVA DE BALAGUER
771	LA GRANA
772	JOSE DE JESUS HUERTA
773	GUILLERMO GONZALEZ CAMARENA
774	COLONIA RESIDENCIAL PONIENTE
775	JOSE CASAL
776	PASEO DEL BOSQUE
777	LA CUEVA PRIV
778	PUERTA DE HIERRO BLV
779	ZAFIRO
780	COLONIA RESIDENCIAL VICTORIA
781	FRANCISCO VILLA COL LOMA BONITA EJIDAL
782	DIAMANTE
783	RINCONADA DE LA ORQUIDEA
784	RINCONADA DE LA CAMELIA
785	LEOPOLDO PADILLA
786	VALLE DE LOS HELECHOS
787	RINCONADA DE LOS CEDROS
788	CAMICHINES COL CIUDAD GRANJA
789	RAMON CORONA COL SAN AGUSTIN
790	SAN FLORENCIO
791	FRAY TORIBIO DE MOTOLINIA
792	FRAY BERNARDO COUSSIN
793	LIBERTAD ZAP
794	SABINO DELGADO
795	REFORMA COL SAN ISIDRO EJIDAL
796	LUCIO BLANCO COL SAN ISIDRO EJIDAL
797	LAZARO CARDENAS COL SAN ISIDRO EJIDAL
798	PASEO DE LAS PALMAS
799	ACERO
800	FRENTE AL 2197 OCOTAN
801	EMILIANO ZAPATA OCOTAN
802	OCAMPO COL OCOTAN
803	OCAMPO OCOTAN
804	RAMON CORONA OCOTAN
805	SENDA DE LAS PALMAS
806	COLONIA SAN JUAN DE OCOTAN
807	COLONIA SAN JOSE DEL TAJO
808	EL MIXTON
809	VICENTE GUERRERO SANTA ANA TEPETITLAN
810	HERRERA Y CAIRO ZAP
811	SANTA CLARA COL SANTA MARGARITA
812	SANTA MARTHA COL SANTA MARGARITA
813	SANTA LUCRECIA
814	N.D.
815	MORELOS COL SANTA MARIA DEL PUEBLITO
816	INDEPENDENCIA COL SANTA MARIA DEL PUEBLITO
817	ALLENDE ZAP
818	MANANTIAL NEXTIPAC
819	SALTO DEL AGUA
820	C 4 COL SEATTLE
821	ENCINOS TESISTAN
822	PASEO DE LAS SECOYAS
823	PASEO DE LOS CASTAOS
824	PASEO DE LOS SABINOS
825	PASEO DE LOS TEJOCOTES
826	PASEO DE LOS ALERCES
827	PASEO DE LAS PALMERAS
828	PASEOS DE LOS ALMENDROS
829	PASEO DE LOS TILOS
830	PASEO DE LOS OYAMELES
831	SARCOFAGO
832	JESUS MACIAS PRIV
833	GOMEZ FARIAS UNIDAD REPUBLICA
834	ABASOLO COL CENTRO ZAP
835	HIPICO COL CIUDAD GRANJA
836	DANTE ALIGHIERI
837	VALLE DE ZAPOTLAN
838	OZ
839	VALLE DE LA BARCA
840	VALLE DE ZAPOPAN
841	VALLE DE LA LUNA
842	SAN MIGUEL COL VALLE DE NUEVO MEXICO
843	FRANCISCO I MADERO COL VALLE DE SAN NICOLAS
844	COLONIA VALLE ESMERALDA
845	COLONIA VALLE IMPERIAL
846	VALLE IMPERIAL BLV
847	C 2A NORTE 
848	LAS FLORES COL EL BATAN
849	FRANCISCO VILLA COL VICTOR HUGO
850	CORPEA
851	PIPILA ZAP
852	TIMOTEO VELAZQUEZ
853	PABLO NERUDA
854	CEJA DE LA BARRANCA
855	CALLEJON DEL ANGEL
856	FRENTE A UAG
857	SABINOS COL VILLAS DE LA LOMA
858	CONSTITUYENTES ZAP
859	CONSTITUCION ZAP
860	VALLE DE SAN ISIDRO AV
861	SILVIA
862	ABEL SALGADO
863	CARLOS MERIDA
864	SAN CRISTOBAL COL SEATTLE
865	COLONIA COLINAS DE SAN JAVIER
866	PASEO DE LA NORIA
867	COLONIA ANDARES
868	OLIVOS COL EL VERGEL
869	COLONIA TABACHINES
870	ESTEBAN VACA CALDERON PRIV
871	LIC LUIS MANUEL ROJAS
872	SOR JUANA INES DE LA CRUZ COL LA CORONILLA
873	VILLAS PANAMERICANAS
874	JOSE PALOMAR
875	RAMON CORONA COL EL B ATAN
876	FLORESTA COL EL BRISEO
877	COLONIA EL BRISEO
878	SAN ANTONIO COL LAS AMAPAS
879	LA CAMPIA
880	VOLCAN COFRE DE PEROTE
881	EL COLLI AV
882	COLONIA EL FORTIN
883	PUESTA DEL SOL COL EL FORTIN
884	FRANCISCO I MADERO COL EL FORTIN
885	HIDALGO COL EL MANTE
886	MICHOACAN COL EL MANTE
887	VALLE DEL BRAVO COL EL PALOMAR
888	RINCONADAS
889	ANAHUAC COL EL VIGIA
890	CUAUHTEMOC COL CENTRO ZAP
891	SAN PABLO COL EX HACIENDA DE LA MORA
892	JOSE JESUS HUERTA
893	CAPILLA COL GUADALUPE INN
894	PEDRO RAMIREZ
895	BLEMES
896	SEGUNDA NORTE COL JARDINES DE GUADALUPE
897	EMILIANO ZAPATA COL NUEVO MEXICO
898	TULIPANES COL JARDINES DE NUEVO MEXICO
899	SAN IGNACIO
900	FRENTE A LOS VIVEROS COL TABACHINES
901	VALLE DE GUADALUPE COL JARDINES DEL VALLE
902	COLONIA JARDINES DEL VALLE
903	VALLE DE MEXICO AV
904	SAN FELIPE ZAP
905	VALLE DE LOS ZENZONTLES
906	DEL VERGEL AV
907	FEDOR DOSTOIESVSKY
908	RAMON DEL VALLE INCLAN
909	ALEJANDRO DUMAS
910	ALLENDE COL JOCOTAN
911	DURAZNOS COL LA ARBOLEDA
912	VALLE DE ATEMAJAC
913	SAGITARIO
914	ROBERT SEHUMANN
915	PEDRO GONZALEZ
916	MAESTROS COL LOS OCOTES
917	LEON DE LA TORRE
918	RIZO AYALA
919	SAN FRANCISCO COL LA MORA
920	PLAN DE AYUTLA
921	COLONIA LA PERIQUERA
922	RAMAL DE LA TIJERA
923	SAN JUAN COL LAS AMAPAS
924	RIO TEQUILA
925	SIERRA DE CUALE
926	RIO TUITO COL LAS AGUILAS
927	SIERRA DE TAPALPA
928	COLONIA LAS CAADAS
929	COLONIA CENTRO ZAP
930	BELLAVISTA COL CENTRO ZAP
931	SALMON
932	LOMAS DEL CAMINO
933	LOMAS VERDES
934	REAL DEL NORTE
935	COLONIA LOMAS DEL VALLE
936	LA PALMA COL LOS ALAMITOS
937	COLONIA LAS AMAPAS
938	VALLADOLID
939	FRAYLES
940	SANTA MERCEDES ZAP
941	REPORTEROS
942	PINOS AV
943	TAURO COL LOMAS ALTAS
944	DEL TIGRE
945	JARALES
946	COLONIA MESA COLORADA
947	RODRIGO DE LA CRUZ
948	OZTOTL COL MESA COLORADA
949	PASEO DE LOS OCOTES
950	COMPOSITORES
951	PUERTO PEASCO
952	PUERTO MAZATLAN
953	PUERTO MARQUEZ
954	MISION DE SAN JOSE
955	COLONIA MONRAZ
956	RAMON CORONA COL NEXTIPAC
957	AGUA FRIA
958	SEPTIMA PONIENTE COL JARDINES NUEVO MEXICO
959	SEGUNDA PONIENTE COL NUEVO MEXICO
960	ATOTONILCO COL NUEVO MEXICO
961	CUARTA NORTE COL JARDINES NUEVO MEXICO
962	TERCERA PONIENTE
963	SIDRA COL PARAISOS DEL COLLI
964	MANGO COL PARAISOS DEL COLLI
965	VALLE DE CUQUIO
966	GUILLERMO MEMO GARIBAY
967	SAN MATEO
968	SALVADOR VARGAS
969	COLONIA PASEOS UNIVERSIDAD
970	LOMA ALTA
971	CORRESPONSALES
972	NONOALCO
973	URANO SAN RAMON GOMEZ
974	DR SANTIAGO MENDEZ BRAVO
975	PRADO DE LAS JACARANDAS
976	FRENTE A PLAZA ACUEDUCTO
977	EMPRESARIOS
978	LAS LOMAS COL PUERTA DE HIERRO
979	GONZALEZ CAMARENA COL PUERTA DE HIERRO
980	COLONIA PUERTA DEL LLANO
981	JOSE MARIA CASTILLO PORTUGAL
982	GABRIELLE DANNUNZIO
983	COLONIA RESIDENCIAL LOMA BONITA
984	MISION DE SAN LORENZO
985	COLONIA RINCONADA NOVELISTA
986	LEANDRO VALLE
987	PLATA COL SAN ISIDRO EJIDAL
988	PLATA
989	HIERRO COL SAN JOSE DEL BAJIO
990	ANTIMONIO
991	PARRAL COL SAN JUAN DE OCOTAN
992	JOAQUIN ANGULO
993	SAN FRANCISCO SAN JUAN OCOTAN
994	MORELOS SANTA ANA TEPETITLAN
995	EMILIANO ZAPATA COL SANTA FE
996	DE LA PRESA AV COL SANTA LUCIA
997	RAMON CORONA COL SANTA LUCIA
998	SANTA CLARA
999	MANUEL ACUA SANTA MARIA DEL PUEBLITO
1000	TOMAS FIGUEROA
1001	FRENTE AL TEC MILENIO
1002	CAMINO A LAS PALMAS
1003	HILO BLANCO
1004	COLONIA TUZANIA
1005	ISABEL LA CATOLICA
1006	NELSON
1007	ALDOUX HUXLEY
1008	VALLE DE COPALA
1009	VALLE DE LOS MOLINOS
1010	IMPERIAL AV
1011	COLONIA VALLE REAL
1012	ANTIGUO CAMINO A COPALITA
1013	RAMON CORONA TLAJ
1014	VERDE VALLE AV
1015	CORPEA AV
1016	BENITO JUAREZ COL VICTOR HUGO
1017	PERA
1018	CASIANO TORRES
1019	SAN PEDRO COL VILLAS DE GUADALUPE
1020	BELEN COL VILLAS DE LA LOMA
1021	INDUSTRIA DE LA CONSTRUCCION
1022	PASEO DE LOS ROBLES
1023	RIO TIBER
1024	RUBI
1025	FRENTE AL 123
1026	PUENTE DEL TUTELAR
1027	PASEO DE LOS FRESNOS
1028	VOLCAN TOLIMAN
1029	MARIPOSA COL COPALITA
1030	LAS FUENTES AV
1031	DURAZNO COL PARAISOS DEL COLLI
1032	RAMON PADILLA SANCHEZ
1033	FUENTE GRANITO
1034	HACIENDA DE LAS HORTENSIAS
1035	BELLAVISTA
1036	MANUEL GARCIA
1037	TEOTIHUACAN
1038	FRENTE A WALMART
1039	LAGUNA DE PESCADORES
1040	ANASTASIO BUSTAMANTE
1041	CONSTITUCION COL CENTRO ZAP
1042	ARANDAS
1043	DE LAS ROSAS ZAP
1044	OCAMPO COL COLONIAL TLAQ
1045	PUERTO SALINA CRUZ
1046	SANTA TERESA COL SANTA MARGARITA
1047	GRANADITAS
1048	GUADALUPE VICTORIA COL CENTRO ZAP
1049	PASEO DE LOS COLORINES
1050	JUAN MANUEL ZAP
1051	SIERRA DE QUILA
1052	LAGO TEQUESQUITENGO
1053	TUYAS
1054	SANTOS DEGOLLADO
1055	CARRILES CENTRALES
1056	GRAL MANUEL AMAYA
1057	AHUIZOTL
1058	BOTICELLI
1059	PASEO DEL ARROYO
1060	1 DE NOVIEMBRE
1061	ORQUIDEA COL AGRICOLA
1062	PONIENTE BLV
1063	TIMOTEO TORRES
1064	CASTILLO DE CHAPULTEPEC
1065	ALAMO COL JARDINES NUEVO MEXICO
1066	JUCHIPILA
1067	PASEO DE LOS CHOPOS
1068	PERIODISTAS
1069	COLEGIO MILITAR
1070	ALTURA DEL AEROPUERTO
1071	DR ANGEL LEAO
1072	BECERRA Y TANIO
1073	CENTRAL NUEVA
1074	YAISON
1075	VALLARTA
1076	SAN PEDRO
1077	VOLCAN JORULLO
1078	RASTRO GUADALAJARA
1079	SAN AGUSTIN
1080	PRESA VALSEQUILLO
1081	PARRES ARIAS
1082	PASEOS DEL SOL
1083	LITURGIO
1084	PROLONGACION RIO BLANCO
1085	AFUERA DE TV AZTECA
1086	SANTA MONICA
1087	VALDEPEAS
1088	GARBANZO
1089	OBREROS DE CANANCEA
1090	JORULLO
1091	LAS CALANDRIAS
1092	FEDERALISTAS AV
1093	SOFIA CAMARENA
1094	REPUBLICA DE GUAYANA
\.


--
-- Data for Name: subbrand; Type: TABLE DATA; Schema: public; Owner: admin
--

COPY public.subbrand (id, name) FROM stdin;
1	MB
2	TRACKER
3	PATHFINDER
4	JEEP
5	MOTOCICLETA
6	VOYAGER
7	CHEVY NOVA
8	CAJA CERRADA
9	GOLF
10	GT 150 CC
11	TSURU
12	TIIDA
13	PICK UP
14	CUTLAS
15	RAM 
16	ESTACAS
17	MAXI
18	FRONTIER
19	CAJA
20	CX5
21	CHEVY
22	TRAILER
23	FIAT
24	AVEO
25	LOBO
26	NEON
27	SIENNA
28	URBANO
29	VERSA
30	3 TONELADAS
31	N.D.
32	TION
33	CONTUR
34	SEDAN
35	CAMION
36	GRUA
37	SPORT
38	NP 300
39	DINA
40	SEAT
41	TRACTO CAMION
42	CLIO
43	SINDATOS
44	POINTER
45	150CC
46	301
47	CX3
48	NP300
49	ASTRO VAN
50	MAVERICK
51	125 CC
52	TRACTOR
53	TIGUAN
54	ESCAPE
55	CAVALIER
56	SILVERADO
57	MIDIBUS
58	BLAZER UTLILITY
59	VANETT
60	AUTOBUS
61	JETTA
62	ATITUDE
63	PICKUP
64	CHASIS
65	CIVIC
66	BEAT
67	OICK UP
68	CAMIONETA
69	MOTO
70	FORTE
71	PANEL
72	XTERRA
73	SONIC
74	MARC
75	SPORTAGE
76	INFINITI Q 50
77	REDILLAS
78	SERIE 3
79	FARGO
80	MARCH
81	COROLLA
82	ZEPHY
83	CITY
84	F150
85	TRAX
86	CRV
87	ATLANTIC
88	120 I
89	FIT
90	TSUBAME
91	OPTIMA
92	RAV 4
93	COUGAR
94	MAZDA 3
95	HILUX
96	ESTACASQ
97	MALIBU
98	FIGO
99	TRANSIT
100	R12
101	VW
102	TOYOTA
103	F3
104	FIESTA
105	ALTIMA
106	CAMION REPARTIDOR
107	CHASIS CABINA
108	KICKS
109	DURANGO
110	MICROBUS
111	CX9
112	MATIZ
113	ECOSPORT
114	VENTO
115	MONDEO
116	CHEOKE
117	SETROCU
118	CARIBE
119	M BENZ
120	YARIS
121	DART
122	MAZDA 4
123	FOCUS
124	I10
125	125
126	NEY YORKER
127	TORNADO
128	SHADOW
129	RANGER
130	STRATUS
131	F200
132	FORTWOR
133	SENTRA
134	RAM
135	STEPWAY
136	CITATION
137	TRACKERR
138	VAN
139	CONTROLO DELANTERO
140	330
141	ASTRA
142	VERSA 
143	CAMRY
144	AUDI 4
145	EXPEDITION
146	200 CC
147	GRAN 
148	VGTA
149	SPARK
150	LAUCER
151	ACURA
152	SPIRIT
153	C1500
154	ADVANCE
155	XTRAIL
156	AUTO
157	CENTURY
158	TIGUAS
159	HIACE
160	LE BARON
161	KODIAK
162	GRND MARQUIS
163	CHASSIS
164	TRACTO
165	FAIRMONT
166	PLATINA
167	MITSUBISHI
168	ATTITUDE
169	CORSA
170	EHR
171	ICHI VAN
172	CAMARO
173	URBAN
174	F 150
175	SERIE 5
176	ELITE MOTO
177	H100
178	CHEVYPOP
179	MERIVA
180	SMITT
181	SAFARI
182	CHALLENGER
183	TACOMA
184	ITALIKA
185	COURIER
186	3
187	JETTA MK
188	LTD
189	MERCEDES BENZ
190	WRANGLER
191	SPRINTER
192	PACER
193	125CL
194	LEBARON
195	TORTON
196	MOTO 125CC
197	ACCORD
198	DELABTERA
199	PRIUS
200	ASTRO
201	ODISSEY
202	HYUNDAI
203	XTARIL
204	RAM VAN
205	OMNIBUS
206	EPACE
207	AUDI
208	MUSTANG
209	MAZDA
210	ESCORT
211	AVENT
212	KA
213	GMC
214	REDILAS
215	EXPLORER
216	DUSTER
217	TOURING
218	GUAYIN
219	VAN EXPRES
220	ARIES
221	POLO
222	AZUZUZU
223	RIO
224	I 10
225	REPARTIDOR
226	TROLEBUS
227	CHASIS CONTROL DELAN
228	VOLTEO
229	VELEBRITY
230	LOGAN
231	CELDILLAS
232	MIRAGE
233	ECONOLINE
234	CONTROL D
235	GM
236	SWIFT
237	CADDY VAN
238	CRETA
239	CHEV 
240	IKON
241	CELEBRITY
242	PATRIOT
243	SPRK
244	OLDSMOBILE
245	RANGER PICK UP
246	Z3
247	NOVA
248	PRYUS
249	X5
250	HIGHLINER
251	ESTRATUS
252	FREIGHTLINER
253	LEON
254	F350
255	400
256	COROLA
257	BLAZER
258	SUBURBAN
259	SAVEIRO
260	12YCC
261	TOPAZ
262	LINCOLN
263	ACCOR
264	TOLEDO
265	YOYAGER
266	GRAND I10
267	CRV6
268	SERIE 1
269	GRAND VOYAGER
270	BICICLETA
271	CHRYSLER
272	ODISEY
273	VERANO
274	SOUL
275	F350 
276	SUPER DUTY
277	COUTLAS SEDAN
278	PI9CK UP
279	150 CC
280	COMBI
281	HRV
282	REGAL LTD
283	GOL
284	CHEEROKEE
285	DAKOTA
286	ACAPULCO
287	CONTROL DELANTERO
288	RAV4
289	CONTROL
290	MOTICICLETA
291	CHEROKEE
292	WINDSTAR
293	CLA250
294	MS550I
295	MINI
296	RONNER
297	CUSTOM
298	CUTLASS
299	F250
300	5TA RUEDA
301	VECTRA
302	JOURNEY
303	MOTO 
304	IBIZA
305	BARRERA
306	SUBWEY
307	VOYAGUE
308	AVENGER
309	KIZALT
310	CRUZE
311	BRASILIA
312	PONTIAK
313	PULSAR
314	MYSTIQUE
315	ROJO
316	IMPALA
317	GLE350
318	MODELO X5
319	RAV
320	REMOLQUE
321	FT150
322	MINIBUS
323	PHANTOM
324	RE
325	FIGO 
326	CARAVAN
327	205CC
328	PARTNER
329	SAKURA
330	CHEVROLET
331	6
332	DUSTEM
333	SIERRA
334	BORA
335	IGNIS
336	KING CAB
337	MANAGER
338	AMRICAN
339	CHARGER
340	MINI COOPER
341	INTREPID
342	DERVY
343	FUSION
344	VOLER
345	CD
346	PLATAFORMA
347	LINNER
348	ESTACS
349	ALBARRAN
350	CAJA SRCA
351	GRIS
352	ELANTRA
353	VOLARE
354	350RD
355	KING KAB
356	GEO
357	TSURU 
358	650 CC
359	X25
360	125 CC MOTO
361	SWIF
362	Q7
363	VILLAGER
364	510
365	KOLEOS
366	CONT DEL
367	AVANZA
368	323
369	S 90
370	ML
371	FE5
372	DISCOVERI
373	A1
374	VERNA
375	LIMITED
376	GL150
377	EST
378	EQUINOX
379	CARABAN
380	MUDANZA
381	450 SUPERD DUTY
382	PASSAT
383	BEETLE
384	GLC200
385	RAM3500
386	CHESIS
387	125CC
388	AUDI Q5
389	250CC
390	CX 35
391	ACORD
392	M2COUPE
393	SUBUERBAN
394	PASAJEROS
395	SRX
396	SART SEDAN
397	CX 5
398	CX 9
399	D600
400	CORDOVA
401	BENZ
402	TAHOE
403	CTL DEL
404	LOBO F 150
405	SERIE 2
406	X4
407	MATRIX
408	VENTURE
409	ODYSEY
410	SORENTO
411	CAJA SECA
412	2201A
413	PICK UP 
414	CHEROKE
415	GRAND CHEROKEE
416	VOLVO
417	BAJAJ 200CC
418	TSURV
419	CELEBRYTY
420	GRAND MARQUIS
421	VAGONETA
422	SCORT
423	T3
424	SESTICOZOME
425	STERLING
426	XRSTATION
427	HIGHLANDER
428	BEATLE
429	CROSSFOR
430	LANCER
431	DOBLE CABINA
432	INTERNATIONAL
433	HINO
434	F 350
435	TLEDO
436	OLDSMIBILE
437	TP
438	GRAND CARAVAN
439	LOCOMOTORA
440	OMMNIBUS
441	SMART
442	R26
443	S10
444	T COUNTRY
445	GRAND VITARA
446	SANDERO
447	MERCEDES
448	GHIA
449	RAM 2500
450	WINSTARD
451	TRAYLER
452	125CC MOTO
453	RAM CHERGER
454	SISTERNA
455	CREW CAB
456	JUKE
457	MOTO 150 CC
458	SD
459	CHEYENNE
460	CARGO 150 CC
461	INTERNACIONAL
462	ESTAQUITAS
463	200 CC PULSA
464	Q
465	DART K
466	90 CC
467	X 4
468	CX7
469	SORETO
470	TORRENTO
471	C 5
472	DINA 
473	A200
474	F500
475	EDGE
476	CARGO
477	OMITIO
478	MAZDA CXC
479	ALTITUD
480	ELITE  80
481	SPAK
482	118IA
483	OROCIT 4
484	MONZA
485	AUDI  A1
486	TURBO
487	PACIFICA
488	PIPA
489	ICHIVAN
490	CAMION CHASIS
491	435
492	C15
493	LTDCROW VICTORIA
494	COUGER
495	FIAT 600
496	PANEL 
497	COLORADO
498	150
499	CABINA
500	TIDDA
501	TRAC
502	CHEV
503	MOTOCILCETA
504	ACCENT
505	ATTITUD
506	RAM 150 
507	RAMCHARGER
508	DAR SPORT
509	RODEO
510	C 4
511	100CC
512	LINCON
513	GL500
514	TUCSON
515	CABINA CHASIS
516	EXPIDITION
517	MAXIMA
518	CORVETTE
519	VENT
520	ML350
521	BLINDADA
522	DERBY
523	120
524	MAZDA3
525	MINICOOPER
526	VISION
527	C200
528	T
529	F 250
530	CHEVY POP
531	TRACTOR T3
532	150 CC MOTO
533	GLA200
534	500 CC
535	MINI COPER
536	ZX6
537	SAVERO
538	ROGUE
539	C250
540	MITSUBICHI
541	PEUGEOT
542	ESPECIAL
543	GRAND CHEROKE
544	YUKON
545	GRAN CHEROKE
546	HILIUX
547	CALIBER
548	PILOT
549	AUDI 2
550	TOOL
551	REVOLVEDORA
552	CORSAR
553	FORD
554	SPARTAGE
555	VULCAN
556	SPOTVAN
557	TIDA
558	JETA
559	GLE500
560	CROSFOX
561	FERRAIN
562	MIIBUS
563	SUPER
564	CROSFORX
565	SPAREK
566	BRAVADA
567	CAIONETA
568	TUNDRA
569	COUTLAS
570	HIKARI
571	GRETA
572	TOW COUNTRY
573	SCALA
574	JF 300
575	TOWA
576	ECO
577	C
578	QUINTA RUEDA
579	FT125
580	A3
581	200
582	SCENIC
583	C 3
\.


--
-- Name: accident_id_seq; Type: SEQUENCE SET; Schema: public; Owner: admin
--

SELECT pg_catalog.setval('public.accident_id_seq', 2532, true);


--
-- Name: accident_type_id_seq; Type: SEQUENCE SET; Schema: public; Owner: admin
--

SELECT pg_catalog.setval('public.accident_type_id_seq', 10, true);


--
-- Name: affected_id_seq; Type: SEQUENCE SET; Schema: public; Owner: admin
--

SELECT pg_catalog.setval('public.affected_id_seq', 2532, true);


--
-- Name: brand_id_seq; Type: SEQUENCE SET; Schema: public; Owner: admin
--

SELECT pg_catalog.setval('public.brand_id_seq', 67, true);


--
-- Name: car_id_seq; Type: SEQUENCE SET; Schema: public; Owner: admin
--

SELECT pg_catalog.setval('public.car_id_seq', 2533, true);


--
-- Name: car_type_id_seq; Type: SEQUENCE SET; Schema: public; Owner: admin
--

SELECT pg_catalog.setval('public.car_type_id_seq', 13, true);


--
-- Name: cause_id_seq; Type: SEQUENCE SET; Schema: public; Owner: admin
--

SELECT pg_catalog.setval('public.cause_id_seq', 13, true);


--
-- Name: detail_id_seq; Type: SEQUENCE SET; Schema: public; Owner: admin
--

SELECT pg_catalog.setval('public.detail_id_seq', 2532, true);


--
-- Name: municipality_id_seq; Type: SEQUENCE SET; Schema: public; Owner: admin
--

SELECT pg_catalog.setval('public.municipality_id_seq', 1, true);


--
-- Name: neighborhood_id_seq; Type: SEQUENCE SET; Schema: public; Owner: admin
--

SELECT pg_catalog.setval('public.neighborhood_id_seq', 598, true);


--
-- Name: place_id_seq; Type: SEQUENCE SET; Schema: public; Owner: admin
--

SELECT pg_catalog.setval('public.place_id_seq', 1170, true);


--
-- Name: route_id_seq; Type: SEQUENCE SET; Schema: public; Owner: admin
--

SELECT pg_catalog.setval('public.route_id_seq', 25, true);


--
-- Name: street_id_seq; Type: SEQUENCE SET; Schema: public; Owner: admin
--

SELECT pg_catalog.setval('public.street_id_seq', 1094, true);


--
-- Name: subbrand_id_seq; Type: SEQUENCE SET; Schema: public; Owner: admin
--

SELECT pg_catalog.setval('public.subbrand_id_seq', 583, true);


--
-- Name: accident accident_pkey; Type: CONSTRAINT; Schema: public; Owner: admin
--

ALTER TABLE ONLY public.accident
    ADD CONSTRAINT accident_pkey PRIMARY KEY (id);


--
-- Name: accident_type accident_type_pkey; Type: CONSTRAINT; Schema: public; Owner: admin
--

ALTER TABLE ONLY public.accident_type
    ADD CONSTRAINT accident_type_pkey PRIMARY KEY (id);


--
-- Name: affected affected_pkey; Type: CONSTRAINT; Schema: public; Owner: admin
--

ALTER TABLE ONLY public.affected
    ADD CONSTRAINT affected_pkey PRIMARY KEY (id);


--
-- Name: alembic_version alembic_version_pkc; Type: CONSTRAINT; Schema: public; Owner: admin
--

ALTER TABLE ONLY public.alembic_version
    ADD CONSTRAINT alembic_version_pkc PRIMARY KEY (version_num);


--
-- Name: brand brand_pkey; Type: CONSTRAINT; Schema: public; Owner: admin
--

ALTER TABLE ONLY public.brand
    ADD CONSTRAINT brand_pkey PRIMARY KEY (id);


--
-- Name: car car_pkey; Type: CONSTRAINT; Schema: public; Owner: admin
--

ALTER TABLE ONLY public.car
    ADD CONSTRAINT car_pkey PRIMARY KEY (id);


--
-- Name: car_type car_type_pkey; Type: CONSTRAINT; Schema: public; Owner: admin
--

ALTER TABLE ONLY public.car_type
    ADD CONSTRAINT car_type_pkey PRIMARY KEY (id);


--
-- Name: cause cause_pkey; Type: CONSTRAINT; Schema: public; Owner: admin
--

ALTER TABLE ONLY public.cause
    ADD CONSTRAINT cause_pkey PRIMARY KEY (id);


--
-- Name: detail detail_pkey; Type: CONSTRAINT; Schema: public; Owner: admin
--

ALTER TABLE ONLY public.detail
    ADD CONSTRAINT detail_pkey PRIMARY KEY (id);


--
-- Name: municipality municipality_pkey; Type: CONSTRAINT; Schema: public; Owner: admin
--

ALTER TABLE ONLY public.municipality
    ADD CONSTRAINT municipality_pkey PRIMARY KEY (id);


--
-- Name: neighborhood neighborhood_pkey; Type: CONSTRAINT; Schema: public; Owner: admin
--

ALTER TABLE ONLY public.neighborhood
    ADD CONSTRAINT neighborhood_pkey PRIMARY KEY (id);


--
-- Name: place place_pkey; Type: CONSTRAINT; Schema: public; Owner: admin
--

ALTER TABLE ONLY public.place
    ADD CONSTRAINT place_pkey PRIMARY KEY (id);


--
-- Name: route route_pkey; Type: CONSTRAINT; Schema: public; Owner: admin
--

ALTER TABLE ONLY public.route
    ADD CONSTRAINT route_pkey PRIMARY KEY (id);


--
-- Name: street street_pkey; Type: CONSTRAINT; Schema: public; Owner: admin
--

ALTER TABLE ONLY public.street
    ADD CONSTRAINT street_pkey PRIMARY KEY (id);


--
-- Name: subbrand subbrand_pkey; Type: CONSTRAINT; Schema: public; Owner: admin
--

ALTER TABLE ONLY public.subbrand
    ADD CONSTRAINT subbrand_pkey PRIMARY KEY (id);


--
-- Name: accident accident_accident_type_id_fkey; Type: FK CONSTRAINT; Schema: public; Owner: admin
--

ALTER TABLE ONLY public.accident
    ADD CONSTRAINT accident_accident_type_id_fkey FOREIGN KEY (accident_type_id) REFERENCES public.accident_type(id);


--
-- Name: accident accident_affected_id_fkey; Type: FK CONSTRAINT; Schema: public; Owner: admin
--

ALTER TABLE ONLY public.accident
    ADD CONSTRAINT accident_affected_id_fkey FOREIGN KEY (affected_id) REFERENCES public.affected(id);


--
-- Name: accident accident_car_id_fkey; Type: FK CONSTRAINT; Schema: public; Owner: admin
--

ALTER TABLE ONLY public.accident
    ADD CONSTRAINT accident_car_id_fkey FOREIGN KEY (car_id) REFERENCES public.car(id);


--
-- Name: accident accident_cause_id_fkey; Type: FK CONSTRAINT; Schema: public; Owner: admin
--

ALTER TABLE ONLY public.accident
    ADD CONSTRAINT accident_cause_id_fkey FOREIGN KEY (cause_id) REFERENCES public.cause(id);


--
-- Name: accident accident_detail_id_fkey; Type: FK CONSTRAINT; Schema: public; Owner: admin
--

ALTER TABLE ONLY public.accident
    ADD CONSTRAINT accident_detail_id_fkey FOREIGN KEY (detail_id) REFERENCES public.detail(id);


--
-- Name: accident accident_place_id_fkey; Type: FK CONSTRAINT; Schema: public; Owner: admin
--

ALTER TABLE ONLY public.accident
    ADD CONSTRAINT accident_place_id_fkey FOREIGN KEY (place_id) REFERENCES public.place(id);


--
-- Name: accident accident_route_id_fkey; Type: FK CONSTRAINT; Schema: public; Owner: admin
--

ALTER TABLE ONLY public.accident
    ADD CONSTRAINT accident_route_id_fkey FOREIGN KEY (route_id) REFERENCES public.route(id);


--
-- Name: car car_brand_id_fkey; Type: FK CONSTRAINT; Schema: public; Owner: admin
--

ALTER TABLE ONLY public.car
    ADD CONSTRAINT car_brand_id_fkey FOREIGN KEY (brand_id) REFERENCES public.brand(id);


--
-- Name: car car_car_type_id_fkey; Type: FK CONSTRAINT; Schema: public; Owner: admin
--

ALTER TABLE ONLY public.car
    ADD CONSTRAINT car_car_type_id_fkey FOREIGN KEY (car_type_id) REFERENCES public.car_type(id);


--
-- Name: car car_subbrand_id_fkey; Type: FK CONSTRAINT; Schema: public; Owner: admin
--

ALTER TABLE ONLY public.car
    ADD CONSTRAINT car_subbrand_id_fkey FOREIGN KEY (subbrand_id) REFERENCES public.subbrand(id);


--
-- Name: place place_intersection_a_id_fkey; Type: FK CONSTRAINT; Schema: public; Owner: admin
--

ALTER TABLE ONLY public.place
    ADD CONSTRAINT place_intersection_a_id_fkey FOREIGN KEY (intersection_a_id) REFERENCES public.street(id);


--
-- Name: place place_intersection_b_id_fkey; Type: FK CONSTRAINT; Schema: public; Owner: admin
--

ALTER TABLE ONLY public.place
    ADD CONSTRAINT place_intersection_b_id_fkey FOREIGN KEY (intersection_b_id) REFERENCES public.street(id);


--
-- Name: place place_municipality_id_fkey; Type: FK CONSTRAINT; Schema: public; Owner: admin
--

ALTER TABLE ONLY public.place
    ADD CONSTRAINT place_municipality_id_fkey FOREIGN KEY (municipality_id) REFERENCES public.municipality(id);


--
-- Name: place place_neighborhood_id_fkey; Type: FK CONSTRAINT; Schema: public; Owner: admin
--

ALTER TABLE ONLY public.place
    ADD CONSTRAINT place_neighborhood_id_fkey FOREIGN KEY (neighborhood_id) REFERENCES public.neighborhood(id);


--
-- Name: place place_street_id_fkey; Type: FK CONSTRAINT; Schema: public; Owner: admin
--

ALTER TABLE ONLY public.place
    ADD CONSTRAINT place_street_id_fkey FOREIGN KEY (street_id) REFERENCES public.street(id);


--
-- adminQL database dump complete
--

